sig_i,entry_i,exit_i,dir,R,conviction,reason,dist,risk_pct,leg
119376,119377,119461,1,1.974470466350548,1.0,target,0.0031336255921665,0.002,RULE:smc_C
119469,119470,119472,-1,-1.0572735302834475,1.0,stop,0.0022698094452486,0.002,RULE:smc_C
124576,124577,124604,1,-1.0308020163470677,1.0,stop,0.0042205029221238,0.002,RULE:smc_C
131573,131574,131746,-1,1.9854009982627456,1.0,target,0.005479826733348,0.002,RULE:smc_C
132913,132914,132928,-1,1.9820328842717392,1.0,target,0.0044525788785434,0.002,RULE:smc_C
137510,137511,137530,1,1.979057616255509,1.0,target,0.0038200044930913,0.002,RULE:smc_C
139804,139805,139812,1,-1.0942750971741972,1.0,stop,0.0013789431556872,0.002,RULE:smc_C
141472,141473,141511,1,1.977674187276628,1.0,target,0.003583296204767,0.0025,RULE:smc_B
141732,141733,141762,-1,1.9725596404207133,1.0,target,0.0029154136908755,0.0025,RULE:smc_B
142044,142045,142062,-1,-1.05431667455003,1.0,stop,0.0023933718526962,0.0025,RULE:smc_B
142203,142204,142214,-1,-1.1050595469604858,1.0,stop,0.0012373934950338,0.0025,RULE:smc_B
142218,142219,142240,-1,1.9769688503363143,1.0,target,0.0034735565166397,0.0025,RULE:smc_B
142504,142505,142514,-1,-1.0362648783098485,1.0,stop,0.0035847355915379,0.0025,RULE:smc_B
142719,142720,142779,1,1.9799416554786748,1.0,target,0.0039883650375507,0.0025,RULE:smc_B
143695,143696,143743,-1,-1.0694593982856204,1.0,stop,0.0018715969790803,0.0025,RULE:smc_B
143821,143822,143840,-1,-1.0810515990421958,1.0,stop,0.0016039165363341,0.0025,RULE:smc_B
144831,144832,144838,-1,-1.0397470881458306,1.0,stop,0.0032706798425872,0.0025,RULE:smc_B
145864,145865,145910,1,1.980810480689095,1.0,target,0.0041689423639985,0.0025,RULE:smc_B
146053,146054,146097,-1,1.9695899332343976,1.0,target,0.0026307078053011,0.0025,RULE:smc_B
146653,146654,146699,-1,-1.035850442601395,1.0,stop,0.0036261755941346,0.0025,RULE:smc_B
147113,147114,147131,-1,-1.0519255140937045,1.0,stop,0.0025035861901243,0.0025,RULE:smc_B
148842,148843,148941,-1,1.9608016322831807,1.0,target,0.0020409013094102,0.0025,RULE:smc_B
150229,150230,150232,1,-1.122059318863308,1.0,stop,0.0010650559188003,0.0025,RULE:smc_B
150641,150642,150645,-1,-1.1185969848829582,1.0,stop,0.0010961492834611,0.0025,RULE:smc_B
152251,152252,152276,1,1.959776342717811,1.0,target,0.001988879316437,0.0025,RULE:smc_B
152738,152739,152758,1,-1.0697151076662743,1.0,stop,0.0018647321126206,0.0025,RULE:smc_B
153747,153748,153834,1,-1.042266902394282,1.0,stop,0.0030756926255777,0.0025,RULE:smc_B
155573,155574,155656,1,-1.0366602333745651,1.0,stop,0.0035460767167483,0.0025,RULE:smc_B
157391,157392,157394,-1,-1.045152690329936,1.0,stop,0.0028791196947552,0.0025,RULE:smc_B
157575,157576,157587,1,-1.045568283502993,1.0,stop,0.0028528614643026,0.0025,RULE:smc_B
157824,157825,157864,1,-1.0736600345537353,1.0,stop,0.0017648647708041,0.0025,RULE:smc_B
158739,158740,158793,-1,-1.056259115833555,1.0,stop,0.0023107366348364,0.0025,RULE:smc_B
159031,159032,159221,1,-1.0416553617118096,1.0,stop,0.00312084674476,0.0025,RULE:smc_B
159515,159516,159519,-1,-1.038439175871788,1.0,stop,0.0033819663676899,0.0025,RULE:smc_B
160678,160679,160687,-1,-1.052625493991444,1.0,stop,0.0024702856000029,0.0025,RULE:smc_B
161213,161214,161314,-1,-1.026674817482569,1.0,stop,0.0048735103842811,0.0025,RULE:smc_B
162685,162686,162762,-1,1.95722775147851,1.0,target,0.0018703716256536,0.0025,RULE:smc_B
162960,162961,163153,-1,0.7558999626638001,1.0,time,0.004418574103681,0.0025,RULE:smc_B
166515,166516,166528,1,1.465730860530016,1.0,target,0.0023344618872085,0.004,RULE:smc_C
167422,167423,167453,-1,-1.1315054276893868,1.0,stop,0.0009885523531938,0.004,RULE:smc_C
167643,167644,167764,1,1.4645136856032297,1.0,target,0.0022543902166205,0.004,RULE:smc_C
173510,173511,173523,-1,-1.0582683887185036,1.0,stop,0.0022310553433722,0.004,RULE:smc_C
174540,174541,174553,1,-1.0759838042343903,1.0,stop,0.001710890910372,0.004,RULE:smc_C
174567,174568,174579,1,1.4708032594187803,1.0,target,0.0027400318805264,0.004,RULE:smc_C
176285,176286,176296,-1,-1.052861667963929,1.0,stop,0.0024592489228454,0.004,RULE:smc_C
178072,178073,178080,1,-1.0710225885893645,1.0,stop,0.0018304035741605,0.004,RULE:smc_C
183961,183962,183975,-1,1.4618892806662722,1.0,target,0.0020991469433926,0.004,RULE:smc_C
185298,185299,185319,-1,-1.0982587190055166,1.0,stop,0.0013230378058644,0.004,RULE:smc_C
187212,187213,187221,-1,1.4551018646022331,1.0,target,0.0017818111886218,0.004,RULE:smc_C
190357,190358,190417,-1,-1.0508546579306233,1.0,stop,0.0025563046786678,0.004,RULE:smc_C
205749,205750,205762,-1,-1.059990551922929,1.0,stop,0.0021670079009628,0.004,RULE:smc_C
209389,209390,209394,-1,-1.1047794422808297,1.0,stop,0.0012407013930431,0.004,RULE:smc_C
209521,209522,209526,1,1.4702272643992509,1.0,target,0.0026870221491537,0.004,RULE:smc_C
210065,210066,210101,1,1.9593979079749368,1.0,target,0.0019703418225498,0.004,RULE:smc_C
214212,214213,214309,1,0.1153702096303492,1.0,time,0.003640454510271,0.004,RULE:smc_C
220724,220725,220767,-1,-1.0397365049593603,1.0,stop,0.0032715509361747,0.004,RULE:smc_C
229696,229697,229706,1,-1.067323510713313,1.0,stop,0.0019309747608631,0.004,RULE:smc_C
229801,229802,229898,1,0.0390004984352699,1.0,time,0.0023076628148523,0.004,RULE:smc_C
229905,229906,230002,-1,1.335409569905319,1.0,time,0.0025535237105134,0.004,RULE:smc_C
236860,236861,236957,-1,1.035774185479806,1.0,time,0.0019695412654592,0.004,RULE:smc_C
237696,237697,237702,1,-1.1770035385175557,1.0,stop,0.0007344485940161,0.004,RULE:smc_C
241351,241352,241354,1,-1.099404235182588,1.0,stop,0.0013077913608139,0.004,RULE:smc_C
243402,243403,243458,-1,-1.0473900575870465,1.0,stop,0.0027431914333786,0.004,RULE:smc_C
243785,243786,243850,1,-1.074099070530805,1.0,stop,0.0017544079712317,0.004,RULE:smc_C
244532,244533,244629,-1,0.0273398382222743,1.0,time,0.0021945996721708,0.004,RULE:smc_C
247424,247425,247453,-1,-1.042013580459029,1.0,stop,0.0030942375912683,0.004,RULE:smc_C
252259,252260,252356,1,0.3714007706490224,1.0,time,0.0022078575619726,0.004,RULE:smc_C
254462,254463,254466,-1,-1.0277421918045069,1.0,stop,0.00468600321547,0.004,RULE:smc_C
256647,256648,256655,1,1.4640881199279367,1.0,target,0.0022276750712955,0.004,RULE:smc_C
257130,257131,257132,1,-1.0413686097663708,1.0,stop,0.0031424793033723,0.004,RULE:smc_C
261826,261827,261837,-1,1.4395102912904705,1.0,target,0.0013225390187305,0.004,RULE:smc_C
262310,262311,262336,-1,1.465370846711152,1.0,target,0.0023101922051866,0.004,RULE:smc_C
265117,265118,265162,-1,-1.0363846094576363,1.0,stop,0.0035729392712451,0.004,RULE:smc_C
273182,273183,273224,1,1.4682845900439443,1.0,target,0.0025224331046314,0.004,RULE:smc_C
278803,278804,278809,1,-1.0672083646669035,1.0,stop,0.0019342830411721,0.004,RULE:smc_C
280199,280200,280218,-1,1.4350687712280952,1.0,target,0.0012320727870547,0.004,RULE:smc_C
282735,282736,282808,-1,-1.0556339745748862,1.0,stop,0.0023367016466731,0.004,RULE:smc_C
289315,289316,289333,-1,-1.1103713781101263,1.0,stop,0.0011778415946785,0.004,RULE:smc_C
291288,291289,291308,1,1.4448468052047243,1.0,target,0.0014505052752944,0.004,RULE:smc_C
294834,294835,294841,1,-1.066665977325126,1.0,stop,0.0019500201634501,0.004,RULE:smc_C
296963,296964,297041,1,-1.0434339240569883,1.0,stop,0.0029930521550283,0.004,RULE:smc_C
298765,298766,298862,1,0.2234899813362318,1.0,time,0.0021924920171825,0.004,RULE:smc_C
299058,299059,299084,-1,-1.0766882237652506,1.0,stop,0.0016951755252285,0.004,RULE:smc_C
307329,307330,307395,1,-1.021662421432473,1.0,stop,0.0060011758337057,0.004,RULE:smc_C
309028,309029,309032,-1,-1.076643402766509,1.0,stop,0.0016961668624779,0.004,RULE:smc_C
309344,309345,309425,-1,1.4891758689218644,1.0,target,0.0073908934973632,0.004,RULE:smc_C
317186,317187,317202,1,-1.0474518193594209,1.0,stop,0.0027396209830294,0.004,RULE:smc_C
318652,318653,318753,1,1.4831129690752165,1.0,target,0.004737363267491,0.004,RULE:smc_C
324999,325000,325192,1,-0.2440008539546406,1.0,time,0.004221296701657,0.004,RULE:smc_C
326852,326853,326856,1,-1.0818691652201742,1.0,stop,0.0015878994203799,0.004,RULE:smc_C
327819,327820,327950,1,-1.0174331990836811,1.0,stop,0.0074570363922359,0.004,RULE:smc_C
329813,329814,329816,1,-1.0892364043549358,1.0,stop,0.0014568045512348,0.004,RULE:smc_C
332526,332527,332529,1,-1.1408369472811295,1.0,stop,0.0009230532364536,0.004,RULE:smc_C
337953,337954,337962,1,1.4494732485125297,1.0,target,0.0015833196800698,0.004,RULE:smc_C
348307,348308,348327,-1,1.388982838273365,1.0,target,0.0007206093072087,0.004,RULE:smc_C
355141,355142,355166,-1,1.4394157158098193,1.0,target,0.0013204744608186,0.004,RULE:smc_C
364824,364825,364845,1,-1.077566662174699,1.0,stop,0.0016759777506902,0.004,RULE:smc_C
374462,374463,374472,-1,-1.0528412757268353,1.0,stop,0.0024601979837153,0.004,RULE:smc_C
376426,376427,376619,1,0.1543724685842663,1.0,time,0.0077086284291041,0.004,RULE:smc_C
377140,377141,377182,-1,-1.0286276505141771,1.0,stop,0.0045410642391252,0.004,RULE:smc_C
378458,378459,378505,1,1.4717908508666744,1.0,target,0.002835959341485,0.004,RULE:smc_C
380568,380569,380612,-1,-1.0660017677003175,1.0,stop,0.0019696442160515,0.004,RULE:smc_C
381259,381260,381261,-1,-1.0614296025682757,1.0,stop,0.0021162435465151,0.004,RULE:smc_C
384120,384121,384139,-1,1.4595226531409733,1.0,target,0.0019764141231544,0.004,RULE:smc_C
387115,387116,387137,-1,1.4460107538707765,1.0,target,0.0014817765709935,0.004,RULE:smc_C
390584,390585,390620,1,-1.064644082621016,1.0,stop,0.0020110115996578,0.004,RULE:smc_C
393289,393290,393482,-1,-0.4274321585897309,1.0,time,0.0018716420464,0.004,RULE:smc_C
394577,394578,394768,-1,1.4613776098157831,1.0,target,0.002071337367222,0.004,RULE:smc_C
397402,397403,397416,-1,-1.0894539278514703,1.0,stop,0.0014532620659872,0.004,RULE:smc_C
400755,400756,400791,1,-1.062905451734626,1.0,stop,0.0020665935370518,0.004,RULE:smc_C
401480,401481,401502,-1,1.4735979540234685,1.0,target,0.0030300682027151,0.004,RULE:smc_C
401761,401762,401767,-1,-1.0665337208354864,1.0,stop,0.001953896435787,0.004,RULE:smc_C
402241,402242,402247,-1,-1.0685522523149422,1.0,stop,0.0018963636585251,0.004,RULE:smc_C
404318,404319,404325,1,-1.0915971633926878,1.0,stop,0.0014192579244269,0.004,RULE:smc_C
