sig_i,entry_i,exit_i,dir,R,conviction,reason,dist,risk_pct,leg,entry_ts,exit_ts
119376,0,1,1,1.974470466350548,1.0,target,0.0031336255921665,0.002,RULE:smc_C,2014-10-20 08:45:00+00:00,2014-10-21 05:45:00+00:00
119469,2,3,-1,-1.0572735302834475,1.0,stop,0.0022698094452486,0.002,RULE:smc_C,2014-10-21 08:00:00+00:00,2014-10-21 08:30:00+00:00
118362,4,5,-1,-1.0977509256594238,1.0,stop,2.301768484360309,0.0075,RULE:ta_A,2014-12-08 07:45:00+00:00,2014-12-08 08:00:00+00:00
118560,6,7,1,1.055705700255573,1.0,time,3.5047646319465,0.0075,RULE:ta_A,2014-12-10 11:00:00+00:00,2014-12-11 00:00:00+00:00
119726,8,9,-1,-1.0963498656876698,1.0,stop,2.3352393736518025,0.0075,RULE:ta_A,2014-12-30 05:45:00+00:00,2014-12-30 08:15:00+00:00
124576,10,11,1,-1.0308020163470677,1.0,stop,0.0042205029221238,0.002,RULE:smc_C,2015-01-06 15:15:00+00:00,2015-01-06 22:00:00+00:00
121274,12,13,1,-1.1097697758583889,1.0,stop,2.0497445516348307,0.0075,RULE:ta_A,2015-01-23 05:00:00+00:00,2015-01-23 05:45:00+00:00
121588,14,15,1,-1.0531835432914172,1.0,stop,4.230631997703313,0.0075,RULE:ta_A,2015-01-28 14:30:00+00:00,2015-01-28 19:15:00+00:00
121752,16,17,-1,-1.0728977821206378,1.0,stop,3.086513655896397,0.0075,RULE:ta_A,2015-01-30 09:30:00+00:00,2015-01-30 15:30:00+00:00
121849,18,19,1,-1.0904310537222743,1.0,stop,2.4880833600691403,0.0075,RULE:ta_A,2015-02-02 10:45:00+00:00,2015-02-02 12:30:00+00:00
122789,20,21,1,-1.0852787950911715,1.0,stop,2.638405007474148,0.0075,RULE:ta_A,2015-02-16 15:15:00+00:00,2015-02-17 03:00:00+00:00
122986,22,23,-1,-1.0710710933639518,1.0,stop,3.1658440773901475,0.0075,RULE:ta_A,2015-02-18 23:15:00+00:00,2015-02-19 01:00:00+00:00
123511,24,25,1,0.3210618584435505,1.0,time,4.765436814629311,0.0075,RULE:ta_A,2015-02-26 15:15:00+00:00,2015-02-27 04:15:00+00:00
123843,26,27,-1,3.0,1.0,target,1.6977000413594396,0.0075,RULE:ta_A,2015-03-04 06:15:00+00:00,2015-03-04 09:30:00+00:00
125624,28,29,-1,-1.0692816945704084,1.0,stop,3.2476110954712567,0.0075,RULE:ta_A,2015-03-31 13:30:00+00:00,2015-03-31 15:15:00+00:00
125818,30,31,1,3.0,1.0,target,4.51977271308624,0.0075,RULE:ta_A,2015-04-02 15:30:00+00:00,2015-04-05 23:00:00+00:00
131573,32,33,-1,1.9854009982627456,1.0,target,0.005479826733348,0.002,RULE:smc_C,2015-04-17 12:30:00+00:00,2015-04-21 07:30:00+00:00
126916,34,35,-1,-1.1191800382198192,1.0,stop,1.8879000490410365,0.0075,RULE:ta_A,2015-04-21 11:45:00+00:00,2015-04-21 12:30:00+00:00
127120,36,37,-1,-1.0583629706974802,1.0,stop,3.855184157197528,0.0075,RULE:ta_A,2015-04-23 16:30:00+00:00,2015-04-23 19:00:00+00:00
127256,38,39,-1,-1.1302471949787338,1.0,stop,1.727484419427583,0.0075,RULE:ta_A,2015-04-27 04:30:00+00:00,2015-04-27 11:45:00+00:00
127287,40,41,-1,-1.105758531504146,1.0,stop,2.127487936905481,0.0075,RULE:ta_A,2015-04-27 12:15:00+00:00,2015-04-27 12:30:00+00:00
127804,42,43,1,3.0,1.0,target,1.676031952392805,0.0075,RULE:ta_A,2015-05-05 03:30:00+00:00,2015-05-05 12:15:00+00:00
132913,44,45,-1,1.9820328842717392,1.0,target,0.0044525788785434,0.002,RULE:smc_C,2015-05-07 11:30:00+00:00,2015-05-07 15:00:00+00:00
130305,46,47,1,-1.1107143907748631,1.0,stop,2.0322561360378586,0.0075,RULE:ta_A,2015-06-11 09:00:00+00:00,2015-06-11 10:00:00+00:00
132044,48,49,-1,-1.0723256266735868,1.0,stop,3.110930528336212,0.0075,RULE:ta_A,2015-07-08 12:45:00+00:00,2015-07-08 14:00:00+00:00
137510,50,51,1,1.979057616255509,1.0,target,0.0038200044930913,0.002,RULE:smc_C,2015-07-14 08:45:00+00:00,2015-07-14 13:30:00+00:00
132859,52,53,-1,1.9005617253607912,1.0,time,3.467395934614615,0.0075,RULE:ta_A,2015-07-21 09:15:00+00:00,2015-07-21 21:15:00+00:00
133242,54,55,1,-1.0735132351803751,1.0,stop,3.060673352870936,0.0075,RULE:ta_A,2015-07-27 13:00:00+00:00,2015-07-27 13:15:00+00:00
134512,56,57,-1,-1.1190165241576533,1.0,stop,1.8904937914492168,0.0075,RULE:ta_A,2015-08-14 07:45:00+00:00,2015-08-14 08:00:00+00:00
139804,58,59,1,-1.0942750971741972,1.0,stop,0.0013789431556872,0.002,RULE:smc_C,2015-08-17 06:15:00+00:00,2015-08-17 08:00:00+00:00
135062,60,61,1,3.0,1.0,target,4.4971912262012665,0.0075,RULE:ta_A,2015-08-24 07:30:00+00:00,2015-08-24 14:30:00+00:00
135323,62,63,-1,3.0,1.0,target,2.0845971719927547,0.0075,RULE:ta_A,2015-08-27 03:45:00+00:00,2015-08-27 13:30:00+00:00
141472,64,65,1,1.977674187276628,1.0,target,0.003583296204767,0.0025,RULE:smc_B,2015-09-09 15:30:00+00:00,2015-09-10 01:00:00+00:00
141732,66,67,-1,1.9725596404207133,1.0,target,0.0029154136908755,0.0025,RULE:smc_B,2015-09-14 08:30:00+00:00,2015-09-14 15:45:00+00:00
142044,68,69,-1,-1.05431667455003,1.0,stop,0.0023933718526962,0.0025,RULE:smc_B,2015-09-17 14:30:00+00:00,2015-09-17 18:45:00+00:00
142203,70,71,-1,-1.1050595469604858,1.0,stop,0.0012373934950338,0.0025,RULE:smc_B,2015-09-21 06:15:00+00:00,2015-09-21 08:45:00+00:00
142218,72,75,-1,1.9769688503363143,1.0,target,0.0034735565166397,0.0025,RULE:smc_B,2015-09-21 10:00:00+00:00,2015-09-21 15:15:00+00:00
136903,73,74,1,-1.145582164425353,1.0,stop,1.5455189918905037,0.0075,RULE:ta_A,2015-09-21 11:45:00+00:00,2015-09-21 12:15:00+00:00
137073,76,77,-1,-1.139475020464921,1.0,stop,1.6131920916727722,0.0075,RULE:ta_A,2015-09-23 08:15:00+00:00,2015-09-23 12:30:00+00:00
142504,78,79,-1,-1.0362648783098485,1.0,stop,0.0035847355915379,0.0025,RULE:smc_B,2015-09-24 09:30:00+00:00,2015-09-24 11:45:00+00:00
137257,80,81,1,-1.1309756162254494,1.0,stop,1.7178770101193097,0.0075,RULE:ta_A,2015-09-25 08:15:00+00:00,2015-09-25 08:45:00+00:00
142719,82,83,1,1.9799416554786748,1.0,target,0.0039883650375507,0.0025,RULE:smc_B,2015-09-28 15:15:00+00:00,2015-09-29 06:00:00+00:00
137802,84,85,1,-1.1518709164474978,1.0,stop,1.4815213160163694,0.0075,RULE:ta_A,2015-10-05 06:30:00+00:00,2015-10-05 07:15:00+00:00
137820,86,87,1,-1.1023224565014322,1.0,stop,2.198930788929601,0.0075,RULE:ta_A,2015-10-05 11:00:00+00:00,2015-10-05 12:15:00+00:00
143695,88,91,-1,-1.0694593982856204,1.0,stop,0.0018715969790803,0.0025,RULE:smc_B,2015-10-12 19:15:00+00:00,2015-10-13 07:00:00+00:00
138338,89,90,1,-1.0856303402264105,1.0,stop,2.6275733508123267,0.0075,RULE:ta_A,2015-10-13 02:30:00+00:00,2015-10-13 03:30:00+00:00
138342,90,90,1,-1.1046095304464596,1.0,stop,2.150855653778762,0.0075,RULE:ta_A,2015-10-13 03:30:00+00:00,2015-10-13 03:30:00+00:00
143821,92,93,-1,-1.0810515990421958,1.0,stop,0.0016039165363341,0.0025,RULE:smc_B,2015-10-14 02:45:00+00:00,2015-10-14 07:15:00+00:00
138471,94,95,1,3.0,1.0,target,3.794752319117378,0.0075,RULE:ta_A,2015-10-14 12:45:00+00:00,2015-10-14 14:30:00+00:00
138911,96,97,1,-1.0852795019334625,1.0,stop,2.638383138957124,0.0075,RULE:ta_A,2015-10-21 07:45:00+00:00,2015-10-21 14:30:00+00:00
139005,98,99,-1,-1.0953580254665296,1.0,stop,2.359528722402956,0.0075,RULE:ta_A,2015-10-22 08:15:00+00:00,2015-10-22 15:15:00+00:00
144831,100,101,-1,-1.0397470881458306,1.0,stop,0.0032706798425872,0.0025,RULE:smc_B,2015-10-28 15:15:00+00:00,2015-10-28 16:45:00+00:00
118094,102,103,-1,-1.205729100659254,1.0,stop,6.659242642921527,0.004,RULE:ta_C,2015-11-02 11:45:00+00:00,2015-11-02 13:45:00+00:00
139731,104,105,-1,3.0,1.0,target,1.5424492639333494,0.0075,RULE:ta_A,2015-11-03 05:30:00+00:00,2015-11-03 09:30:00+00:00
145864,106,107,1,1.980810480689095,1.0,target,0.0041689423639985,0.0025,RULE:smc_B,2015-11-12 09:30:00+00:00,2015-11-12 20:45:00+00:00
146053,108,115,-1,1.9695899332343976,1.0,target,0.0026307078053011,0.0025,RULE:smc_B,2015-11-16 08:45:00+00:00,2015-11-16 19:30:00+00:00
140594,109,110,1,-1.0675883130235224,1.0,stop,3.3289778947671493,0.0075,RULE:ta_A,2015-11-16 14:00:00+00:00,2015-11-16 14:15:00+00:00
140596,111,112,1,-1.0659289342240916,1.0,stop,3.41276561873633,0.0075,RULE:ta_A,2015-11-16 14:30:00+00:00,2015-11-16 18:30:00+00:00
119046,113,114,-1,-1.0702818860112784,1.0,stop,19.492931646429497,0.004,RULE:ta_C,2015-11-16 18:45:00+00:00,2015-11-16 19:15:00+00:00
140971,116,117,1,-1.0705415076686355,1.0,stop,3.1896114420580943,0.0075,RULE:ta_A,2015-11-20 16:15:00+00:00,2015-11-20 17:00:00+00:00
146653,118,119,-1,-1.035850442601395,1.0,stop,0.0036261755941346,0.0025,RULE:smc_B,2015-11-24 14:45:00+00:00,2015-11-25 02:00:00+00:00
118608,120,121,1,-1.258593984747658,1.0,stop,1.914197658089506,0.002,RULE:ta_C,2015-11-27 03:30:00+00:00,2015-11-27 06:00:00+00:00
118608,120,121,1,-1.3317316774035608,1.0,stop,1.914197658089506,0.002,RULE:ta_C,2015-11-27 03:30:00+00:00,2015-11-27 06:00:00+00:00
147113,122,123,-1,-1.0519255140937045,1.0,stop,0.0025035861901243,0.0025,RULE:smc_B,2015-12-01 09:45:00+00:00,2015-12-01 14:00:00+00:00
118922,124,125,1,-1.1269719841195702,1.0,stop,5.001103230788431,0.002,RULE:ta_C,2015-12-02 17:00:00+00:00,2015-12-02 19:00:00+00:00
118922,124,125,1,-1.0989781608491138,1.0,stop,5.001103230788431,0.002,RULE:ta_C,2015-12-02 17:00:00+00:00,2015-12-02 19:00:00+00:00
119185,126,126,1,-1.1488429771388422,1.0,stop,4.266240921851932,0.002,RULE:ta_C,2015-12-07 14:30:00+00:00,2015-12-07 14:30:00+00:00
119185,126,126,1,-1.1160272026515383,1.0,stop,4.266240921851932,0.002,RULE:ta_C,2015-12-07 14:30:00+00:00,2015-12-07 14:30:00+00:00
120385,127,128,1,-1.07886318946796,1.0,stop,17.371856365974054,0.004,RULE:ta_C,2015-12-07 16:15:00+00:00,2015-12-08 09:30:00+00:00
121208,129,130,-1,-0.0174316267420318,1.0,time,35.56753532962193,0.004,RULE:ta_C,2015-12-18 14:30:00+00:00,2015-12-22 16:30:00+00:00
120428,131,132,1,-1.2892807792745091,1.0,stop,2.195099175246014,0.002,RULE:ta_C,2015-12-28 06:45:00+00:00,2015-12-28 08:15:00+00:00
120428,131,132,1,-1.225502339749421,1.0,stop,2.195099175246014,0.002,RULE:ta_C,2015-12-28 06:45:00+00:00,2015-12-28 08:15:00+00:00
148842,133,134,-1,1.9608016322831807,1.0,target,0.0020409013094102,0.0025,RULE:smc_B,2015-12-28 13:00:00+00:00,2015-12-29 13:30:00+00:00
120621,135,136,1,-1.16339642649538,1.0,stop,3.0294420179011468,0.002,RULE:ta_C,2015-12-30 09:00:00+00:00,2015-12-30 14:30:00+00:00
120621,135,136,1,-1.209609557221346,1.0,stop,3.0294420179011468,0.002,RULE:ta_C,2015-12-30 09:00:00+00:00,2015-12-30 14:30:00+00:00
120855,137,146,-1,-0.4144505513021332,1.0,time,9.67546064880662,0.002,RULE:ta_C,2016-01-04 21:45:00+00:00,2016-01-05 23:15:00+00:00
120855,137,146,-1,-0.3999809559948269,1.0,time,9.67546064880662,0.002,RULE:ta_C,2016-01-04 21:45:00+00:00,2016-01-05 23:15:00+00:00
122057,138,145,-1,1.9683510812861644,1.0,target,19.58992677146216,0.004,RULE:ta_C,2016-01-04 23:30:00+00:00,2016-01-05 10:00:00+00:00
120859,138,144,-1,1.9589750167442797,1.0,target,6.337601611665377,0.002,RULE:ta_C,2016-01-04 23:30:00+00:00,2016-01-05 09:15:00+00:00
120859,138,144,-1,1.9810653923435135,1.0,target,6.337601611665377,0.002,RULE:ta_C,2016-01-04 23:30:00+00:00,2016-01-05 09:15:00+00:00
122060,139,144,-1,1.957386749048246,1.0,target,14.549464923527012,0.004,RULE:ta_C,2016-01-05 00:15:00+00:00,2016-01-05 09:15:00+00:00
120862,139,141,-1,-1.0923579667275534,1.0,stop,5.359580960245694,0.002,RULE:ta_C,2016-01-05 00:15:00+00:00,2016-01-05 03:00:00+00:00
120862,139,141,-1,-1.118479411862619,1.0,stop,5.359580960245694,0.002,RULE:ta_C,2016-01-05 00:15:00+00:00,2016-01-05 03:00:00+00:00
122061,140,141,-1,-1.102581743369896,1.0,stop,13.355202933722468,0.004,RULE:ta_C,2016-01-05 00:30:00+00:00,2016-01-05 03:00:00+00:00
122073,142,143,-1,1.932503133454466,1.0,target,9.185611595491537,0.004,RULE:ta_C,2016-01-05 03:30:00+00:00,2016-01-05 06:00:00+00:00
122367,147,148,-1,1.959180120746385,1.0,target,15.188677951444332,0.004,RULE:ta_C,2016-01-08 07:30:00+00:00,2016-01-08 11:30:00+00:00
121168,147,148,-1,1.9595693210006528,1.0,target,6.430760166164873,0.002,RULE:ta_C,2016-01-08 07:30:00+00:00,2016-01-08 11:30:00+00:00
121168,147,148,-1,1.981339686615686,1.0,target,6.430760166164873,0.002,RULE:ta_C,2016-01-08 07:30:00+00:00,2016-01-08 11:30:00+00:00
150229,149,150,1,-1.122059318863308,1.0,stop,0.0010650559188003,0.0025,RULE:smc_B,2016-01-18 23:45:00+00:00,2016-01-19 00:15:00+00:00
150641,151,152,-1,-1.1185969848829582,1.0,stop,0.0010961492834611,0.0025,RULE:smc_B,2016-01-25 06:45:00+00:00,2016-01-25 07:30:00+00:00
123370,153,156,1,1.9568468289320544,1.0,target,14.367426185755903,0.004,RULE:ta_C,2016-01-25 08:45:00+00:00,2016-01-25 18:00:00+00:00
122169,154,155,1,-1.0769668552020248,1.0,stop,6.431339811152611,0.002,RULE:ta_C,2016-01-25 09:00:00+00:00,2016-01-25 15:30:00+00:00
122169,154,155,1,-1.0987352586935064,1.0,stop,6.431339811152611,0.002,RULE:ta_C,2016-01-25 09:00:00+00:00,2016-01-25 15:30:00+00:00
123476,157,158,-1,-1.0729148067790264,1.0,stop,18.78905068146014,0.004,RULE:ta_C,2016-01-26 12:00:00+00:00,2016-01-26 15:30:00+00:00
123648,159,160,-1,1.9616223102871535,1.0,target,16.15521946836907,0.004,RULE:ta_C,2016-01-28 09:00:00+00:00,2016-01-28 11:30:00+00:00
122811,161,162,-1,-1.080435953454235,1.0,stop,6.153964474128316,0.002,RULE:ta_C,2016-02-03 08:45:00+00:00,2016-02-03 13:45:00+00:00
122811,161,162,-1,-1.1031855160473518,1.0,stop,6.153964474128316,0.002,RULE:ta_C,2016-02-03 08:45:00+00:00,2016-02-03 13:45:00+00:00
124090,163,164,-1,1.9475093544153173,1.0,target,11.811628397668755,0.004,RULE:ta_C,2016-02-04 04:30:00+00:00,2016-02-04 09:00:00+00:00
122919,165,166,1,-1.0725419542593626,1.0,stop,6.823637508168076,0.002,RULE:ta_C,2016-02-04 12:45:00+00:00,2016-02-04 13:00:00+00:00
122919,165,166,1,-1.093058870615546,1.0,stop,6.823637508168076,0.002,RULE:ta_C,2016-02-04 12:45:00+00:00,2016-02-04 13:00:00+00:00
152251,167,168,1,1.959776342717811,1.0,target,0.001988879316437,0.0025,RULE:smc_B,2016-02-17 01:15:00+00:00,2016-02-17 07:15:00+00:00
125015,169,170,1,1.9503938557611915,1.0,target,12.49845174451093,0.004,RULE:ta_C,2016-02-18 09:00:00+00:00,2016-02-18 10:45:00+00:00
123807,169,170,1,1.944438983384492,1.0,target,4.679540005526633,0.002,RULE:ta_C,2016-02-18 09:00:00+00:00,2016-02-18 10:45:00+00:00
123807,169,170,1,1.9743564538697655,1.0,target,4.679540005526633,0.002,RULE:ta_C,2016-02-18 09:00:00+00:00,2016-02-18 10:45:00+00:00
123837,171,172,1,-1.079113554944742,1.0,stop,8.026437447331546,0.002,RULE:ta_C,2016-02-18 16:30:00+00:00,2016-02-19 11:45:00+00:00
123837,171,172,1,-1.0616711963742478,1.0,stop,8.026437447331546,0.002,RULE:ta_C,2016-02-18 16:30:00+00:00,2016-02-19 11:45:00+00:00
124054,173,175,1,-1.1434436470204348,1.0,stop,3.4508325065764893,0.002,RULE:ta_C,2016-02-23 02:00:00+00:00,2016-02-23 08:15:00+00:00
124054,173,175,1,-1.1840135673898506,1.0,stop,3.4508325065764893,0.002,RULE:ta_C,2016-02-23 02:00:00+00:00,2016-02-23 08:15:00+00:00
125274,174,176,1,1.9276619611191683,1.0,target,8.570871004968467,0.004,RULE:ta_C,2016-02-23 04:30:00+00:00,2016-02-23 12:00:00+00:00
152738,177,178,1,-1.0697151076662743,1.0,stop,0.0018647321126206,0.0025,RULE:smc_B,2016-02-24 03:00:00+00:00,2016-02-24 07:45:00+00:00
125682,179,179,-1,-1.092085328561625,1.0,stop,14.877505693897549,0.004,RULE:ta_C,2016-02-29 14:30:00+00:00,2016-02-29 14:30:00+00:00
153747,180,181,1,-1.042266902394282,1.0,stop,0.0030756926255777,0.0025,RULE:smc_B,2016-03-09 15:15:00+00:00,2016-03-10 12:45:00+00:00
125445,182,183,1,-1.2512921384432014,1.0,stop,2.5269393779444727,0.002,RULE:ta_C,2016-03-15 05:30:00+00:00,2016-03-15 08:15:00+00:00
125445,182,183,1,-1.1958891472903697,1.0,stop,2.5269393779444727,0.002,RULE:ta_C,2016-03-15 05:30:00+00:00,2016-03-15 08:15:00+00:00
126869,184,185,1,1.9585695427466636,1.0,target,14.964836043417565,0.004,RULE:ta_C,2016-03-17 11:45:00+00:00,2016-03-17 17:30:00+00:00
127348,186,187,-1,-1.0920669555057487,1.0,stop,14.880474677089296,0.004,RULE:ta_C,2016-03-24 16:15:00+00:00,2016-03-27 23:00:00+00:00
127900,188,189,1,-1.1045260987237553,1.0,stop,13.106774448940996,0.004,RULE:ta_C,2016-04-04 16:30:00+00:00,2016-04-05 01:45:00+00:00
155573,190,194,1,-1.0366602333745651,1.0,stop,0.0035460767167483,0.0025,RULE:smc_B,2016-04-05 15:45:00+00:00,2016-04-06 12:15:00+00:00
128039,191,192,-1,1.900673981323835,1.0,target,6.242070388640059,0.004,RULE:ta_C,2016-04-06 05:00:00+00:00,2016-04-06 08:00:00+00:00
126815,191,193,-1,1.956034835453984,1.0,target,2.729433660470022,0.002,RULE:ta_C,2016-04-06 05:00:00+00:00,2016-04-06 09:15:00+00:00
126815,191,193,-1,1.904742143483632,1.0,target,2.729433660470022,0.002,RULE:ta_C,2016-04-06 05:00:00+00:00,2016-04-06 09:15:00+00:00
127690,195,197,1,1.976649784256039,1.0,target,5.139138812070087,0.002,RULE:ta_C,2016-04-19 17:30:00+00:00,2016-04-20 16:15:00+00:00
127690,195,197,1,1.9494078658880845,1.0,target,5.139138812070087,0.002,RULE:ta_C,2016-04-19 17:30:00+00:00,2016-04-20 16:15:00+00:00
128989,196,197,-1,-1.1355610310852915,1.0,stop,10.106149156817992,0.004,RULE:ta_C,2016-04-20 12:45:00+00:00,2016-04-20 16:15:00+00:00
129302,198,199,-1,-1.1399465834539129,1.0,stop,9.78944941840018,0.004,RULE:ta_C,2016-04-25 23:15:00+00:00,2016-04-26 02:30:00+00:00
129724,200,203,-1,1.9131633202549263,1.0,target,7.139840005630504,0.004,RULE:ta_C,2016-05-02 12:45:00+00:00,2016-05-02 15:00:00+00:00
128501,200,204,-1,-1.2436587518341022,1.0,stop,2.606103803865608,0.002,RULE:ta_C,2016-05-02 12:45:00+00:00,2016-05-02 15:15:00+00:00
128501,200,204,-1,-1.1899387120596543,1.0,stop,2.606103803865608,0.002,RULE:ta_C,2016-05-02 12:45:00+00:00,2016-05-02 15:15:00+00:00
157391,201,202,-1,-1.045152690329936,1.0,stop,0.0028791196947552,0.0025,RULE:smc_B,2016-05-02 14:15:00+00:00,2016-05-02 14:45:00+00:00
129749,205,206,-1,-1.0988680610429988,1.0,stop,13.856851095766617,0.004,RULE:ta_C,2016-05-02 19:00:00+00:00,2016-05-02 19:45:00+00:00
157575,207,208,1,-1.045568283502993,1.0,stop,0.0028528614643026,0.0025,RULE:smc_B,2016-05-04 12:15:00+00:00,2016-05-04 15:00:00+00:00
129965,209,210,-1,-1.2537631077283775,1.0,stop,5.398735900832435,0.004,RULE:ta_C,2016-05-05 03:45:00+00:00,2016-05-05 07:30:00+00:00
157824,211,212,1,-1.0736600345537353,1.0,stop,0.0017648647708041,0.0025,RULE:smc_B,2016-05-09 02:30:00+00:00,2016-05-09 12:15:00+00:00
129434,213,213,-1,-1.128031444107433,1.0,stop,4.959719109839625,0.002,RULE:ta_C,2016-05-16 15:45:00+00:00,2016-05-16 15:45:00+00:00
129434,213,213,-1,-1.0998040391073691,1.0,stop,4.959719109839625,0.002,RULE:ta_C,2016-05-16 15:45:00+00:00,2016-05-16 15:45:00+00:00
130734,214,218,1,-1.161018318764928,1.0,stop,8.508348680500603,0.004,RULE:ta_C,2016-05-17 12:30:00+00:00,2016-05-17 14:30:00+00:00
130735,215,216,1,-1.1786280331586725,1.0,stop,7.669568856435035,0.004,RULE:ta_C,2016-05-17 12:45:00+00:00,2016-05-17 13:30:00+00:00
129516,217,218,1,-1.1933071413110088,1.0,stop,3.28492778742384,0.002,RULE:ta_C,2016-05-17 14:00:00+00:00,2016-05-17 14:30:00+00:00
129516,217,218,1,-1.1506882440140935,1.0,stop,3.28492778742384,0.002,RULE:ta_C,2016-05-17 14:00:00+00:00,2016-05-17 14:30:00+00:00
158739,219,220,-1,-1.056259115833555,1.0,stop,0.0023107366348364,0.0025,RULE:smc_B,2016-05-20 15:15:00+00:00,2016-05-23 04:30:00+00:00
129862,221,222,1,1.9305564539496496,1.0,target,3.744048436286448,0.002,RULE:ta_C,2016-05-23 08:30:00+00:00,2016-05-23 09:00:00+00:00
129862,221,222,1,1.9679491325921457,1.0,target,3.744048436286448,0.002,RULE:ta_C,2016-05-23 08:30:00+00:00,2016-05-23 09:00:00+00:00
131085,221,222,1,1.9358846441365976,1.0,target,9.670070323260916,0.004,RULE:ta_C,2016-05-23 08:30:00+00:00,2016-05-23 09:00:00+00:00
131136,223,226,1,-1.1295642762860305,1.0,stop,10.573902307573915,0.004,RULE:ta_C,2016-05-23 21:15:00+00:00,2016-05-24 08:00:00+00:00
131138,224,225,1,-1.1532008549105126,1.0,stop,8.942508844354961,0.004,RULE:ta_C,2016-05-23 21:45:00+00:00,2016-05-24 07:00:00+00:00
159031,227,228,1,-1.0416553617118096,1.0,stop,0.00312084674476,0.0025,RULE:smc_B,2016-05-25 16:15:00+00:00,2016-05-27 15:30:00+00:00
159515,229,230,-1,-1.038439175871788,1.0,stop,0.0033819663676899,0.0025,RULE:smc_B,2016-06-01 17:15:00+00:00,2016-06-01 18:00:00+00:00
130902,231,232,1,-1.2022293605410967,1.0,stop,2.447715794954547,0.002,RULE:ta_C,2016-06-07 21:45:00+00:00,2016-06-08 02:15:00+00:00
130902,231,232,1,-1.2594255433203965,1.0,stop,2.447715794954547,0.002,RULE:ta_C,2016-06-07 21:45:00+00:00,2016-06-08 02:15:00+00:00
160678,233,234,-1,-1.052625493991444,1.0,stop,0.0024702856000029,0.0025,RULE:smc_B,2016-06-17 20:00:00+00:00,2016-06-19 22:00:00+00:00
161213,235,238,-1,-1.026674817482569,1.0,stop,0.0048735103842811,0.0025,RULE:smc_B,2016-06-27 09:45:00+00:00,2016-06-28 10:45:00+00:00
132213,236,237,-1,-1.089983269289336,1.0,stop,5.501022622420578,0.002,RULE:ta_C,2016-06-28 04:45:00+00:00,2016-06-28 09:15:00+00:00
132213,236,237,-1,-1.1154330828257135,1.0,stop,5.501022622420578,0.002,RULE:ta_C,2016-06-28 04:45:00+00:00,2016-06-28 09:15:00+00:00
132250,239,240,-1,-1.149474885317386,1.0,stop,4.248205299851406,0.002,RULE:ta_C,2016-06-28 14:00:00+00:00,2016-06-28 14:30:00+00:00
132250,239,240,-1,-1.1165197924915056,1.0,stop,4.248205299851406,0.002,RULE:ta_C,2016-06-28 14:00:00+00:00,2016-06-28 14:30:00+00:00
132898,241,242,1,1.952653140594785,1.0,target,5.491388515863491,0.002,RULE:ta_C,2016-07-07 18:15:00+00:00,2016-07-08 12:15:00+00:00
132898,241,242,1,1.9781476033514396,1.0,target,5.491388515863491,0.002,RULE:ta_C,2016-07-07 18:15:00+00:00,2016-07-08 12:15:00+00:00
162685,243,245,-1,1.95722775147851,1.0,target,0.0018703716256536,0.0025,RULE:smc_B,2016-07-18 17:45:00+00:00,2016-07-19 12:45:00+00:00
134834,244,246,1,-1.1746308876386962,1.0,stop,7.845118458279103,0.004,RULE:ta_C,2016-07-19 09:15:00+00:00,2016-07-19 18:45:00+00:00
162960,247,250,-1,0.7558999626638001,1.0,time,0.004418574103681,0.0025,RULE:smc_B,2016-07-21 14:30:00+00:00,2016-07-25 14:30:00+00:00
135059,248,249,1,-1.1436244671866795,1.0,stop,9.53876471631611,0.004,RULE:ta_C,2016-07-21 19:00:00+00:00,2016-07-21 20:00:00+00:00
135398,251,252,1,-1.5002625606264444,1.0,stop,1.2693334460304868,0.002,RULE:ta_C,2016-08-16 03:15:00+00:00,2016-08-16 08:00:00+00:00
135398,251,252,1,-1.3899684527717953,1.0,stop,1.2693334460304868,0.002,RULE:ta_C,2016-08-16 03:15:00+00:00,2016-08-16 08:00:00+00:00
135942,253,254,1,-1.38577689818128,1.0,stop,1.283125045417819,0.002,RULE:ta_C,2016-08-24 03:15:00+00:00,2016-08-24 03:30:00+00:00
135942,253,254,1,-1.4948855158487124,1.0,stop,1.283125045417819,0.002,RULE:ta_C,2016-08-24 03:15:00+00:00,2016-08-24 03:30:00+00:00
135943,254,254,1,-1.5098865642313513,1.0,stop,1.2453750393624432,0.002,RULE:ta_C,2016-08-24 03:30:00+00:00,2016-08-24 03:30:00+00:00
135943,254,254,1,-1.397470628810266,1.0,stop,1.2453750393624432,0.002,RULE:ta_C,2016-08-24 03:30:00+00:00,2016-08-24 03:30:00+00:00
137352,255,257,-1,-1.1058190916817905,1.0,stop,12.94662407535816,0.004,RULE:ta_C,2016-08-25 16:30:00+00:00,2016-08-26 14:30:00+00:00
137353,256,257,-1,-1.1069248191625518,1.0,stop,12.812740865310843,0.004,RULE:ta_C,2016-08-25 16:45:00+00:00,2016-08-26 14:30:00+00:00
166515,258,262,1,1.465730860530016,1.0,target,0.0023344618872085,0.004,RULE:smc_C,2016-09-12 15:15:00+00:00,2016-09-12 18:15:00+00:00
137158,259,261,-1,-1.077110645750479,1.0,stop,8.23492001421937,0.002,RULE:ta_C,2016-09-12 16:15:00+00:00,2016-09-12 17:45:00+00:00
137158,259,261,-1,-1.0601098734590348,1.0,stop,8.23492001421937,0.002,RULE:ta_C,2016-09-12 16:15:00+00:00,2016-09-12 17:45:00+00:00
137161,260,262,-1,-1.0608495847238262,1.0,stop,8.13481311740452,0.002,RULE:ta_C,2016-09-12 17:00:00+00:00,2016-09-12 18:15:00+00:00
137161,260,262,-1,-1.0780595682820802,1.0,stop,8.13481311740452,0.002,RULE:ta_C,2016-09-12 17:00:00+00:00,2016-09-12 18:15:00+00:00
138442,260,262,-1,-1.069339070257288,1.0,stop,19.757980528387638,0.004,RULE:ta_C,2016-09-12 17:00:00+00:00,2016-09-12 18:15:00+00:00
137243,263,264,1,-1.1266795096741278,1.0,stop,3.9074985471079344,0.002,RULE:ta_C,2016-09-13 14:15:00+00:00,2016-09-13 14:30:00+00:00
137243,263,264,1,-1.1625080578647902,1.0,stop,3.9074985471079344,0.002,RULE:ta_C,2016-09-13 14:15:00+00:00,2016-09-13 14:30:00+00:00
167422,265,266,-1,-1.1315054276893868,1.0,stop,0.0009885523531938,0.004,RULE:smc_C,2016-09-26 02:00:00+00:00,2016-09-26 09:30:00+00:00
138116,267,268,-1,-1.1132380800368358,1.0,stop,5.6076542431083,0.002,RULE:ta_C,2016-09-27 03:15:00+00:00,2016-09-27 04:30:00+00:00
139402,267,268,-1,-1.116471154032327,1.0,stop,11.762569121790875,0.004,RULE:ta_C,2016-09-27 03:15:00+00:00,2016-09-27 04:30:00+00:00
138116,267,268,-1,-1.0882722041232027,1.0,stop,5.6076542431083,0.002,RULE:ta_C,2016-09-27 03:15:00+00:00,2016-09-27 04:30:00+00:00
138123,269,273,-1,1.9751420252067091,1.0,target,4.827424639290712,0.002,RULE:ta_C,2016-09-27 05:00:00+00:00,2016-09-27 10:00:00+00:00
138123,269,273,-1,1.9461410546145363,1.0,target,4.827424639290712,0.002,RULE:ta_C,2016-09-27 05:00:00+00:00,2016-09-27 10:00:00+00:00
139410,270,273,-1,1.9326921041879368,1.0,target,9.211400720818348,0.004,RULE:ta_C,2016-09-27 05:15:00+00:00,2016-09-27 10:00:00+00:00
139413,271,272,-1,1.9168741581155695,1.0,target,7.458571076633234,0.004,RULE:ta_C,2016-09-27 06:00:00+00:00,2016-09-27 09:45:00+00:00
167643,274,278,1,1.4645136856032297,1.0,target,0.0022543902166205,0.004,RULE:smc_C,2016-09-28 09:15:00+00:00,2016-09-29 15:15:00+00:00
139622,275,277,1,-1.2319282723053142,1.0,stop,5.906998687061787,0.004,RULE:ta_C,2016-09-29 12:00:00+00:00,2016-09-29 13:00:00+00:00
139623,276,277,1,-1.246606955504376,1.0,stop,5.555398862120455,0.004,RULE:ta_C,2016-09-29 12:15:00+00:00,2016-09-29 13:00:00+00:00
139725,279,279,-1,-1.139304769082217,1.0,stop,9.83455203311405,0.004,RULE:ta_C,2016-09-30 14:30:00+00:00,2016-09-30 14:30:00+00:00
139813,280,280,1,-1.276916996281514,1.0,stop,4.947330855081418,0.004,RULE:ta_C,2016-10-03 13:45:00+00:00,2016-10-03 13:45:00+00:00
140352,281,282,1,1.883043797924157,1.0,target,5.301129730580215,0.004,RULE:ta_C,2016-10-11 10:15:00+00:00,2016-10-11 12:30:00+00:00
139278,283,285,-1,-1.1030387417212253,1.0,stop,6.162730536034815,0.002,RULE:ta_C,2016-10-13 19:15:00+00:00,2016-10-14 10:15:00+00:00
139278,283,285,-1,-1.0803215388220575,1.0,stop,6.162730536034815,0.002,RULE:ta_C,2016-10-13 19:15:00+00:00,2016-10-14 10:15:00+00:00
139280,284,286,-1,-1.087765856430322,1.0,stop,5.640006491510576,0.002,RULE:ta_C,2016-10-13 19:45:00+00:00,2016-10-14 10:30:00+00:00
139280,284,286,-1,-1.1125885228954633,1.0,stop,5.640006491510576,0.002,RULE:ta_C,2016-10-13 19:45:00+00:00,2016-10-14 10:30:00+00:00
139821,287,288,-1,-1.1629735572829007,1.0,stop,3.8963376058468384,0.002,RULE:ta_C,2016-10-21 17:15:00+00:00,2016-10-21 20:00:00+00:00
139821,287,288,-1,-1.1270423792992692,1.0,stop,3.8963376058468384,0.002,RULE:ta_C,2016-10-21 17:15:00+00:00,2016-10-21 20:00:00+00:00
141303,289,291,1,-1.1474244769313298,1.0,stop,9.2928937481538,0.004,RULE:ta_C,2016-10-25 17:30:00+00:00,2016-10-25 21:30:00+00:00
141304,290,291,1,-1.1517247687123728,1.0,stop,9.02950791506646,0.004,RULE:ta_C,2016-10-25 17:45:00+00:00,2016-10-25 21:30:00+00:00
141469,292,293,-1,-1.1492836376855005,1.0,stop,9.177161149343192,0.004,RULE:ta_C,2016-10-27 12:45:00+00:00,2016-10-27 13:15:00+00:00
141838,294,295,-1,-1.1539030044430607,1.0,stop,8.901710560867286,0.004,RULE:ta_C,2016-11-02 12:45:00+00:00,2016-11-02 15:00:00+00:00
141847,295,296,-1,1.9427402927139328,1.0,target,10.82785835600771,0.004,RULE:ta_C,2016-11-02 15:00:00+00:00,2016-11-02 17:30:00+00:00
140626,297,298,-1,1.950427773104058,1.0,target,5.244872306135676,0.002,RULE:ta_C,2016-11-03 12:30:00+00:00,2016-11-03 20:15:00+00:00
140626,297,298,-1,1.9771205106634115,1.0,target,5.244872306135676,0.002,RULE:ta_C,2016-11-03 12:30:00+00:00,2016-11-03 20:15:00+00:00
142959,299,301,1,1.959258043928412,1.0,target,15.217727860454032,0.004,RULE:ta_C,2016-11-18 16:00:00+00:00,2016-11-21 14:30:00+00:00
142960,300,302,1,1.95916673123559,1.0,target,15.183697479061266,0.004,RULE:ta_C,2016-11-18 16:15:00+00:00,2016-11-21 14:45:00+00:00
143145,303,304,1,-1.1079250412821249,1.0,stop,12.693995607735816,0.004,RULE:ta_C,2016-11-22 16:45:00+00:00,2016-11-23 14:15:00+00:00
173510,305,306,-1,-1.0582683887185036,1.0,stop,0.0022310553433722,0.004,RULE:smc_C,2016-12-22 12:00:00+00:00,2016-12-22 15:00:00+00:00
145549,307,307,-1,-1.33214443583082,1.0,stop,4.124711577880589,0.004,RULE:ta_C,2016-12-30 05:00:00+00:00,2016-12-30 05:00:00+00:00
145651,308,309,-1,-1.301244630294878,1.0,stop,4.547798905689888,0.004,RULE:ta_C,2017-01-03 07:45:00+00:00,2017-01-03 08:15:00+00:00
174540,310,311,1,-1.0759838042343903,1.0,stop,0.001710890910372,0.004,RULE:smc_C,2017-01-09 07:00:00+00:00,2017-01-09 10:00:00+00:00
146036,312,314,1,1.8284495810632435,1.0,target,3.614097848566416,0.004,RULE:ta_C,2017-01-09 12:00:00+00:00,2017-01-09 14:30:00+00:00
174567,313,315,1,1.4708032594187803,1.0,target,0.0027400318805264,0.004,RULE:smc_C,2017-01-09 13:45:00+00:00,2017-01-09 16:30:00+00:00
147258,316,317,1,1.9393815698509875,1.0,target,10.22791250904902,0.004,RULE:ta_C,2017-01-26 23:45:00+00:00,2017-01-27 14:15:00+00:00
176285,318,319,-1,-1.052861667963929,1.0,stop,0.0024592489228454,0.004,RULE:smc_C,2017-02-02 11:15:00+00:00,2017-02-02 13:45:00+00:00
147866,320,320,1,-1.263810081128638,1.0,stop,5.193129823313939,0.004,RULE:ta_C,2017-02-06 13:30:00+00:00,2017-02-06 13:30:00+00:00
178072,321,322,1,-1.0710225885893645,1.0,stop,0.0018304035741605,0.004,RULE:smc_C,2017-03-01 02:00:00+00:00,2017-03-01 03:45:00+00:00
149076,323,324,1,-1.1223752784012602,1.0,stop,11.195071569176434,0.004,RULE:ta_C,2017-03-02 16:45:00+00:00,2017-03-02 20:30:00+00:00
149992,325,326,1,-1.138971885093807,1.0,stop,9.858109063392476,0.004,RULE:ta_C,2017-03-16 15:30:00+00:00,2017-03-16 16:00:00+00:00
150366,327,328,-1,-1.0762702650741178,1.0,stop,17.96243921099085,0.004,RULE:ta_C,2017-03-22 17:00:00+00:00,2017-03-24 14:30:00+00:00
150723,329,330,1,-1.2437358492864916,1.0,stop,5.620839133884147,0.004,RULE:ta_C,2017-03-28 14:00:00+00:00,2017-03-28 14:45:00+00:00
151363,331,332,-1,-1.1725792333833,1.0,stop,7.938382696122062,0.004,RULE:ta_C,2017-04-06 12:00:00+00:00,2017-04-06 14:30:00+00:00
151918,333,334,-1,-1.1996901182617636,1.0,stop,6.860629919624444,0.004,RULE:ta_C,2017-04-17 13:45:00+00:00,2017-04-17 14:30:00+00:00
151998,335,336,1,1.918636928467292,1.0,target,7.620164631453917,0.004,RULE:ta_C,2017-04-18 11:00:00+00:00,2017-04-18 14:45:00+00:00
153747,337,339,1,1.874228548492884,1.0,target,4.929576565830757,0.004,RULE:ta_C,2017-05-15 11:00:00+00:00,2017-05-15 14:30:00+00:00
153748,338,339,1,1.8589829997966425,1.0,target,4.3966330237199145,0.004,RULE:ta_C,2017-05-15 11:15:00+00:00,2017-05-15 14:30:00+00:00
154043,340,342,-1,-1.05548266197455,1.0,stop,24.692398512321237,0.004,RULE:ta_C,2017-05-18 16:00:00+00:00,2017-05-19 13:15:00+00:00
154058,341,343,-1,-1.069896840831084,1.0,stop,19.600313600879417,0.004,RULE:ta_C,2017-05-18 19:45:00+00:00,2017-05-19 14:30:00+00:00
183961,344,345,-1,1.4618892806662722,1.0,target,0.0020991469433926,0.004,RULE:smc_C,2017-05-25 10:15:00+00:00,2017-05-25 13:30:00+00:00
155621,346,347,-1,-1.1396894457272586,1.0,stop,9.807469654328088,0.004,RULE:ta_C,2017-06-13 01:30:00+00:00,2017-06-13 05:30:00+00:00
185298,348,349,-1,-1.0982587190055166,1.0,stop,0.0013230378058644,0.004,RULE:smc_C,2017-06-14 08:30:00+00:00,2017-06-14 13:30:00+00:00
156226,350,350,-1,-1.1199953734696269,1.0,stop,11.417106846596653,0.004,RULE:ta_C,2017-06-21 14:30:00+00:00,2017-06-21 14:30:00+00:00
156681,351,351,-1,-1.094194642041488,1.0,stop,14.544351677631312,0.004,RULE:ta_C,2017-06-28 13:15:00+00:00,2017-06-28 13:15:00+00:00
156692,352,355,-1,-1.0481907481588926,1.0,stop,28.42869331438669,0.004,RULE:ta_C,2017-06-28 16:00:00+00:00,2017-06-28 18:15:00+00:00
156696,353,354,-1,-1.0552603078415697,1.0,stop,24.791754760537515,0.004,RULE:ta_C,2017-06-28 17:00:00+00:00,2017-06-28 17:45:00+00:00
156764,356,356,1,-1.1895477963940708,1.0,stop,7.227728446664514,0.004,RULE:ta_C,2017-06-29 11:00:00+00:00,2017-06-29 11:00:00+00:00
156777,357,358,1,-1.1081132112305687,1.0,stop,12.671901837031328,0.004,RULE:ta_C,2017-06-29 14:15:00+00:00,2017-06-29 14:30:00+00:00
156861,359,360,-1,1.952088946403528,1.0,target,12.940646332303912,0.004,RULE:ta_C,2017-06-30 12:15:00+00:00,2017-06-30 13:30:00+00:00
157027,361,362,-1,1.9488581719939773,1.0,target,12.123148979480902,0.004,RULE:ta_C,2017-07-04 11:15:00+00:00,2017-07-04 16:00:00+00:00
157194,363,364,1,-1.1237075281362991,1.0,stop,11.074507919118332,0.004,RULE:ta_C,2017-07-06 10:45:00+00:00,2017-07-06 11:00:00+00:00
157197,365,366,1,-1.1118171160093588,1.0,stop,12.252149303200897,0.004,RULE:ta_C,2017-07-06 11:30:00+00:00,2017-07-06 12:45:00+00:00
187212,367,368,-1,1.4551018646022331,1.0,target,0.0017818111886218,0.004,RULE:smc_C,2017-07-12 07:00:00+00:00,2017-07-12 09:00:00+00:00
159321,369,371,1,-1.2621685941580565,1.0,stop,5.225644987721353,0.004,RULE:ta_C,2017-08-08 12:45:00+00:00,2017-08-08 13:30:00+00:00
159323,370,371,1,-1.2529980156255582,1.0,stop,5.41506223522174,0.004,RULE:ta_C,2017-08-08 13:15:00+00:00,2017-08-08 13:30:00+00:00
159326,372,373,1,-1.21604903354717,1.0,stop,6.341153105417106,0.004,RULE:ta_C,2017-08-08 14:00:00+00:00,2017-08-08 14:30:00+00:00
159612,374,376,-1,-1.0536189239599287,1.0,stop,25.55068059597488,0.004,RULE:ta_C,2017-08-11 16:00:00+00:00,2017-08-13 23:00:00+00:00
159626,375,377,-1,-1.0871434874549728,1.0,stop,15.721197762573864,0.004,RULE:ta_C,2017-08-11 19:30:00+00:00,2017-08-14 00:15:00+00:00
160062,378,379,-1,1.929656179126996,1.0,target,8.813851626276119,0.004,RULE:ta_C,2017-08-18 13:45:00+00:00,2017-08-18 14:15:00+00:00
190357,380,383,-1,-1.0508546579306233,1.0,stop,0.0025563046786678,0.004,RULE:smc_C,2017-08-28 01:15:00+00:00,2017-08-28 16:00:00+00:00
160614,381,382,-1,-1.176895963375491,1.0,stop,7.744665134568095,0.004,RULE:ta_C,2017-08-28 13:30:00+00:00,2017-08-28 14:00:00+00:00
161085,384,385,-1,-1.1940837304292726,1.0,stop,7.058809087036025,0.004,RULE:ta_C,2017-09-04 16:00:00+00:00,2017-09-04 17:30:00+00:00
161227,386,387,-1,1.924520544317834,1.0,target,8.214155685101105,0.004,RULE:ta_C,2017-09-06 09:00:00+00:00,2017-09-06 10:30:00+00:00
161406,388,389,1,-1.2400377350150378,1.0,stop,5.707435957576308,0.004,RULE:ta_C,2017-09-08 07:15:00+00:00,2017-09-08 08:00:00+00:00
161626,390,391,1,-1.093417632086762,1.0,stop,14.665325692772967,0.004,RULE:ta_C,2017-09-12 16:00:00+00:00,2017-09-14 14:30:00+00:00
162074,392,394,-1,-1.2943264350354902,1.0,stop,4.654695728689148,0.004,RULE:ta_C,2017-09-19 13:00:00+00:00,2017-09-19 14:30:00+00:00
162075,393,394,-1,-1.2953178350004846,1.0,stop,4.639069631530219,0.004,RULE:ta_C,2017-09-19 13:15:00+00:00,2017-09-19 14:30:00+00:00
162389,395,397,-1,-1.1789638776936793,1.0,stop,7.65517610400093,0.004,RULE:ta_C,2017-09-24 23:30:00+00:00,2017-09-25 00:45:00+00:00
162390,396,397,-1,-1.1803544594098174,1.0,stop,7.596152623467788,0.004,RULE:ta_C,2017-09-24 23:45:00+00:00,2017-09-25 00:45:00+00:00
162526,398,399,-1,-1.24014088765293,1.0,stop,5.70498432561817,0.004,RULE:ta_C,2017-09-26 10:45:00+00:00,2017-09-26 12:15:00+00:00
162541,400,400,-1,-1.1782317741794437,1.0,stop,7.686620448611393,0.004,RULE:ta_C,2017-09-26 14:30:00+00:00,2017-09-26 14:30:00+00:00
162722,401,402,1,1.9294934988479628,1.0,target,8.793515347798348,0.004,RULE:ta_C,2017-09-28 13:30:00+00:00,2017-09-28 15:15:00+00:00
163080,403,404,1,-1.350922129393337,1.0,stop,3.904000019515479,0.004,RULE:ta_C,2017-10-04 10:45:00+00:00,2017-10-04 11:45:00+00:00
205749,405,406,-1,-1.059990551922929,1.0,stop,0.0021670079009628,0.004,RULE:smc_C,2018-04-11 09:15:00+00:00,2018-04-11 12:15:00+00:00
209389,407,408,-1,-1.1047794422808297,1.0,stop,0.0012407013930431,0.004,RULE:smc_C,2018-06-04 07:15:00+00:00,2018-06-04 08:15:00+00:00
209521,409,410,1,1.4702272643992509,1.0,target,0.0026870221491537,0.004,RULE:smc_C,2018-06-05 16:15:00+00:00,2018-06-05 17:15:00+00:00
210065,411,412,1,1.9593979079749368,1.0,target,0.0019703418225498,0.004,RULE:smc_C,2018-06-13 08:15:00+00:00,2018-06-13 17:00:00+00:00
214212,413,414,1,0.1153702096303492,1.0,time,0.003640454510271,0.004,RULE:smc_C,2018-08-13 13:00:00+00:00,2018-08-14 13:00:00+00:00
220724,415,417,-1,-1.0397365049593603,1.0,stop,0.0032715509361747,0.004,RULE:smc_C,2018-11-15 09:00:00+00:00,2018-11-15 19:30:00+00:00
187772,416,417,1,1.4952949041751185,1.0,target,25.50426271137985,0.0025,RULE:smc_B,2018-11-15 16:15:00+00:00,2018-11-15 19:30:00+00:00
189473,418,419,-1,1.493252772405274,1.0,target,17.785082586186945,0.0025,RULE:smc_B,2018-12-12 19:15:00+00:00,2018-12-13 17:15:00+00:00
213639,420,421,-1,-1.1263205304383457,1.0,stop,1.7811831474989503,0.005,RULE:smc_B,2018-12-17 08:30:00+00:00,2018-12-17 10:00:00+00:00
190456,422,423,-1,0.0974982710831873,1.0,time,37.24168602848522,0.0025,RULE:smc_B,2018-12-28 20:30:00+00:00,2019-01-03 01:45:00+00:00
191567,424,425,1,1.4843202335073002,1.0,target,7.653175195950553,0.0025,RULE:smc_B,2019-01-17 09:00:00+00:00,2019-01-17 14:45:00+00:00
191752,426,427,1,-1.1218979503547752,1.0,stop,4.060773774779136,0.0025,RULE:smc_B,2019-01-21 10:45:00+00:00,2019-01-21 14:30:00+00:00
193420,428,429,1,1.4736567944033965,1.0,target,4.555254278373468,0.0025,RULE:smc_B,2019-02-15 08:30:00+00:00,2019-02-15 09:45:00+00:00
218005,430,431,-1,-1.0817129215302654,1.0,stop,2.753542472674553,0.005,RULE:smc_B,2019-02-25 07:15:00+00:00,2019-02-25 14:30:00+00:00
194731,432,433,1,-1.0810295417266187,1.0,stop,6.108883124009935,0.0025,RULE:smc_B,2019-03-08 08:30:00+00:00,2019-03-08 10:15:00+00:00
195198,434,435,-1,-1.0980039521183549,1.0,stop,5.050816720148305,0.0025,RULE:smc_B,2019-03-15 13:00:00+00:00,2019-03-15 15:30:00+00:00
195423,436,437,1,-1.084281181495448,1.0,stop,5.87319720982714,0.0025,RULE:smc_B,2019-03-20 02:30:00+00:00,2019-03-20 13:30:00+00:00
229696,438,439,1,-1.067323510713313,1.0,stop,0.0019309747608631,0.004,RULE:smc_C,2019-03-28 09:00:00+00:00,2019-03-28 11:15:00+00:00
229801,440,442,1,0.0390004984352699,1.0,time,0.0023076628148523,0.004,RULE:smc_C,2019-03-29 11:15:00+00:00,2019-04-01 13:15:00+00:00
196159,441,443,-1,-1.0976137661208083,1.0,stop,5.071006064732501,0.0025,RULE:smc_B,2019-04-01 10:30:00+00:00,2019-04-01 15:00:00+00:00
229905,444,445,-1,1.335409569905319,1.0,time,0.0025535237105134,0.004,RULE:smc_C,2019-04-01 15:15:00+00:00,2019-04-02 15:15:00+00:00
196291,446,447,-1,-1.06506952073304,1.0,stop,7.607248284966317,0.0025,RULE:smc_B,2019-04-02 23:00:00+00:00,2019-04-03 01:45:00+00:00
196842,448,449,-1,1.4734371254724454,1.0,target,4.517583361518064,0.0025,RULE:smc_B,2019-04-11 03:15:00+00:00,2019-04-11 16:30:00+00:00
197304,450,451,1,-1.1230013343054592,1.0,stop,4.024346587742912,0.0025,RULE:smc_B,2019-04-18 07:30:00+00:00,2019-04-18 08:45:00+00:00
198936,452,453,1,1.4888361087566249,1.0,target,10.748940256022706,0.0025,RULE:smc_B,2019-05-15 15:00:00+00:00,2019-05-15 15:15:00+00:00
199645,454,455,-1,1.4625932987144137,1.0,target,3.2079813476098025,0.0025,RULE:smc_B,2019-05-28 07:15:00+00:00,2019-05-28 08:00:00+00:00
199658,456,457,1,-1.0689533372231108,1.0,stop,7.178767844090544,0.0025,RULE:smc_B,2019-05-28 10:30:00+00:00,2019-05-28 11:15:00+00:00
199679,458,459,-1,1.4910021989723756,1.0,target,13.336591866369872,0.0025,RULE:smc_B,2019-05-28 15:45:00+00:00,2019-05-28 20:30:00+00:00
200629,460,461,1,-1.101877988829376,1.0,stop,4.858753158437594,0.0025,RULE:smc_B,2019-06-12 08:30:00+00:00,2019-06-12 10:00:00+00:00
200642,462,463,1,1.4793857116604476,1.0,target,5.82120507986474,0.0025,RULE:smc_B,2019-06-12 11:45:00+00:00,2019-06-12 14:30:00+00:00
236860,464,465,-1,1.035774185479806,1.0,time,0.0019695412654592,0.004,RULE:smc_C,2019-07-11 14:00:00+00:00,2019-07-12 14:00:00+00:00
237696,466,467,1,-1.1770035385175557,1.0,stop,0.0007344485940161,0.004,RULE:smc_C,2019-07-24 07:00:00+00:00,2019-07-24 08:15:00+00:00
203503,468,469,-1,1.4820119037715604,1.0,target,6.671078388510978,0.0025,RULE:smc_B,2019-07-28 23:00:00+00:00,2019-07-30 10:15:00+00:00
203978,470,471,1,-1.0655757523151284,1.0,stop,7.548521862490361,0.0025,RULE:smc_B,2019-08-05 06:30:00+00:00,2019-08-05 09:00:00+00:00
204533,472,473,1,1.4904485931714373,1.0,target,12.563594259345336,0.0025,RULE:smc_B,2019-08-13 11:45:00+00:00,2019-08-13 14:45:00+00:00
204745,474,475,1,1.4953395244190557,1.0,target,25.748445178138358,0.0025,RULE:smc_B,2019-08-15 20:15:00+00:00,2019-08-16 15:45:00+00:00
241351,476,477,1,-1.099404235182588,1.0,stop,0.0013077913608139,0.004,RULE:smc_C,2019-09-16 08:45:00+00:00,2019-09-16 09:15:00+00:00
206678,478,479,-1,-1.0434520946107009,1.0,stop,11.391855891754858,0.0025,RULE:smc_B,2019-09-16 17:00:00+00:00,2019-09-16 23:00:00+00:00
207559,480,481,1,1.484558875965017,1.0,target,7.771454961965901,0.0025,RULE:smc_B,2019-09-30 14:45:00+00:00,2019-09-30 17:15:00+00:00
232548,482,483,1,-1.0851006275755746,1.0,stop,2.643928798293473,0.005,RULE:smc_B,2019-10-07 07:45:00+00:00,2019-10-07 08:15:00+00:00
243402,484,485,-1,-1.0473900575870465,1.0,stop,0.0027431914333786,0.004,RULE:smc_C,2019-10-15 17:30:00+00:00,2019-10-16 07:15:00+00:00
243785,486,487,1,-1.074099070530805,1.0,stop,0.0017544079712317,0.004,RULE:smc_C,2019-10-21 17:15:00+00:00,2019-10-22 09:15:00+00:00
244532,488,489,-1,0.0273398382222743,1.0,time,0.0021945996721708,0.004,RULE:smc_C,2019-10-31 11:00:00+00:00,2019-11-01 11:00:00+00:00
210837,490,491,1,-1.069430430510657,1.0,stop,7.129438725344244,0.002,RULE:smc_C,2019-11-20 12:00:00+00:00,2019-11-20 17:45:00+00:00
212162,492,494,-1,-1.1074665513059077,1.0,stop,4.606084348896275,0.002,RULE:smc_C,2019-12-11 15:45:00+00:00,2019-12-11 19:45:00+00:00
212163,493,494,-1,-1.069550932740726,1.0,stop,7.117086435710007,0.002,RULE:smc_C,2019-12-11 16:00:00+00:00,2019-12-11 19:45:00+00:00
247424,495,496,-1,-1.042013580459029,1.0,stop,0.0030942375912683,0.004,RULE:smc_C,2019-12-12 15:00:00+00:00,2019-12-12 22:00:00+00:00
213996,497,498,-1,-1.108149577591991,1.0,stop,4.576994298280624,0.002,RULE:smc_C,2020-01-13 11:45:00+00:00,2020-01-13 16:15:00+00:00
214208,499,500,-1,-1.041870035897106,1.0,stop,11.822297005343898,0.002,RULE:smc_C,2020-01-15 20:15:00+00:00,2020-01-16 08:00:00+00:00
214624,501,502,-1,1.4897018270823763,1.0,target,11.652552443978948,0.002,RULE:smc_C,2020-01-22 16:15:00+00:00,2020-01-23 14:30:00+00:00
215190,503,504,-1,1.4882833162478055,1.0,target,10.241805833267335,0.002,RULE:smc_C,2020-01-31 02:00:00+00:00,2020-01-31 10:15:00+00:00
215566,505,506,-1,1.4830350335668534,1.0,target,7.073400379121267,0.002,RULE:smc_C,2020-02-06 07:00:00+00:00,2020-02-06 14:30:00+00:00
252259,507,508,1,0.3714007706490224,1.0,time,0.0022078575619726,0.004,RULE:smc_C,2020-02-24 14:30:00+00:00,2020-02-25 14:30:00+00:00
217187,509,509,-1,-1.011108449900698,1.0,stop,44.56067267935305,0.002,RULE:smc_C,2020-03-03 15:00:00+00:00,2020-03-03 15:00:00+00:00
217572,510,511,-1,-1.0144000643315485,1.0,stop,34.374846431451715,0.002,RULE:smc_C,2020-03-10 07:30:00+00:00,2020-03-10 08:45:00+00:00
217572,510,511,-1,-1.018472809799057,1.0,stop,34.374846431451715,0.004,RULE:smc_C,2020-03-10 07:30:00+00:00,2020-03-10 08:45:00+00:00
218272,512,513,-1,-1.0160969748367643,1.0,stop,30.751119699177707,0.002,RULE:smc_C,2020-03-23 11:45:00+00:00,2020-03-23 12:00:00+00:00
254462,514,515,-1,-1.0277421918045069,1.0,stop,0.00468600321547,0.004,RULE:smc_C,2020-03-26 12:15:00+00:00,2020-03-26 13:00:00+00:00
219378,516,517,-1,-1.0200481636729677,1.0,stop,24.69054064375223,0.002,RULE:smc_C,2020-04-09 02:45:00+00:00,2020-04-09 08:00:00+00:00
256647,518,519,1,1.4640881199279367,1.0,target,0.0022276750712955,0.004,RULE:smc_C,2020-04-28 08:30:00+00:00,2020-04-28 10:15:00+00:00
257130,520,521,1,-1.0413686097663708,1.0,stop,0.0031424793033723,0.004,RULE:smc_C,2020-05-05 09:15:00+00:00,2020-05-05 09:30:00+00:00
221063,522,523,1,1.4928248569995572,1.0,target,16.72440535231499,0.002,RULE:smc_C,2020-05-07 01:15:00+00:00,2020-05-07 08:00:00+00:00
221137,524,525,-1,-1.025369758763728,1.0,stop,19.51141926929631,0.002,RULE:smc_C,2020-05-07 19:45:00+00:00,2020-05-08 01:00:00+00:00
223632,526,527,-1,-1.0236347929529357,1.0,stop,20.94369944283835,0.002,RULE:smc_C,2020-06-17 01:30:00+00:00,2020-06-17 08:15:00+00:00
224393,528,529,-1,1.4910451208019275,1.0,target,13.400515779777834,0.002,RULE:smc_C,2020-06-29 13:45:00+00:00,2020-06-29 14:30:00+00:00
261826,530,531,-1,1.4395102912904705,1.0,target,0.0013225390187305,0.004,RULE:smc_C,2020-07-13 07:15:00+00:00,2020-07-13 09:45:00+00:00
262310,532,533,-1,1.465370846711152,1.0,target,0.0023101922051866,0.004,RULE:smc_C,2020-07-20 08:15:00+00:00,2020-07-20 14:30:00+00:00
226169,534,535,-1,-1.0384276328521258,1.0,stop,12.881355505420288,0.002,RULE:smc_C,2020-07-27 16:30:00+00:00,2020-07-27 20:15:00+00:00
227255,536,537,-1,1.4882775079488906,1.0,target,10.236731189629154,0.002,RULE:smc_C,2020-08-12 21:00:00+00:00,2020-08-14 08:45:00+00:00
227666,538,539,-1,-1.1081821495751505,1.0,stop,4.5756162356169625,0.002,RULE:smc_C,2020-08-19 12:30:00+00:00,2020-08-19 16:30:00+00:00
228010,540,541,-1,1.4864671221617114,1.0,target,8.8672935227778,0.002,RULE:smc_C,2020-08-25 09:30:00+00:00,2020-08-25 15:00:00+00:00
265117,542,543,-1,-1.0363846094576363,1.0,stop,0.0035729392712451,0.004,RULE:smc_C,2020-08-28 14:00:00+00:00,2020-08-31 01:00:00+00:00
231651,544,545,1,-1.0280741470260926,1.0,stop,17.631880303965772,0.002,RULE:smc_C,2020-10-21 10:45:00+00:00,2020-10-22 00:30:00+00:00
233441,546,547,-1,1.487115159212938,1.0,target,9.313269910192956,0.0025,RULE:smc_B,2020-11-18 13:15:00+00:00,2020-11-18 18:45:00+00:00
234075,548,549,-1,1.4885141091056202,1.0,target,10.447600547791808,0.0025,RULE:smc_B,2020-11-30 00:00:00+00:00,2020-11-30 01:00:00+00:00
235276,550,551,1,1.4803190485564566,1.0,target,6.097266198955367,0.0025,RULE:smc_B,2020-12-18 06:00:00+00:00,2020-12-18 08:30:00+00:00
273182,552,554,1,1.4682845900439443,1.0,target,0.0025224331046314,0.004,RULE:smc_C,2020-12-27 23:30:00+00:00,2020-12-28 09:45:00+00:00
235718,553,555,-1,-1.089894077542235,1.0,stop,7.063869137559777,0.004,RULE:smc_C,2020-12-28 08:15:00+00:00,2020-12-28 11:00:00+00:00
235718,553,555,-1,-1.07007491084001,1.0,stop,7.063869137559777,0.0025,RULE:smc_B,2020-12-28 08:15:00+00:00,2020-12-28 11:00:00+00:00
262303,556,557,-1,-1.031328193180557,1.0,stop,7.182029257261775,0.005,RULE:smc_B,2021-01-12 08:45:00+00:00,2021-01-12 09:45:00+00:00
237536,558,559,-1,1.4923865085110697,1.0,target,15.761493944594804,0.0025,RULE:smc_B,2021-01-26 21:00:00+00:00,2021-01-27 11:30:00+00:00
238531,560,561,1,1.4850893040317634,1.0,target,8.047914078283156,0.0025,RULE:smc_B,2021-02-11 02:45:00+00:00,2021-02-11 08:45:00+00:00
238743,562,563,-1,-1.1117361949623492,1.0,stop,4.430077471018194,0.0025,RULE:smc_B,2021-02-15 11:15:00+00:00,2021-02-15 16:15:00+00:00
240096,564,565,-1,-1.0141169806095074,1.0,stop,35.06415526749606,0.0025,RULE:smc_B,2021-03-08 19:00:00+00:00,2021-03-09 15:00:00+00:00
240501,566,567,1,1.487052648023754,1.0,target,9.268304454836198,0.0025,RULE:smc_B,2021-03-15 08:00:00+00:00,2021-03-15 09:45:00+00:00
240854,568,570,1,-1.033715893127452,1.0,stop,14.681503412316944,0.0025,RULE:smc_B,2021-03-19 07:15:00+00:00,2021-03-19 13:00:00+00:00
278803,569,570,1,-1.0672083646669035,1.0,stop,0.0019342830411721,0.004,RULE:smc_C,2021-03-19 11:45:00+00:00,2021-03-19 13:00:00+00:00
241331,571,572,-1,-1.035393678448414,1.0,stop,13.985548315399228,0.0025,RULE:smc_B,2021-03-26 15:15:00+00:00,2021-03-26 16:30:00+00:00
280199,573,574,-1,1.4350687712280952,1.0,target,0.0012320727870547,0.004,RULE:smc_C,2021-04-09 02:45:00+00:00,2021-04-09 07:15:00+00:00
242244,575,576,1,1.4842841048022386,1.0,target,7.635581587331217,0.0025,RULE:smc_B,2021-04-12 08:00:00+00:00,2021-04-12 20:45:00+00:00
243585,577,578,-1,-1.0745482585249335,1.0,stop,6.639994143316471,0.0025,RULE:smc_B,2021-05-03 09:30:00+00:00,2021-05-03 14:45:00+00:00
282735,579,580,-1,-1.0556339745748862,1.0,stop,0.0023367016466731,0.004,RULE:smc_C,2021-05-17 13:00:00+00:00,2021-05-18 07:00:00+00:00
272586,581,582,-1,-1.0374421621636605,1.0,stop,6.009268348778278,0.005,RULE:smc_B,2021-06-21 08:30:00+00:00,2021-06-21 09:00:00+00:00
246734,583,584,-1,-1.0506066156979672,1.0,stop,9.781329835495852,0.0025,RULE:smc_B,2021-06-22 14:00:00+00:00,2021-06-22 15:45:00+00:00
246968,585,586,-1,1.47060508867203,1.0,target,4.082339241003865,0.0025,RULE:smc_B,2021-06-25 05:45:00+00:00,2021-06-25 08:15:00+00:00
247257,587,588,1,1.4858581950809842,1.0,target,8.485479801707697,0.0025,RULE:smc_B,2021-06-30 11:15:00+00:00,2021-06-30 20:45:00+00:00
248673,589,590,-1,1.4819889405744875,1.0,target,6.662573098283247,0.0025,RULE:smc_B,2021-07-22 12:30:00+00:00,2021-07-22 14:45:00+00:00
249171,591,592,1,-1.0540638285544883,1.0,stop,9.155844364612676,0.0025,RULE:smc_B,2021-07-30 03:30:00+00:00,2021-07-30 06:00:00+00:00
249195,593,594,1,1.4913440696974474,1.0,target,13.863327892678171,0.0025,RULE:smc_B,2021-07-30 09:30:00+00:00,2021-08-01 23:30:00+00:00
289315,595,596,-1,-1.1103713781101263,1.0,stop,0.0011778415946785,0.004,RULE:smc_C,2021-08-22 22:00:00+00:00,2021-08-23 02:15:00+00:00
278070,597,598,-1,-1.0478205501937328,1.0,stop,4.705090156603774,0.005,RULE:smc_B,2021-09-13 07:30:00+00:00,2021-09-13 14:45:00+00:00
291288,599,600,1,1.4448468052047243,1.0,target,0.0014505052752944,0.004,RULE:smc_C,2021-09-20 11:15:00+00:00,2021-09-20 16:00:00+00:00
252599,601,602,-1,-1.029196791050093,1.0,stop,16.953917954569988,0.0025,RULE:smc_B,2021-09-22 18:15:00+00:00,2021-09-22 19:00:00+00:00
252824,603,604,-1,1.4845622645400192,1.0,target,7.773160792307863,0.0025,RULE:smc_B,2021-09-27 07:45:00+00:00,2021-09-27 10:30:00+00:00
254127,605,606,-1,1.4901692005676117,1.0,target,12.206535269619051,0.0025,RULE:smc_B,2021-10-17 23:45:00+00:00,2021-10-18 13:45:00+00:00
294834,607,608,1,-1.066665977325126,1.0,stop,0.0019500201634501,0.004,RULE:smc_C,2021-11-10 09:45:00+00:00,2021-11-10 11:15:00+00:00
296963,609,610,1,-1.0434339240569883,1.0,stop,0.0029930521550283,0.004,RULE:smc_C,2021-12-10 14:00:00+00:00,2021-12-13 09:15:00+00:00
258646,611,612,-1,-1.054602845308711,1.0,stop,9.065461647674056,0.0025,RULE:smc_B,2021-12-29 01:45:00+00:00,2021-12-29 07:15:00+00:00
258646,611,612,-1,-1.0700460742849125,1.0,stop,9.065461647674056,0.002,RULE:smc_C,2021-12-29 01:45:00+00:00,2021-12-29 07:15:00+00:00
258958,613,614,-1,1.4649895715801118,1.0,target,7.426358708959924,0.002,RULE:smc_C,2022-01-03 13:00:00+00:00,2022-01-03 14:00:00+00:00
258958,613,614,-1,1.4838413407292494,1.0,target,7.426358708959924,0.0025,RULE:smc_B,2022-01-03 13:00:00+00:00,2022-01-03 14:00:00+00:00
298765,615,617,1,0.2234899813362318,1.0,time,0.0021924920171825,0.004,RULE:smc_C,2022-01-06 08:30:00+00:00,2022-01-07 08:30:00+00:00
259236,616,618,1,-1.0187571719537278,1.0,stop,33.85371747758563,0.002,RULE:smc_C,2022-01-06 15:45:00+00:00,2022-01-07 15:45:00+00:00
259236,616,618,1,-1.0146217324678666,1.0,stop,33.85371747758563,0.0025,RULE:smc_B,2022-01-06 15:45:00+00:00,2022-01-07 15:45:00+00:00
299058,619,620,-1,-1.0766882237652506,1.0,stop,0.0016951755252285,0.004,RULE:smc_C,2022-01-11 09:45:00+00:00,2022-01-11 16:00:00+00:00
260702,621,622,-1,1.4913927158755595,1.0,target,13.941679891663624,0.0025,RULE:smc_B,2022-01-31 07:15:00+00:00,2022-01-31 12:00:00+00:00
260702,621,622,-1,1.4813508843970078,1.0,target,13.941679891663624,0.002,RULE:smc_C,2022-01-31 07:15:00+00:00,2022-01-31 12:00:00+00:00
261002,623,624,1,-1.0190304753233257,1.0,stop,26.0109110040612,0.0025,RULE:smc_B,2022-02-03 15:30:00+00:00,2022-02-03 17:00:00+00:00
261002,623,624,1,-1.0244128319804275,1.0,stop,26.0109110040612,0.002,RULE:smc_C,2022-02-03 15:30:00+00:00,2022-02-03 17:00:00+00:00
261081,625,626,1,-1.0240795838962264,1.0,stop,26.370887584129378,0.002,RULE:smc_C,2022-02-04 13:00:00+00:00,2022-02-04 13:30:00+00:00
261081,625,626,1,-1.0187706992576884,1.0,stop,26.370887584129378,0.0025,RULE:smc_B,2022-02-04 13:00:00+00:00,2022-02-04 13:30:00+00:00
262922,627,628,1,1.496471006217242,1.0,target,34.00402703634427,0.0025,RULE:smc_B,2022-03-07 09:15:00+00:00,2022-03-07 14:00:00+00:00
262922,627,628,1,1.492353846804024,1.0,target,34.00402703634427,0.002,RULE:smc_C,2022-03-07 09:15:00+00:00,2022-03-07 14:00:00+00:00
262945,629,630,-1,1.4973846545114995,1.0,target,45.88303936409011,0.0025,RULE:smc_B,2022-03-07 15:00:00+00:00,2022-03-07 20:00:00+00:00
262945,629,630,-1,1.4943334181082382,1.0,target,45.88303936409011,0.002,RULE:smc_C,2022-03-07 15:00:00+00:00,2022-03-07 20:00:00+00:00
263397,631,632,-1,1.4942102232949044,1.0,target,44.90674049151585,0.002,RULE:smc_C,2022-03-14 15:45:00+00:00,2022-03-15 08:45:00+00:00
263397,631,632,-1,1.4973277953668844,1.0,target,44.90674049151585,0.0025,RULE:smc_B,2022-03-14 15:45:00+00:00,2022-03-15 08:45:00+00:00
263462,633,634,1,1.4893016935681886,1.0,target,24.30291202230728,0.002,RULE:smc_C,2022-03-15 09:45:00+00:00,2022-03-15 12:30:00+00:00
263462,633,634,1,1.4950623201083948,1.0,target,24.30291202230728,0.0025,RULE:smc_B,2022-03-15 09:45:00+00:00,2022-03-15 12:30:00+00:00
263632,635,636,-1,-1.0294079875474615,1.0,stop,21.592773017030595,0.002,RULE:smc_C,2022-03-17 07:45:00+00:00,2022-03-17 16:15:00+00:00
263632,635,636,-1,-1.0229243367495962,1.0,stop,21.592773017030595,0.0025,RULE:smc_B,2022-03-17 07:45:00+00:00,2022-03-17 16:15:00+00:00
264189,637,638,-1,-1.0401338297292673,1.0,stop,12.333734491304313,0.0025,RULE:smc_B,2022-03-25 13:30:00+00:00,2022-03-25 14:15:00+00:00
264189,637,638,-1,-1.0514848118749187,1.0,stop,12.333734491304313,0.002,RULE:smc_C,2022-03-25 13:30:00+00:00,2022-03-25 14:15:00+00:00
264250,639,643,1,-1.0311021438966892,1.0,stop,15.915301583203473,0.0025,RULE:smc_B,2022-03-28 08:30:00+00:00,2022-03-28 16:45:00+00:00
264250,639,643,1,-1.039898709847268,1.0,stop,15.915301583203473,0.002,RULE:smc_C,2022-03-28 08:30:00+00:00,2022-03-28 16:45:00+00:00
264270,640,642,-1,1.473167751816496,1.0,target,9.689832854161978,0.002,RULE:smc_C,2022-03-28 13:30:00+00:00,2022-03-28 16:30:00+00:00
264271,641,644,-1,1.4825571275287632,1.0,target,14.905801806940872,0.002,RULE:smc_C,2022-03-28 13:45:00+00:00,2022-03-28 17:00:00+00:00
264335,645,646,-1,-1.0664347019045362,1.0,stop,9.5582576845527,0.002,RULE:smc_C,2022-03-29 07:30:00+00:00,2022-03-29 07:45:00+00:00
264335,645,646,-1,-1.051787681012197,1.0,stop,9.5582576845527,0.0025,RULE:smc_B,2022-03-29 07:30:00+00:00,2022-03-29 07:45:00+00:00
264717,647,648,-1,-1.0416346119066058,1.0,stop,11.889146489713312,0.0025,RULE:smc_B,2022-04-04 14:00:00+00:00,2022-04-04 14:45:00+00:00
264717,647,648,-1,-1.0534100576983731,1.0,stop,11.889146489713312,0.002,RULE:smc_C,2022-04-04 14:00:00+00:00,2022-04-04 14:45:00+00:00
265057,649,650,-1,1.4778498295055738,1.0,target,11.73805863324742,0.002,RULE:smc_C,2022-04-08 10:00:00+00:00,2022-04-08 14:00:00+00:00
265057,649,650,-1,1.489776844387188,1.0,target,11.73805863324742,0.0025,RULE:smc_B,2022-04-08 10:00:00+00:00,2022-04-08 14:00:00+00:00
265135,651,652,1,-1.0464361022159614,1.0,stop,13.674705018237546,0.002,RULE:smc_C,2022-04-11 07:15:00+00:00,2022-04-11 13:00:00+00:00
265135,651,652,1,-1.0361982214124423,1.0,stop,13.674705018237546,0.0025,RULE:smc_B,2022-04-11 07:15:00+00:00,2022-04-11 13:00:00+00:00
265405,653,654,-1,1.487686933795049,1.0,target,9.745744723742972,0.0025,RULE:smc_B,2022-04-14 08:00:00+00:00,2022-04-14 13:45:00+00:00
265405,653,654,-1,1.4733216898892727,1.0,target,9.745744723742972,0.002,RULE:smc_C,2022-04-14 08:00:00+00:00,2022-04-14 13:45:00+00:00
265544,655,656,-1,-1.017305591906455,1.0,stop,28.603471217610604,0.0025,RULE:smc_B,2022-04-18 20:30:00+00:00,2022-04-19 00:45:00+00:00
265544,655,656,-1,-1.022200102748685,1.0,stop,28.603471217610604,0.002,RULE:smc_C,2022-04-18 20:30:00+00:00,2022-04-19 00:45:00+00:00
266546,657,658,-1,-1.0382237193497308,1.0,stop,12.950074153458443,0.0025,RULE:smc_B,2022-05-04 04:00:00+00:00,2022-05-04 10:45:00+00:00
266546,657,658,-1,-1.0490344682567254,1.0,stop,12.950074153458443,0.002,RULE:smc_C,2022-05-04 04:00:00+00:00,2022-05-04 10:45:00+00:00
266961,659,660,1,-1.0093736793583872,1.0,stop,67.74287616653191,0.002,RULE:smc_C,2022-05-10 18:45:00+00:00,2022-05-11 13:45:00+00:00
266961,659,660,1,-1.007307041389609,1.0,stop,67.74287616653191,0.0025,RULE:smc_B,2022-05-10 18:45:00+00:00,2022-05-11 13:45:00+00:00
307329,661,662,1,-1.021662421432473,1.0,stop,0.0060011758337057,0.004,RULE:smc_C,2022-05-11 14:30:00+00:00,2022-05-12 06:45:00+00:00
267304,663,666,1,1.497165332518538,1.0,target,42.33300758722453,0.0025,RULE:smc_B,2022-05-16 15:30:00+00:00,2022-05-17 20:00:00+00:00
267304,663,666,1,1.4938582204568318,1.0,target,42.33300758722453,0.002,RULE:smc_C,2022-05-16 15:30:00+00:00,2022-05-17 20:00:00+00:00
267325,664,665,-1,-1.0151303947225776,1.0,stop,41.9685019223225,0.002,RULE:smc_C,2022-05-16 20:45:00+00:00,2022-05-17 09:00:00+00:00
267900,667,668,-1,1.4861273180149488,1.0,target,18.74186983311301,0.002,RULE:smc_C,2022-05-25 08:45:00+00:00,2022-05-25 12:15:00+00:00
267900,667,668,-1,1.4935972236992072,1.0,target,18.74186983311301,0.0025,RULE:smc_B,2022-05-25 08:45:00+00:00,2022-05-25 12:15:00+00:00
268012,669,669,-1,-1.0306539632195333,1.0,stop,20.715102822181507,0.002,RULE:smc_C,2022-05-26 14:30:00+00:00,2022-05-26 14:30:00+00:00
268012,669,669,-1,-1.0238956091238882,1.0,stop,20.715102822181507,0.0025,RULE:smc_B,2022-05-26 14:30:00+00:00,2022-05-26 14:30:00+00:00
268451,670,673,1,0.0026269550052662,1.0,time,49.48695342683504,0.0025,RULE:smc_B,2022-06-02 16:15:00+00:00,2022-06-06 19:45:00+00:00
268451,670,673,1,-0.0002020734619435,1.0,time,49.48695342683504,0.002,RULE:smc_C,2022-06-02 16:15:00+00:00,2022-06-06 19:45:00+00:00
309028,671,672,-1,-1.076643402766509,1.0,stop,0.0016961668624779,0.004,RULE:smc_C,2022-06-06 07:15:00+00:00,2022-06-06 08:00:00+00:00
309344,674,675,-1,1.4891758689218644,1.0,target,0.0073908934973632,0.004,RULE:smc_C,2022-06-09 14:15:00+00:00,2022-06-10 10:15:00+00:00
271728,676,679,-1,1.4885302263141738,1.0,target,22.668276386420075,0.002,RULE:smc_C,2022-07-25 18:45:00+00:00,2022-07-26 16:15:00+00:00
271728,676,679,-1,1.4947062582988495,1.0,target,22.668276386420075,0.0025,RULE:smc_B,2022-07-25 18:45:00+00:00,2022-07-26 16:15:00+00:00
271752,677,678,1,-1.0452802493587103,1.0,stop,14.023774360638528,0.002,RULE:smc_C,2022-07-26 02:30:00+00:00,2022-07-26 14:00:00+00:00
273942,680,681,-1,-1.015112476473412,1.0,stop,32.75439342260506,0.0025,RULE:smc_B,2022-08-29 16:00:00+00:00,2022-08-29 17:45:00+00:00
273942,680,681,-1,-1.01938671224367,1.0,stop,32.75439342260506,0.002,RULE:smc_C,2022-08-29 16:00:00+00:00,2022-08-29 17:45:00+00:00
274219,682,683,1,1.491772680852674,1.0,target,31.602031639249617,0.002,RULE:smc_C,2022-09-01 18:30:00+00:00,2022-09-02 13:30:00+00:00
274219,682,683,1,1.4962027757781573,1.0,target,31.602031639249617,0.0025,RULE:smc_B,2022-09-01 18:30:00+00:00,2022-09-02 13:30:00+00:00
274436,684,685,-1,-1.0271817660969165,1.0,stop,18.21073723595009,0.0025,RULE:smc_B,2022-09-06 09:15:00+00:00,2022-09-06 11:15:00+00:00
274436,684,685,-1,-1.034869538326347,1.0,stop,18.21073723595009,0.002,RULE:smc_C,2022-09-06 09:15:00+00:00,2022-09-06 11:15:00+00:00
274463,686,688,1,-1.0127308099179848,1.0,stop,49.87899466654744,0.002,RULE:smc_C,2022-09-06 16:00:00+00:00,2022-09-07 01:15:00+00:00
274463,686,688,1,-1.0099240171801611,1.0,stop,49.87899466654744,0.0025,RULE:smc_B,2022-09-06 16:00:00+00:00,2022-09-07 01:15:00+00:00
274469,687,689,-1,-1.0136272836169284,1.0,stop,46.59769458464689,0.002,RULE:smc_C,2022-09-06 17:30:00+00:00,2022-09-07 18:30:00+00:00
274782,690,691,1,1.4875327420293114,1.0,target,9.625211917658817,0.0025,RULE:smc_B,2022-09-12 06:45:00+00:00,2022-09-12 09:30:00+00:00
274782,690,691,1,1.4729876077301745,1.0,target,9.625211917658817,0.002,RULE:smc_C,2022-09-12 06:45:00+00:00,2022-09-12 09:30:00+00:00
274800,692,693,-1,-1.049364347738586,1.0,stop,12.863534698416515,0.002,RULE:smc_C,2022-09-12 11:15:00+00:00,2022-09-12 14:45:00+00:00
274800,692,693,-1,-1.038480869497008,1.0,stop,12.863534698416515,0.0025,RULE:smc_B,2022-09-12 11:15:00+00:00,2022-09-12 14:45:00+00:00
275017,694,695,1,-1.017282466923412,1.0,stop,36.74243976939351,0.002,RULE:smc_C,2022-09-14 21:00:00+00:00,2022-09-15 16:00:00+00:00
275017,694,695,1,-1.013472159255258,1.0,stop,36.74243976939351,0.0025,RULE:smc_B,2022-09-14 21:00:00+00:00,2022-09-15 16:00:00+00:00
275095,696,697,1,-1.013481506451632,1.0,stop,36.71696496054983,0.0025,RULE:smc_B,2022-09-15 18:15:00+00:00,2022-09-15 20:00:00+00:00
275095,696,697,1,-1.0172944577712857,1.0,stop,36.71696496054983,0.002,RULE:smc_C,2022-09-15 18:15:00+00:00,2022-09-15 20:00:00+00:00
275158,698,699,1,-1.0447399142592502,1.0,stop,14.193142980123412,0.002,RULE:smc_C,2022-09-16 11:45:00+00:00,2022-09-16 13:15:00+00:00
275158,698,699,1,-1.0348759961548486,1.0,stop,14.193142980123412,0.0025,RULE:smc_B,2022-09-16 11:45:00+00:00,2022-09-16 13:15:00+00:00
317186,700,701,1,-1.0474518193594209,1.0,stop,0.0027396209830294,0.004,RULE:smc_C,2022-10-03 06:45:00+00:00,2022-10-03 10:30:00+00:00
276595,702,704,-1,1.4959061753535403,1.0,target,29.312442608837955,0.0025,RULE:smc_B,2022-10-10 15:00:00+00:00,2022-10-11 07:45:00+00:00
276595,702,704,-1,1.4911300465993371,1.0,target,29.312442608837955,0.002,RULE:smc_C,2022-10-10 15:00:00+00:00,2022-10-11 07:45:00+00:00
276611,703,704,1,-1.0160475185697926,1.0,stop,39.56998069441761,0.002,RULE:smc_C,2022-10-10 19:00:00+00:00,2022-10-11 07:45:00+00:00
277448,705,706,1,-1.034607964919871,1.0,stop,14.30306581580544,0.0025,RULE:smc_B,2022-10-24 05:45:00+00:00,2022-10-24 06:45:00+00:00
277448,705,706,1,-1.0443960762103397,1.0,stop,14.30306581580544,0.002,RULE:smc_C,2022-10-24 05:45:00+00:00,2022-10-24 06:45:00+00:00
318652,707,708,1,1.4831129690752165,1.0,target,0.004737363267491,0.004,RULE:smc_C,2022-10-24 13:15:00+00:00,2022-10-25 14:15:00+00:00
277675,709,710,-1,1.4924064978515328,1.0,target,34.23980067651746,0.002,RULE:smc_C,2022-10-26 18:00:00+00:00,2022-10-27 21:00:00+00:00
277675,709,710,-1,1.496495306700704,1.0,target,34.23980067651746,0.0025,RULE:smc_B,2022-10-26 18:00:00+00:00,2022-10-27 21:00:00+00:00
277918,711,712,1,-1.0337362485233743,1.0,stop,14.672645052903135,0.0025,RULE:smc_B,2022-10-31 11:15:00+00:00,2022-10-31 13:15:00+00:00
277918,711,712,1,-1.0432778137623089,1.0,stop,14.672645052903135,0.002,RULE:smc_C,2022-10-31 11:15:00+00:00,2022-10-31 13:15:00+00:00
278291,713,715,-1,-1.0129483209264296,1.0,stop,49.04110761603533,0.002,RULE:smc_C,2022-11-04 15:30:00+00:00,2022-11-07 19:15:00+00:00
278291,713,715,-1,-1.010093573005642,1.0,stop,49.04110761603533,0.0025,RULE:smc_B,2022-11-04 15:30:00+00:00,2022-11-07 19:15:00+00:00
305390,714,716,1,-1.0315151095944932,1.0,stop,7.139432573613021,0.005,RULE:smc_B,2022-11-07 08:30:00+00:00,2022-11-08 08:45:00+00:00
305487,717,718,1,3.0,1.0,target,6.866123111449497,0.005,RULE:smc_B,2022-11-08 09:45:00+00:00,2022-11-08 15:00:00+00:00
278736,719,720,-1,-1.014780148210954,1.0,stop,33.490868490286175,0.0025,RULE:smc_B,2022-11-11 16:30:00+00:00,2022-11-11 18:15:00+00:00
278736,719,720,-1,-1.0189603921494057,1.0,stop,33.490868490286175,0.002,RULE:smc_C,2022-11-11 16:30:00+00:00,2022-11-11 18:15:00+00:00
279258,721,722,1,-1.035428347875522,1.0,stop,13.971862355512258,0.0025,RULE:smc_B,2022-11-21 13:30:00+00:00,2022-11-21 15:15:00+00:00
279790,723,724,1,1.4951815583341173,1.0,target,24.904317271217224,0.0025,RULE:smc_B,2022-11-29 19:15:00+00:00,2022-11-30 18:45:00+00:00
280302,725,726,1,1.492993733578064,1.0,target,17.12752452922632,0.0025,RULE:smc_B,2022-12-07 13:45:00+00:00,2022-12-07 14:30:00+00:00
280413,727,728,-1,-1.0217452019755071,1.0,stop,22.76364232245578,0.0025,RULE:smc_B,2022-12-08 19:15:00+00:00,2022-12-09 06:45:00+00:00
280459,729,730,-1,-1.0499381488526611,1.0,stop,9.91226169517131,0.0025,RULE:smc_B,2022-12-09 08:30:00+00:00,2022-12-09 12:15:00+00:00
280498,731,732,-1,-1.0171915041605246,1.0,stop,28.79329204576697,0.0025,RULE:smc_B,2022-12-09 18:15:00+00:00,2022-12-12 20:45:00+00:00
281802,733,734,-1,1.4905004518764655,1.0,target,12.632179808922956,0.0025,RULE:smc_B,2023-01-03 10:30:00+00:00,2023-01-03 11:45:00+00:00
282154,735,736,1,1.490654140755734,1.0,target,12.839910902081556,0.0025,RULE:smc_B,2023-01-09 09:30:00+00:00,2023-01-09 14:45:00+00:00
309788,737,738,1,-1.0334380956892402,1.0,stop,6.728852088078384,0.005,RULE:smc_B,2023-01-16 09:45:00+00:00,2023-01-17 02:30:00+00:00
324999,739,740,1,-0.2440008539546406,1.0,time,0.004221296701657,0.004,RULE:smc_C,2023-01-24 16:00:00+00:00,2023-01-26 16:00:00+00:00
311714,741,742,1,-1.0100705467739186,1.0,stop,22.342381704897207,0.005,RULE:smc_B,2023-02-14 15:15:00+00:00,2023-02-15 06:30:00+00:00
326852,743,744,1,-1.0818691652201742,1.0,stop,0.0015878994203799,0.004,RULE:smc_C,2023-02-21 08:15:00+00:00,2023-02-21 09:00:00+00:00
285007,745,746,1,-1.0176150969313094,1.0,stop,28.100895608481096,0.0025,RULE:smc_B,2023-02-23 19:15:00+00:00,2023-02-24 13:30:00+00:00
285264,747,748,1,-1.0206718697264958,1.0,stop,23.94558433993734,0.0025,RULE:smc_B,2023-03-01 18:00:00+00:00,2023-03-02 01:30:00+00:00
327819,749,750,1,-1.0174331990836811,1.0,stop,0.0074570363922359,0.004,RULE:smc_C,2023-03-13 15:00:00+00:00,2023-03-15 10:30:00+00:00
285914,751,752,1,1.497847328058921,1.0,target,55.74467605111704,0.0025,RULE:smc_B,2023-03-15 18:30:00+00:00,2023-03-17 06:45:00+00:00
286359,753,754,1,1.4972521853733725,1.0,target,43.67106821449261,0.0025,RULE:smc_B,2023-03-24 17:00:00+00:00,2023-03-29 15:00:00+00:00
287009,755,756,1,-1.1088896383458715,1.0,stop,4.545887079059867,0.0025,RULE:smc_B,2023-04-10 09:15:00+00:00,2023-04-10 13:00:00+00:00
287321,757,758,-1,-1.0926984538088846,1.0,stop,5.339894892103985,0.0025,RULE:smc_B,2023-04-17 07:45:00+00:00,2023-04-17 08:00:00+00:00
329813,759,760,1,-1.0892364043549358,1.0,stop,0.0014568045512348,0.004,RULE:smc_C,2023-04-24 07:30:00+00:00,2023-04-24 08:00:00+00:00
288445,761,762,-1,0.8268720720515246,1.0,time,24.22019158333842,0.0025,RULE:smc_B,2023-05-10 15:30:00+00:00,2023-05-15 15:00:00+00:00
289080,763,764,1,-1.0366199496275177,1.0,stop,13.51722230737414,0.0025,RULE:smc_B,2023-05-24 10:00:00+00:00,2023-05-24 12:00:00+00:00
289290,765,766,1,1.4813412649721955,1.0,target,6.431304149055904,0.0025,RULE:smc_B,2023-05-29 16:15:00+00:00,2023-05-30 10:00:00+00:00
289610,767,768,-1,-0.1841385884066729,1.0,time,17.904992258972925,0.0025,RULE:smc_B,2023-06-05 19:15:00+00:00,2023-06-08 16:30:00+00:00
289902,769,770,1,1.4674704136961112,1.0,target,3.6889494652195935,0.0025,RULE:smc_B,2023-06-12 06:15:00+00:00,2023-06-12 08:00:00+00:00
332526,771,772,1,-1.1408369472811295,1.0,stop,0.0009230532364536,0.004,RULE:smc_C,2023-06-19 06:45:00+00:00,2023-06-19 07:15:00+00:00
290226,771,773,1,-1.0778142218143214,1.0,stop,6.361305021865519,0.0025,RULE:smc_B,2023-06-19 06:45:00+00:00,2023-06-19 13:00:00+00:00
290723,774,775,-1,-1.0778650909041534,1.0,stop,6.3571491955144666,0.0025,RULE:smc_B,2023-06-29 03:15:00+00:00,2023-06-29 11:00:00+00:00
290805,776,777,-1,-1.0973280852290217,1.0,stop,5.085890663884129,0.0025,RULE:smc_B,2023-06-30 07:30:00+00:00,2023-06-30 09:00:00+00:00
291209,778,779,-1,-1.0353520965294298,1.0,stop,14.001998427106628,0.0025,RULE:smc_B,2023-07-11 15:15:00+00:00,2023-07-11 17:00:00+00:00
291381,780,781,-1,-1.092280904530191,1.0,stop,5.3640566541917,0.0025,RULE:smc_B,2023-07-14 07:45:00+00:00,2023-07-14 11:45:00+00:00
291956,782,783,-1,-1.0896773447493948,1.0,stop,5.519788764746409,0.0025,RULE:smc_B,2023-07-27 06:45:00+00:00,2023-07-27 08:00:00+00:00
292123,784,785,-1,1.485628361257606,1.0,target,8.349778487373442,0.0025,RULE:smc_B,2023-07-31 14:30:00+00:00,2023-07-31 20:45:00+00:00
292532,786,787,-1,-1.1179177430448055,1.0,stop,4.197841539520596,0.0025,RULE:smc_B,2023-08-07 05:30:00+00:00,2023-08-07 08:00:00+00:00
292549,788,789,-1,-1.044812712527626,1.0,stop,11.045972718005942,0.0025,RULE:smc_B,2023-08-07 09:45:00+00:00,2023-08-07 14:30:00+00:00
320944,790,791,-1,-1.0417272020828057,1.0,stop,5.392165991705042,0.005,RULE:smc_B,2023-08-21 06:45:00+00:00,2023-08-21 13:00:00+00:00
293470,792,793,1,1.4929768999609048,1.0,target,17.086471690784492,0.0025,RULE:smc_B,2023-08-21 17:30:00+00:00,2023-08-21 20:15:00+00:00
294431,794,795,1,-1.0279310406855358,1.0,stop,17.722218286565294,0.0025,RULE:smc_B,2023-09-05 16:15:00+00:00,2023-09-05 21:00:00+00:00
294932,796,797,1,-1.0714026172194764,1.0,stop,6.932518992664882,0.0025,RULE:smc_B,2023-09-13 08:00:00+00:00,2023-09-13 13:30:00+00:00
337953,798,799,1,1.4494732485125297,1.0,target,0.0015833196800698,0.004,RULE:smc_C,2023-09-18 14:30:00+00:00,2023-09-18 16:30:00+00:00
323239,800,801,1,-1.0630469639970357,1.0,stop,3.568768196522342,0.005,RULE:smc_B,2023-09-25 08:00:00+00:00,2023-09-25 15:15:00+00:00
295675,802,803,1,-1.017035414094084,1.0,stop,29.05711579807757,0.0025,RULE:smc_B,2023-09-25 16:30:00+00:00,2023-09-26 15:00:00+00:00
296016,804,805,-1,-1.0544766085002717,1.0,stop,9.086468736348252,0.0025,RULE:smc_B,2023-09-29 12:45:00+00:00,2023-09-29 13:30:00+00:00
296085,806,807,1,-1.0517065147047218,1.0,stop,9.573261760665446,0.0025,RULE:smc_B,2023-10-02 07:45:00+00:00,2023-10-02 10:45:00+00:00
296203,808,808,1,-1.0227358888781626,1.0,stop,21.77174609942085,0.0025,RULE:smc_B,2023-10-03 15:00:00+00:00,2023-10-03 15:00:00+00:00
296255,809,810,1,-1.0455264363744623,1.0,stop,10.87280357128202,0.0025,RULE:smc_B,2023-10-04 05:45:00+00:00,2023-10-04 07:00:00+00:00
296638,811,812,-1,-1.0424559070833468,1.0,stop,11.659154968194343,0.0025,RULE:smc_B,2023-10-10 12:30:00+00:00,2023-10-10 14:45:00+00:00
296800,813,814,-1,-1.0643594894639643,1.0,stop,7.69117350250508,0.0025,RULE:smc_B,2023-10-12 08:30:00+00:00,2023-10-12 11:00:00+00:00
296978,815,816,-1,-1.047919953929752,1.0,stop,10.329726124646186,0.0025,RULE:smc_B,2023-10-16 08:30:00+00:00,2023-10-16 12:30:00+00:00
297336,817,818,1,-1.044789116297423,1.0,stop,11.051792062896313,0.0025,RULE:smc_B,2023-10-20 09:00:00+00:00,2023-10-20 13:15:00+00:00
297544,819,820,-1,-1.0248644756341052,1.0,stop,19.90792033116668,0.0025,RULE:smc_B,2023-10-24 16:30:00+00:00,2023-10-24 21:00:00+00:00
298788,821,822,1,1.4919740998808146,1.0,target,14.951593991757363,0.0025,RULE:smc_B,2023-11-13 16:00:00+00:00,2023-11-14 13:30:00+00:00
298940,823,824,-1,-1.0631476359726697,1.0,stop,7.838773255331944,0.0025,RULE:smc_B,2023-11-15 09:30:00+00:00,2023-11-15 11:45:00+00:00
299561,825,826,-1,1.475738103620662,1.0,target,4.946027224079444,0.0025,RULE:smc_B,2023-11-24 13:15:00+00:00,2023-11-26 23:30:00+00:00
299660,827,828,-1,-1.042237045612424,1.0,stop,11.719569700547254,0.0025,RULE:smc_B,2023-11-27 19:45:00+00:00,2023-11-28 16:15:00+00:00
299741,829,830,-1,-1.0361282037238515,1.0,stop,13.70120706203852,0.0025,RULE:smc_B,2023-11-28 17:45:00+00:00,2023-11-29 09:15:00+00:00
300509,831,832,1,-1.0582497305258578,1.0,stop,8.49789338991468,0.0025,RULE:smc_B,2023-12-11 09:30:00+00:00,2023-12-11 11:15:00+00:00
300775,833,834,-1,-1.041921598098769,1.0,stop,11.807755964688113,0.0025,RULE:smc_B,2023-12-14 09:15:00+00:00,2023-12-14 13:30:00+00:00
300945,835,836,-1,1.471099702395109,1.0,target,4.152206376576942,0.0025,RULE:smc_B,2023-12-18 07:15:00+00:00,2023-12-18 08:15:00+00:00
301063,837,837,-1,-1.0692447629226711,1.0,stop,7.148555054665849,0.0025,RULE:smc_B,2023-12-19 14:30:00+00:00,2023-12-19 14:30:00+00:00
301170,838,839,-1,1.487133145315107,1.0,target,9.326288587167255,0.0025,RULE:smc_B,2023-12-20 19:00:00+00:00,2023-12-20 19:30:00+00:00
301399,840,841,-1,-1.119722708529628,1.0,stop,4.13455397125017,0.0025,RULE:smc_B,2023-12-26 09:30:00+00:00,2023-12-26 14:30:00+00:00
301527,842,843,-1,-1.0311136760161983,1.0,stop,15.909402660819978,0.0025,RULE:smc_B,2023-12-27 19:15:00+00:00,2023-12-27 20:45:00+00:00
302622,844,845,1,-1.01847206518756,1.0,stop,26.797220287710843,0.002,RULE:smc_C,2024-01-16 15:30:00+00:00,2024-01-16 19:00:00+00:00
348307,846,847,-1,1.388982838273365,1.0,target,0.0007206093072087,0.004,RULE:smc_C,2024-02-19 08:00:00+00:00,2024-02-19 12:45:00+00:00
305631,848,849,1,1.485370229234916,1.0,target,8.202452514625293,0.002,RULE:smc_C,2024-03-04 14:45:00+00:00,2024-03-04 19:30:00+00:00
307032,850,851,-1,-1.0692071707588051,1.0,stop,7.152438028786492,0.002,RULE:smc_C,2024-03-26 08:00:00+00:00,2024-03-26 08:45:00+00:00
308629,852,853,-1,-1.045209834703553,1.0,stop,10.948945140936305,0.002,RULE:smc_C,2024-04-22 08:45:00+00:00,2024-04-22 10:30:00+00:00
355141,854,855,-1,1.4394157158098193,1.0,target,0.0013204744608186,0.004,RULE:smc_C,2024-05-28 13:30:00+00:00,2024-05-28 19:30:00+00:00
312191,856,857,1,-1.051069619531361,1.0,stop,9.692651023100552,0.002,RULE:smc_C,2024-06-17 12:30:00+00:00,2024-06-17 14:30:00+00:00
364824,858,859,1,-1.077566662174699,1.0,stop,0.0016759777506902,0.004,RULE:smc_C,2024-10-16 10:15:00+00:00,2024-10-16 15:15:00+00:00
324114,860,861,1,-1.032447549861423,1.0,stop,15.255389146916968,0.002,RULE:smc_C,2024-12-23 12:30:00+00:00,2024-12-23 13:30:00+00:00
356745,862,863,1,-1.018746969638185,1.0,stop,12.001939745056916,0.005,RULE:smc_B,2025-02-25 08:45:00+00:00,2025-02-25 12:30:00+00:00
374462,864,865,-1,-1.0528412757268353,1.0,stop,0.0024601979837153,0.004,RULE:smc_C,2025-03-07 11:15:00+00:00,2025-03-07 13:30:00+00:00
376426,866,867,1,0.1543724685842663,1.0,time,0.0077086284291041,0.004,RULE:smc_C,2025-04-06 23:15:00+00:00,2025-04-08 23:15:00+00:00
359883,868,869,1,-1.0126273980279217,1.0,stop,17.818397701758386,0.005,RULE:smc_B,2025-04-14 12:15:00+00:00,2025-04-14 13:30:00+00:00
377140,870,871,-1,-1.0286276505141771,1.0,stop,0.0045410642391252,0.004,RULE:smc_C,2025-04-16 09:45:00+00:00,2025-04-16 20:00:00+00:00
378458,872,873,1,1.4717908508666744,1.0,target,0.002835959341485,0.004,RULE:smc_C,2025-05-06 03:15:00+00:00,2025-05-06 14:45:00+00:00
380568,874,875,-1,-1.0660017677003175,1.0,stop,0.0019696442160515,0.004,RULE:smc_C,2025-06-05 02:45:00+00:00,2025-06-05 13:30:00+00:00
381259,876,877,-1,-1.0614296025682757,1.0,stop,0.0021162435465151,0.004,RULE:smc_C,2025-06-16 07:30:00+00:00,2025-06-16 07:45:00+00:00
384120,878,879,-1,1.4595226531409733,1.0,target,0.0019764141231544,0.004,RULE:smc_C,2025-07-28 02:45:00+00:00,2025-07-28 07:15:00+00:00
366642,880,881,-1,3.0,1.0,target,10.963957698663762,0.005,RULE:smc_B,2025-07-28 09:00:00+00:00,2025-07-28 14:45:00+00:00
387115,882,883,-1,1.4460107538707765,1.0,target,0.0014817765709935,0.004,RULE:smc_C,2025-09-09 07:30:00+00:00,2025-09-09 12:45:00+00:00
369864,884,885,-1,-1.0312226150408668,1.0,stop,7.206315028558947,0.005,RULE:smc_B,2025-09-15 12:00:00+00:00,2025-09-15 13:45:00+00:00
390584,886,887,1,-1.064644082621016,1.0,stop,0.0020110115996578,0.004,RULE:smc_C,2025-10-29 09:45:00+00:00,2025-10-29 18:30:00+00:00
375186,888,889,1,-1.0100802560099953,1.0,stop,22.32086167030502,0.005,RULE:smc_B,2025-12-04 14:15:00+00:00,2025-12-08 15:00:00+00:00
393289,889,890,-1,-0.4274321585897309,1.0,time,0.0018716420464,0.004,RULE:smc_C,2025-12-08 15:00:00+00:00,2025-12-10 15:00:00+00:00
394577,891,892,-1,1.4613776098157831,1.0,target,0.002071337367222,0.004,RULE:smc_C,2025-12-26 16:00:00+00:00,2025-12-30 15:30:00+00:00
397402,893,894,-1,-1.0894539278514703,1.0,stop,0.0014532620659872,0.004,RULE:smc_C,2026-02-09 02:15:00+00:00,2026-02-09 05:30:00+00:00
381540,895,896,-1,-1.0089213687553324,1.0,stop,25.220345237481524,0.005,RULE:smc_B,2026-03-16 07:00:00+00:00,2026-03-16 14:00:00+00:00
381571,897,898,-1,-1.0058552802935674,1.0,stop,38.42685383440039,0.005,RULE:smc_B,2026-03-16 14:45:00+00:00,2026-03-17 04:30:00+00:00
400755,899,900,1,-1.062905451734626,1.0,stop,0.0020665935370518,0.004,RULE:smc_C,2026-03-30 01:30:00+00:00,2026-03-30 10:15:00+00:00
401480,901,902,-1,1.4735979540234685,1.0,target,0.0030300682027151,0.004,RULE:smc_C,2026-04-08 14:45:00+00:00,2026-04-08 20:00:00+00:00
401761,903,904,-1,-1.0665337208354864,1.0,stop,0.001953896435787,0.004,RULE:smc_C,2026-04-13 13:00:00+00:00,2026-04-13 14:15:00+00:00
402241,905,906,-1,-1.0685522523149422,1.0,stop,0.0018963636585251,0.004,RULE:smc_C,2026-04-20 13:15:00+00:00,2026-04-20 14:30:00+00:00
404318,907,908,1,-1.0915971633926878,1.0,stop,0.0014192579244269,0.004,RULE:smc_C,2026-05-20 07:30:00+00:00,2026-05-20 09:00:00+00:00
