,ret
2011-12-27,0.0
2011-12-28,0.0
2011-12-29,0.0
2011-12-30,0.0
2012-01-02,0.0
2012-01-03,0.0
2012-01-04,0.0
2012-01-05,0.0
2012-01-06,0.0
2012-01-09,0.0
2012-01-10,0.0
2012-01-11,0.0
2012-01-12,0.0
2012-01-13,0.0
2012-01-16,0.0
2012-01-17,0.0
2012-01-18,0.0
2012-01-19,0.0
2012-01-20,0.0
2012-01-23,0.0
2012-01-24,0.0
2012-01-25,0.0
2012-01-26,0.0
2012-01-27,0.0
2012-01-30,0.0
2012-01-31,0.0
2012-02-01,0.0
2012-02-02,0.0
2012-02-03,0.0
2012-02-06,0.0
2012-02-07,0.0
2012-02-08,0.0
2012-02-09,0.0
2012-02-10,0.0
2012-02-13,0.0
2012-02-14,0.0
2012-02-15,0.0
2012-02-16,0.0
2012-02-17,0.0
2012-02-20,0.0
2012-02-21,-0.0
2012-02-22,-0.0
2012-02-23,-0.0
2012-02-24,-0.0
2012-02-27,-0.0
2012-02-28,0.0
2012-02-29,0.0
2012-03-01,0.0
2012-03-02,0.0
2012-03-05,0.0
2012-03-06,0.0
2012-03-07,0.0
2012-03-08,0.0
2012-03-09,0.0
2012-03-12,0.0
2012-03-13,0.0
2012-03-14,0.0
2012-03-15,0.0
2012-03-16,0.0
2012-03-19,0.0
2012-03-20,-0.0
2012-03-21,-0.0
2012-03-22,-0.0
2012-03-23,-0.0
2012-03-26,-0.0
2012-03-27,-0.0
2012-03-28,-0.0
2012-03-29,-0.0
2012-03-30,-0.0
2012-04-02,-0.0
2012-04-03,-0.0
2012-04-04,-0.0
2012-04-05,-0.0
2012-04-06,-0.0
2012-04-09,-0.0
2012-04-10,0.0
2012-04-11,0.0
2012-04-12,0.0
2012-04-13,0.0
2012-04-16,0.0
2012-04-17,0.0
2012-04-18,0.0
2012-04-19,0.0
2012-04-20,0.0
2012-04-23,0.0
2012-04-24,-0.0
2012-04-25,-0.0
2012-04-26,-0.0
2012-04-27,-0.0
2012-04-30,-0.0
2012-05-01,-0.0
2012-05-02,-0.0
2012-05-03,-0.0
2012-05-04,-0.0
2012-05-07,-0.0
2012-05-08,-0.0
2012-05-09,-0.0
2012-05-10,-0.0
2012-05-11,-0.0
2012-05-14,-0.0
2012-05-15,0.0
2012-05-16,0.0
2012-05-17,0.0
2012-05-18,0.0
2012-05-21,0.0
2012-05-22,-0.011569550312205131
2012-05-23,-0.011569550312205131
2012-05-24,-0.011569550312205131
2012-05-25,-0.011569550312205131
2012-05-28,-0.011569550312205131
2012-05-29,-4.407964998684502e-05
2012-05-30,-4.407964998684502e-05
2012-05-31,-4.407964998684502e-05
2012-06-01,-4.407964998684502e-05
2012-06-04,-4.407964998684502e-05
2012-06-05,0.0
2012-06-06,0.0
2012-06-07,0.0
2012-06-08,0.0
2012-06-11,0.0
2012-06-12,-0.0
2012-06-13,-0.0
2012-06-14,-0.0
2012-06-15,-0.0
2012-06-18,-0.0
2012-06-19,0.0
2012-06-20,0.0
2012-06-21,0.0
2012-06-22,0.0
2012-06-25,0.0
2012-06-26,-0.0
2012-06-27,-0.0
2012-06-28,-0.0
2012-06-29,-0.0
2012-07-02,-0.0
2012-07-03,-0.0
2012-07-04,-0.0
2012-07-05,-0.0
2012-07-06,-0.0
2012-07-09,-0.0
2012-07-10,-0.0
2012-07-11,-0.0
2012-07-12,-0.0
2012-07-13,-0.0
2012-07-16,-0.0
2012-07-17,0.0
2012-07-18,0.0
2012-07-19,0.0
2012-07-20,0.0
2012-07-23,0.0
2012-07-24,0.0
2012-07-25,0.0
2012-07-26,0.0
2012-07-27,0.0
2012-07-30,0.0
2012-07-31,0.0
2012-08-01,0.0
2012-08-02,0.0
2012-08-03,0.0
2012-08-06,0.0
2012-08-07,0.0
2012-08-08,0.0
2012-08-09,0.0
2012-08-10,0.0
2012-08-13,0.0
2012-08-14,-0.0
2012-08-15,-0.0
2012-08-16,-0.0
2012-08-17,-0.0
2012-08-20,-0.0
2012-08-21,0.0
2012-08-22,0.0
2012-08-23,0.0
2012-08-24,0.0
2012-08-27,0.0
2012-08-28,0.0
2012-08-29,0.0
2012-08-30,0.0
2012-08-31,0.0
2012-09-03,0.0
2012-09-04,0.0
2012-09-05,0.0
2012-09-06,0.0
2012-09-07,0.0
2012-09-10,0.0
2012-09-11,-0.0
2012-09-12,-0.0
2012-09-13,-0.0
2012-09-14,-0.0
2012-09-17,-0.0
2012-09-18,-0.0
2012-09-19,-0.0
2012-09-20,-0.0
2012-09-21,-0.0
2012-09-24,-0.0
2012-09-25,0.0
2012-09-26,0.0
2012-09-27,0.0
2012-09-28,0.0
2012-10-01,0.0
2012-10-02,-0.0
2012-10-03,-0.0
2012-10-04,-0.0
2012-10-05,-0.0
2012-10-08,-0.0
2012-10-09,0.0
2012-10-10,0.0
2012-10-11,0.0
2012-10-12,0.0
2012-10-15,0.0
2012-10-16,-0.0
2012-10-17,-0.0
2012-10-18,-0.0
2012-10-19,-0.0
2012-10-22,-0.0
2012-10-23,0.0
2012-10-24,0.0
2012-10-25,0.0
2012-10-26,0.0
2012-10-29,0.0
2012-10-30,-0.0
2012-10-31,-0.0
2012-11-01,-0.0
2012-11-02,-0.0
2012-11-05,-0.0
2012-11-06,0.0
2012-11-07,0.0
2012-11-08,0.0
2012-11-09,0.0
2012-11-12,0.0
2012-11-13,0.0
2012-11-14,0.0
2012-11-15,0.0
2012-11-16,0.0
2012-11-19,0.0
2012-11-20,0.0
2012-11-21,0.0
2012-11-22,0.0
2012-11-23,0.0
2012-11-26,0.0
2012-11-27,0.0
2012-11-28,0.0
2012-11-29,0.0
2012-11-30,0.0
2012-12-03,0.0
2012-12-04,0.0
2012-12-05,0.0
2012-12-06,0.0
2012-12-07,0.0
2012-12-10,0.0
2012-12-11,0.0
2012-12-12,0.0
2012-12-13,0.0
2012-12-14,0.0
2012-12-17,0.0
2012-12-18,0.0
2012-12-19,0.0
2012-12-20,0.0
2012-12-21,0.0
2012-12-24,0.0
2012-12-25,0.0
2012-12-26,0.0
2012-12-27,0.0
2012-12-28,0.0
2012-12-31,0.0
2013-01-01,0.0
2013-01-02,0.0
2013-01-03,0.0
2013-01-04,0.0
2013-01-07,0.0
2013-01-08,0.0
2013-01-09,0.0
2013-01-10,0.0
2013-01-11,0.0
2013-01-14,0.0
2013-01-15,0.0
2013-01-16,0.0
2013-01-17,0.0
2013-01-18,0.0
2013-01-21,0.0
2013-01-22,-0.0
2013-01-23,-0.0
2013-01-24,-0.0
2013-01-25,-0.0
2013-01-28,-0.0
2013-01-29,0.0
2013-01-30,0.0
2013-01-31,0.0
2013-02-01,0.0
2013-02-04,0.0
2013-02-05,0.0
2013-02-06,0.0
2013-02-07,0.0
2013-02-08,0.0
2013-02-11,0.0
2013-02-12,-0.0
2013-02-13,-0.0
2013-02-14,-0.0
2013-02-15,-0.0
2013-02-18,-0.0
2013-02-19,0.0
2013-02-20,0.0
2013-02-21,0.0
2013-02-22,0.0
2013-02-25,0.0
2013-02-26,0.0
2013-02-27,0.0
2013-02-28,0.0
2013-03-01,0.0
2013-03-04,0.0
2013-03-05,0.0
2013-03-06,0.0
2013-03-07,0.0
2013-03-08,0.0
2013-03-11,0.0
2013-03-12,0.0
2013-03-13,0.0
2013-03-14,0.0
2013-03-15,0.0
2013-03-18,0.0
2013-03-19,0.0
2013-03-20,0.0
2013-03-21,0.0
2013-03-22,0.0
2013-03-25,0.0
2013-03-26,-0.0
2013-03-27,-0.0
2013-03-28,-0.0
2013-03-29,-0.0
2013-04-01,-0.0
2013-04-02,-0.0
2013-04-03,-0.0
2013-04-04,-0.0
2013-04-05,-0.0
2013-04-08,-0.0
2013-04-09,0.0
2013-04-10,0.0
2013-04-11,0.0
2013-04-12,0.0
2013-04-15,0.0
2013-04-16,0.0
2013-04-17,0.0
2013-04-18,0.0
2013-04-19,0.0
2013-04-22,0.0
2013-04-23,0.0
2013-04-24,0.0
2013-04-25,0.0
2013-04-26,0.0
2013-04-29,0.0
2013-04-30,0.0
2013-05-01,0.0
2013-05-02,0.0
2013-05-03,0.0
2013-05-06,0.0
2013-05-07,0.0
2013-05-08,0.0
2013-05-09,0.0
2013-05-10,0.0
2013-05-13,0.0
2013-05-14,-0.0
2013-05-15,-0.0
2013-05-16,-0.0
2013-05-17,-0.0
2013-05-20,-0.0
2013-05-21,-0.0
2013-05-22,-0.0
2013-05-23,-0.0
2013-05-24,-0.0
2013-05-27,-0.0
2013-05-28,0.0
2013-05-29,0.0
2013-05-30,0.0
2013-05-31,0.0
2013-06-03,0.0
2013-06-04,-0.0
2013-06-05,-0.0
2013-06-06,-0.0
2013-06-07,-0.0
2013-06-10,-0.0
2013-06-11,-0.0
2013-06-12,-0.0
2013-06-13,-0.0
2013-06-14,-0.0
2013-06-17,-0.0
2013-06-18,0.0
2013-06-19,0.0
2013-06-20,0.0
2013-06-21,0.0
2013-06-24,0.0
2013-06-25,0.0
2013-06-26,0.0
2013-06-27,0.0
2013-06-28,0.0
2013-07-01,0.0
2013-07-02,0.0
2013-07-03,0.0
2013-07-04,0.0
2013-07-05,0.0
2013-07-08,0.0
2013-07-09,0.0
2013-07-10,0.0
2013-07-11,0.0
2013-07-12,0.0
2013-07-15,0.0
2013-07-16,-0.0
2013-07-17,-0.0
2013-07-18,-0.0
2013-07-19,-0.0
2013-07-22,-0.0
2013-07-23,0.0
2013-07-24,0.0
2013-07-25,0.0
2013-07-26,0.0
2013-07-29,0.0
2013-07-30,-0.0
2013-07-31,-0.0
2013-08-01,-0.0
2013-08-02,-0.0
2013-08-05,-0.0
2013-08-06,-0.0
2013-08-07,-0.0
2013-08-08,-0.0
2013-08-09,-0.0
2013-08-12,-0.0
2013-08-13,0.0
2013-08-14,0.0
2013-08-15,0.0
2013-08-16,0.0
2013-08-19,0.0
2013-08-20,-0.0
2013-08-21,-0.0
2013-08-22,-0.0
2013-08-23,-0.0
2013-08-26,-0.0
2013-08-27,0.0
2013-08-28,0.0
2013-08-29,0.0
2013-08-30,0.0
2013-09-02,0.0
2013-09-03,0.0
2013-09-04,0.0
2013-09-05,0.0
2013-09-06,0.0
2013-09-09,0.0
2013-09-10,0.0
2013-09-11,0.0
2013-09-12,0.0
2013-09-13,0.0
2013-09-16,0.0
2013-09-17,0.0
2013-09-18,0.0
2013-09-19,0.0
2013-09-20,0.0
2013-09-23,0.0
2013-09-24,-0.0
2013-09-25,-0.0
2013-09-26,-0.0
2013-09-27,-0.0
2013-09-30,-0.0
2013-10-01,0.0
2013-10-02,0.0
2013-10-03,0.0
2013-10-04,0.0
2013-10-07,0.0
2013-10-08,0.0
2013-10-09,0.0
2013-10-10,0.0
2013-10-11,0.0
2013-10-14,0.0
2013-10-15,0.0
2013-10-16,0.0
2013-10-17,0.0
2013-10-18,0.0
2013-10-21,0.0
2013-10-22,0.0
2013-10-23,0.0
2013-10-24,0.0
2013-10-25,0.0
2013-10-28,0.0
2013-10-29,-0.0
2013-10-30,-0.0
2013-10-31,-0.0
2013-11-01,-0.0
2013-11-04,-0.0
2013-11-05,0.0
2013-11-06,0.0
2013-11-07,0.0
2013-11-08,0.0
2013-11-11,0.0
2013-11-12,0.0
2013-11-13,0.0
2013-11-14,0.0
2013-11-15,0.0
2013-11-18,0.0
2013-11-19,-0.0
2013-11-20,-0.0
2013-11-21,-0.0
2013-11-22,-0.0
2013-11-25,-0.0
2013-11-26,0.0
2013-11-27,0.0
2013-11-28,0.0
2013-11-29,0.0
2013-12-02,0.0
2013-12-03,-0.0
2013-12-04,-0.0
2013-12-05,-0.0
2013-12-06,-0.0
2013-12-09,-0.0
2013-12-10,0.0
2013-12-11,0.0
2013-12-12,0.0
2013-12-13,0.0
2013-12-16,0.0
2013-12-17,0.0
2013-12-18,0.0
2013-12-19,0.0
2013-12-20,0.0
2013-12-23,0.0
2013-12-24,-0.0
2013-12-25,-0.0
2013-12-26,-0.0
2013-12-27,-0.0
2013-12-30,-0.0
2013-12-31,0.0
2014-01-01,0.0
2014-01-02,0.0
2014-01-03,0.0
2014-01-06,0.0
2014-01-07,0.0
2014-01-08,0.0
2014-01-09,0.0
2014-01-10,0.0
2014-01-13,0.0
2014-01-14,-0.0
2014-01-15,-0.0
2014-01-16,-0.0
2014-01-17,-0.0
2014-01-20,-0.0
2014-01-21,-0.0
2014-01-22,-0.0
2014-01-23,-0.0
2014-01-24,-0.0
2014-01-27,-0.0
2014-01-28,0.0
2014-01-29,0.0
2014-01-30,0.0
2014-01-31,0.0
2014-02-03,0.0
2014-02-04,0.0
2014-02-05,0.0
2014-02-06,0.0
2014-02-07,0.0
2014-02-10,0.0
2014-02-11,0.0
2014-02-12,0.0
2014-02-13,0.0
2014-02-14,0.0
2014-02-17,0.0
2014-02-18,0.0
2014-02-19,0.0
2014-02-20,0.0
2014-02-21,0.0
2014-02-24,0.0
2014-02-25,0.0
2014-02-26,0.0
2014-02-27,0.0
2014-02-28,0.0
2014-03-03,0.0
2014-03-04,-0.0
2014-03-05,-0.0
2014-03-06,-0.0
2014-03-07,-0.0
2014-03-10,-0.0
2014-03-11,-0.0
2014-03-12,-0.0
2014-03-13,-0.0
2014-03-14,-0.0
2014-03-17,-0.0
2014-03-18,0.0
2014-03-19,0.0
2014-03-20,0.0
2014-03-21,0.0
2014-03-24,0.0
2014-03-25,-0.0
2014-03-26,-0.0
2014-03-27,-0.0
2014-03-28,-0.0
2014-03-31,-0.0
2014-04-01,-0.0
2014-04-02,-0.0
2014-04-03,-0.0
2014-04-04,-0.0
2014-04-07,-0.0
2014-04-08,0.0
2014-04-09,0.0
2014-04-10,0.0
2014-04-11,0.0
2014-04-14,0.0
2014-04-15,-0.0
2014-04-16,-0.0
2014-04-17,-0.0
2014-04-18,-0.0
2014-04-21,-0.0
2014-04-22,0.0
2014-04-23,0.0
2014-04-24,0.0
2014-04-25,0.0
2014-04-28,0.0
2014-04-29,0.0
2014-04-30,0.0
2014-05-01,0.0
2014-05-02,0.0
2014-05-05,0.0
2014-05-06,-0.0
2014-05-07,-0.0
2014-05-08,-0.0
2014-05-09,-0.0
2014-05-12,-0.0
2014-05-13,0.0
2014-05-14,0.0
2014-05-15,0.0
2014-05-16,0.0
2014-05-19,0.0
2014-05-20,0.0004900045762292187
2014-05-21,0.0004900045762292187
2014-05-22,0.0004900045762292187
2014-05-23,0.0004900045762292187
2014-05-26,0.0004900045762292187
2014-05-27,-2.7778970903065224e-05
2014-05-28,-2.7778970903065224e-05
2014-05-29,-2.7778970903065224e-05
2014-05-30,-2.7778970903065224e-05
2014-06-02,-2.7778970903065224e-05
2014-06-03,-0.0
2014-06-04,-0.0
2014-06-05,-0.0
2014-06-06,-0.0
2014-06-09,-0.0
2014-06-10,0.0
2014-06-11,0.0
2014-06-12,0.0
2014-06-13,0.0
2014-06-16,0.0
2014-06-17,0.0
2014-06-18,0.0
2014-06-19,0.0
2014-06-20,0.0
2014-06-23,0.0
2014-06-24,-0.0
2014-06-25,-0.0
2014-06-26,-0.0
2014-06-27,-0.0
2014-06-30,-0.0
2014-07-01,-0.0
2014-07-02,-0.0
2014-07-03,-0.0
2014-07-04,-0.0
2014-07-07,-0.0
2014-07-08,-0.0
2014-07-09,-0.0
2014-07-10,-0.0
2014-07-11,-0.0
2014-07-14,-0.0
2014-07-15,-0.0
2014-07-16,-0.0
2014-07-17,-0.0
2014-07-18,-0.0
2014-07-21,-0.0
2014-07-22,-0.0
2014-07-23,-0.0
2014-07-24,-0.0
2014-07-25,-0.0
2014-07-28,-0.0
2014-07-29,0.0
2014-07-30,0.0
2014-07-31,0.0
2014-08-01,0.0
2014-08-04,0.0
2014-08-05,0.0
2014-08-06,0.0
2014-08-07,0.0
2014-08-08,0.0
2014-08-11,0.0
2014-08-12,0.0
2014-08-13,0.0
2014-08-14,0.0
2014-08-15,0.0
2014-08-18,0.0
2014-08-19,0.001593812653015671
2014-08-20,0.001593812653015671
2014-08-21,0.001593812653015671
2014-08-22,0.001593812653015671
2014-08-25,0.001593812653015671
2014-08-26,-2.6555987901984026e-05
2014-08-27,-2.6555987901984026e-05
2014-08-28,-2.6555987901984026e-05
2014-08-29,-2.6555987901984026e-05
2014-09-01,-2.6555987901984026e-05
2014-09-02,-0.0
2014-09-03,-0.0
2014-09-04,-0.0
2014-09-05,-0.0
2014-09-08,-0.0
2014-09-09,-0.0
2014-09-10,-0.0
2014-09-11,-0.0
2014-09-12,-0.0
2014-09-15,-0.0
2014-09-16,-0.0
2014-09-17,-0.0
2014-09-18,-0.0
2014-09-19,-0.0
2014-09-22,-0.0
2014-09-23,-0.0
2014-09-24,-0.0
2014-09-25,-0.0
2014-09-26,-0.0
2014-09-29,-0.0
2014-09-30,-0.0
2014-10-01,-0.0
2014-10-02,-0.0
2014-10-03,-0.0
2014-10-06,-0.0
2014-10-07,0.007385621271196531
2014-10-08,0.007385621271196531
2014-10-09,0.007385621271196531
2014-10-10,0.007385621271196531
2014-10-13,0.007385621271196531
2014-10-14,0.006097026686982065
2014-10-15,0.006097026686982065
2014-10-16,0.006097026686982065
2014-10-17,0.006097026686982065
2014-10-20,0.006097026686982065
2014-10-21,0.006499515484885521
2014-10-22,0.006499515484885521
2014-10-23,0.006499515484885521
2014-10-24,0.006499515484885521
2014-10-27,0.006499515484885521
2014-10-28,0.002041537608209554
2014-10-29,0.002041537608209554
2014-10-30,0.002041537608209554
2014-10-31,0.002041537608209554
2014-11-03,0.002041537608209554
2014-11-04,-0.0008649933305798329
2014-11-05,-0.0008649933305798329
2014-11-06,-0.0008649933305798329
2014-11-07,-0.0008649933305798329
2014-11-10,-0.0008649933305798329
2014-11-11,0.003698137201398888
2014-11-12,0.003698137201398888
2014-11-13,0.003698137201398888
2014-11-14,0.003698137201398888
2014-11-17,0.003698137201398888
2014-11-18,-2.6254778098396793e-05
2014-11-19,-2.6254778098396793e-05
2014-11-20,-2.6254778098396793e-05
2014-11-21,-2.6254778098396793e-05
2014-11-24,-2.6254778098396793e-05
2014-11-25,0.0
2014-11-26,0.0
2014-11-27,0.0
2014-11-28,0.0
2014-12-01,0.0
2014-12-02,-0.0
2014-12-03,-0.0
2014-12-04,-0.0
2014-12-05,-0.0
2014-12-08,-0.0
2014-12-09,0.0
2014-12-10,0.0
2014-12-11,0.0
2014-12-12,0.0
2014-12-15,0.0
2014-12-16,0.002568554979979236
2014-12-17,0.002568554979979236
2014-12-18,0.002568554979979236
2014-12-19,0.002568554979979236
2014-12-22,0.002568554979979236
2014-12-23,-0.006093862430200781
2014-12-24,-0.006093862430200781
2014-12-25,-0.006093862430200781
2014-12-26,-0.006093862430200781
2014-12-29,-0.006093862430200781
2014-12-30,-2.6680542879458454e-05
2014-12-31,-2.6680542879458454e-05
2015-01-01,-2.6680542879458454e-05
2015-01-02,-2.6680542879458454e-05
2015-01-05,-2.6680542879458454e-05
2015-01-06,-0.0
2015-01-07,-0.0
2015-01-08,-0.0
2015-01-09,-0.0
2015-01-12,-0.0
2015-01-13,0.006293417109063795
2015-01-14,0.006293417109063795
2015-01-15,0.006293417109063795
2015-01-16,0.006293417109063795
2015-01-19,0.006293417109063795
2015-01-20,-0.0034592473171497274
2015-01-21,-0.0034592473171497274
2015-01-22,-0.0034592473171497274
2015-01-23,-0.0034592473171497274
2015-01-26,-0.0034592473171497274
2015-01-27,0.003094347487496929
2015-01-28,0.003094347487496929
2015-01-29,0.003094347487496929
2015-01-30,0.003094347487496929
2015-02-02,0.003094347487496929
2015-02-03,0.004731805441055226
2015-02-04,0.004731805441055226
2015-02-05,0.004731805441055226
2015-02-06,0.004731805441055226
2015-02-09,0.004731805441055226
2015-02-10,-2.5334074683514125e-05
2015-02-11,-2.5334074683514125e-05
2015-02-12,-2.5334074683514125e-05
2015-02-13,-2.5334074683514125e-05
2015-02-16,-2.5334074683514125e-05
2015-02-17,0.0
2015-02-18,0.0
2015-02-19,0.0
2015-02-20,0.0
2015-02-23,0.0
2015-02-24,-0.0
2015-02-25,-0.0
2015-02-26,-0.0
2015-02-27,-0.0
2015-03-02,-0.0
2015-03-03,0.0
2015-03-04,0.0
2015-03-05,0.0
2015-03-06,0.0
2015-03-09,0.0
2015-03-10,0.0
2015-03-11,0.0
2015-03-12,0.0
2015-03-13,0.0
2015-03-16,0.0
2015-03-17,-0.0
2015-03-18,-0.0
2015-03-19,-0.0
2015-03-20,-0.0
2015-03-23,-0.0
2015-03-24,0.0
2015-03-25,0.0
2015-03-26,0.0
2015-03-27,0.0
2015-03-30,0.0
2015-03-31,-0.0
2015-04-01,-0.0
2015-04-02,-0.0
2015-04-03,-0.0
2015-04-06,-0.0
2015-04-07,-0.0
2015-04-08,-0.0
2015-04-09,-0.0
2015-04-10,-0.0
2015-04-13,-0.0
2015-04-14,-0.0
2015-04-15,-0.0
2015-04-16,-0.0
2015-04-17,-0.0
2015-04-20,-0.0
2015-04-21,-0.0
2015-04-22,-0.0
2015-04-23,-0.0
2015-04-24,-0.0
2015-04-27,-0.0
2015-04-28,-0.0
2015-04-29,-0.0
2015-04-30,-0.0
2015-05-01,-0.0
2015-05-04,-0.0
2015-05-05,0.0
2015-05-06,0.0
2015-05-07,0.0
2015-05-08,0.0
2015-05-11,0.0
2015-05-12,-0.0024092059898793523
2015-05-13,-0.0024092059898793523
2015-05-14,-0.0024092059898793523
2015-05-15,-0.0024092059898793523
2015-05-18,-0.0024092059898793523
2015-05-19,-2.4897410002247762e-05
2015-05-20,-2.4897410002247762e-05
2015-05-21,-2.4897410002247762e-05
2015-05-22,-2.4897410002247762e-05
2015-05-25,-2.4897410002247762e-05
2015-05-26,-0.0
2015-05-27,-0.0
2015-05-28,-0.0
2015-05-29,-0.0
2015-06-01,-0.0
2015-06-02,0.0
2015-06-03,0.0
2015-06-04,0.0
2015-06-05,0.0
2015-06-08,0.0
2015-06-09,0.0
2015-06-10,0.0
2015-06-11,0.0
2015-06-12,0.0
2015-06-15,0.0
2015-06-16,-0.0
2015-06-17,-0.0
2015-06-18,-0.0
2015-06-19,-0.0
2015-06-22,-0.0
2015-06-23,0.0
2015-06-24,0.0
2015-06-25,0.0
2015-06-26,0.0
2015-06-29,0.0
2015-06-30,0.0
2015-07-01,0.0
2015-07-02,0.0
2015-07-03,0.0
2015-07-06,0.0
2015-07-07,-0.0
2015-07-08,-0.0
2015-07-09,-0.0
2015-07-10,-0.0
2015-07-13,-0.0
2015-07-14,-0.0
2015-07-15,-0.0
2015-07-16,-0.0
2015-07-17,-0.0
2015-07-20,-0.0
2015-07-21,0.0
2015-07-22,0.0
2015-07-23,0.0
2015-07-24,0.0
2015-07-27,0.0
2015-07-28,0.0
2015-07-29,0.0
2015-07-30,0.0
2015-07-31,0.0
2015-08-03,0.0
2015-08-04,0.0
2015-08-05,0.0
2015-08-06,0.0
2015-08-07,0.0
2015-08-10,0.0
2015-08-11,-0.0
2015-08-12,-0.0
2015-08-13,-0.0
2015-08-14,-0.0
2015-08-17,-0.0
2015-08-18,0.0
2015-08-19,0.0
2015-08-20,0.0
2015-08-21,0.0
2015-08-24,0.0
2015-08-25,0.0
2015-08-26,0.0
2015-08-27,0.0
2015-08-28,0.0
2015-08-31,0.0
2015-09-01,-0.0
2015-09-02,-0.0
2015-09-03,-0.0
2015-09-04,-0.0
2015-09-07,-0.0
2015-09-08,0.0
2015-09-09,0.0
2015-09-10,0.0
2015-09-11,0.0
2015-09-14,0.0
2015-09-15,-0.0
2015-09-16,-0.0
2015-09-17,-0.0
2015-09-18,-0.0
2015-09-21,-0.0
2015-09-22,0.0
2015-09-23,0.0
2015-09-24,0.0
2015-09-25,0.0
2015-09-28,0.0
2015-09-29,0.0
2015-09-30,0.0
2015-10-01,0.0
2015-10-02,0.0
2015-10-05,0.0
2015-10-06,-0.0
2015-10-07,-0.0
2015-10-08,-0.0
2015-10-09,-0.0
2015-10-12,-0.0
2015-10-13,-0.00030898599699784394
2015-10-14,-0.00030898599699784394
2015-10-15,-0.00030898599699784394
2015-10-16,-0.00030898599699784394
2015-10-19,-0.00030898599699784394
2015-10-20,0.004086794078841027
2015-10-21,0.004086794078841027
2015-10-22,0.004086794078841027
2015-10-23,0.004086794078841027
2015-10-26,0.004086794078841027
2015-10-27,-0.0018974591066879486
2015-10-28,-0.0018974591066879486
2015-10-29,-0.0018974591066879486
2015-10-30,-0.0018974591066879486
2015-11-02,-0.0018974591066879486
2015-11-03,-2.599340407852438e-05
2015-11-04,-2.599340407852438e-05
2015-11-05,-2.599340407852438e-05
2015-11-06,-2.599340407852438e-05
2015-11-09,-2.599340407852438e-05
2015-11-10,0.0
2015-11-11,0.0
2015-11-12,0.0
2015-11-13,0.0
2015-11-16,0.0
2015-11-17,0.0
2015-11-18,0.0
2015-11-19,0.0
2015-11-20,0.0
2015-11-23,0.0
2015-11-24,-0.0
2015-11-25,-0.0
2015-11-26,-0.0
2015-11-27,-0.0
2015-11-30,-0.0
2015-12-01,-0.0
2015-12-02,-0.0
2015-12-03,-0.0
2015-12-04,-0.0
2015-12-07,-0.0
2015-12-08,0.0
2015-12-09,0.0
2015-12-10,0.0
2015-12-11,0.0
2015-12-14,0.0
2015-12-15,0.0
2015-12-16,0.0
2015-12-17,0.0
2015-12-18,0.0
2015-12-21,0.0
2015-12-22,-0.0
2015-12-23,-0.0
2015-12-24,-0.0
2015-12-25,-0.0
2015-12-28,-0.0
2015-12-29,-0.0
2015-12-30,-0.0
2015-12-31,-0.0
2016-01-01,-0.0
2016-01-04,-0.0
2016-01-05,-0.0
2016-01-06,-0.0
2016-01-07,-0.0
2016-01-08,-0.0
2016-01-11,-0.0
2016-01-12,-0.0
2016-01-13,-0.0
2016-01-14,-0.0
2016-01-15,-0.0
2016-01-18,-0.0
2016-01-19,0.008798889058403005
2016-01-20,0.008798889058403005
2016-01-21,0.008798889058403005
2016-01-22,0.008798889058403005
2016-01-25,0.008798889058403005
2016-01-26,-0.008981342636549927
2016-01-27,-0.008981342636549927
2016-01-28,-0.008981342636549927
2016-01-29,-0.008981342636549927
2016-02-01,-0.008981342636549927
2016-02-02,0.005086414356333213
2016-02-03,0.005086414356333213
2016-02-04,0.005086414356333213
2016-02-05,0.005086414356333213
2016-02-08,0.005086414356333213
2016-02-09,0.005335081401527742
2016-02-10,0.005335081401527742
2016-02-11,0.005335081401527742
2016-02-12,0.005335081401527742
2016-02-15,0.005335081401527742
2016-02-16,0.0016686011563915137
2016-02-17,0.0016686011563915137
2016-02-18,0.0016686011563915137
2016-02-19,0.0016686011563915137
2016-02-22,0.0016686011563915137
2016-02-23,0.010973794172257323
2016-02-24,0.010973794172257323
2016-02-25,0.010973794172257323
2016-02-26,0.010973794172257323
2016-02-29,0.010973794172257323
2016-03-01,-0.000499411839877384
2016-03-02,-0.000499411839877384
2016-03-03,-0.000499411839877384
2016-03-04,-0.000499411839877384
2016-03-07,-0.000499411839877384
2016-03-08,0.003927803377012573
2016-03-09,0.003927803377012573
2016-03-10,0.003927803377012573
2016-03-11,0.003927803377012573
2016-03-14,0.003927803377012573
2016-03-15,-0.0015009078658307028
2016-03-16,-0.0015009078658307028
2016-03-17,-0.0015009078658307028
2016-03-18,-0.0015009078658307028
2016-03-21,-0.0015009078658307028
2016-03-22,0.002753186749222314
2016-03-23,0.002753186749222314
2016-03-24,0.002753186749222314
2016-03-25,0.002753186749222314
2016-03-28,0.002753186749222314
2016-03-29,-0.0017825085684901598
2016-03-30,-0.0017825085684901598
2016-03-31,-0.0017825085684901598
2016-04-01,-0.0017825085684901598
2016-04-04,-0.0017825085684901598
2016-04-05,0.006576582068296722
2016-04-06,0.006576582068296722
2016-04-07,0.006576582068296722
2016-04-08,0.006576582068296722
2016-04-11,0.006576582068296722
2016-04-12,-2.547376225032745e-05
2016-04-13,-2.547376225032745e-05
2016-04-14,-2.547376225032745e-05
2016-04-15,-2.547376225032745e-05
2016-04-18,-2.547376225032745e-05
2016-04-19,0.0
2016-04-20,0.0
2016-04-21,0.0
2016-04-22,0.0
2016-04-25,0.0
2016-04-26,-0.0
2016-04-27,-0.0
2016-04-28,-0.0
2016-04-29,-0.0
2016-05-02,-0.0
2016-05-03,0.0
2016-05-04,0.0
2016-05-05,0.0
2016-05-06,0.0
2016-05-09,0.0
2016-05-10,-0.0
2016-05-11,-0.0
2016-05-12,-0.0
2016-05-13,-0.0
2016-05-16,-0.0
2016-05-17,0.0
2016-05-18,0.0
2016-05-19,0.0
2016-05-20,0.0
2016-05-23,0.0
2016-05-24,0.0
2016-05-25,0.0
2016-05-26,0.0
2016-05-27,0.0
2016-05-30,0.0
2016-05-31,-0.0
2016-06-01,-0.0
2016-06-02,-0.0
2016-06-03,-0.0
2016-06-06,-0.0
2016-06-07,0.0
2016-06-08,0.0
2016-06-09,0.0
2016-06-10,0.0
2016-06-13,0.0
2016-06-14,-0.0
2016-06-15,-0.0
2016-06-16,-0.0
2016-06-17,-0.0
2016-06-20,-0.0
2016-06-21,0.0
2016-06-22,0.0
2016-06-23,0.0
2016-06-24,0.0
2016-06-27,0.0
2016-06-28,0.0
2016-06-29,0.0
2016-06-30,0.0
2016-07-01,0.0
2016-07-04,0.0
2016-07-05,0.0
2016-07-06,0.0
2016-07-07,0.0
2016-07-08,0.0
2016-07-11,0.0
2016-07-12,0.0
2016-07-13,0.0
2016-07-14,0.0
2016-07-15,0.0
2016-07-18,0.0
2016-07-19,0.0
2016-07-20,0.0
2016-07-21,0.0
2016-07-22,0.0
2016-07-25,0.0
2016-07-26,0.0
2016-07-27,0.0
2016-07-28,0.0
2016-07-29,0.0
2016-08-01,0.0
2016-08-02,0.0
2016-08-03,0.0
2016-08-04,0.0
2016-08-05,0.0
2016-08-08,0.0
2016-08-09,-0.0
2016-08-10,-0.0
2016-08-11,-0.0
2016-08-12,-0.0
2016-08-15,-0.0
2016-08-16,0.0
2016-08-17,0.0
2016-08-18,0.0
2016-08-19,0.0
2016-08-22,0.0
2016-08-23,0.0
2016-08-24,0.0
2016-08-25,0.0
2016-08-26,0.0
2016-08-29,0.0
2016-08-30,-0.0
2016-08-31,-0.0
2016-09-01,-0.0
2016-09-02,-0.0
2016-09-05,-0.0
2016-09-06,-0.0
2016-09-07,-0.0
2016-09-08,-0.0
2016-09-09,-0.0
2016-09-12,-0.0
2016-09-13,0.0
2016-09-14,0.0
2016-09-15,0.0
2016-09-16,0.0
2016-09-19,0.0
2016-09-20,-0.0
2016-09-21,-0.0
2016-09-22,-0.0
2016-09-23,-0.0
2016-09-26,-0.0
2016-09-27,0.0
2016-09-28,0.0
2016-09-29,0.0
2016-09-30,0.0
2016-10-03,0.0
2016-10-04,-0.0
2016-10-05,-0.0
2016-10-06,-0.0
2016-10-07,-0.0
2016-10-10,-0.0
2016-10-11,0.0
2016-10-12,0.0
2016-10-13,0.0
2016-10-14,0.0
2016-10-17,0.0
2016-10-18,-0.0
2016-10-19,-0.0
2016-10-20,-0.0
2016-10-21,-0.0
2016-10-24,-0.0
2016-10-25,-0.0
2016-10-26,-0.0
2016-10-27,-0.0
2016-10-28,-0.0
2016-10-31,-0.0
2016-11-01,0.0
2016-11-02,0.0
2016-11-03,0.0
2016-11-04,0.0
2016-11-07,0.0
2016-11-08,0.0
2016-11-09,0.0
2016-11-10,0.0
2016-11-11,0.0
2016-11-14,0.0
2016-11-15,0.0
2016-11-16,0.0
2016-11-17,0.0
2016-11-18,0.0
2016-11-21,0.0
2016-11-22,0.0
2016-11-23,0.0
2016-11-24,0.0
2016-11-25,0.0
2016-11-28,0.0
2016-11-29,0.0
2016-11-30,0.0
2016-12-01,0.0
2016-12-02,0.0
2016-12-05,0.0
2016-12-06,-0.0
2016-12-07,-0.0
2016-12-08,-0.0
2016-12-09,-0.0
2016-12-12,-0.0
2016-12-13,0.0
2016-12-14,0.0
2016-12-15,0.0
2016-12-16,0.0
2016-12-19,0.0
2016-12-20,-0.0
2016-12-21,-0.0
2016-12-22,-0.0
2016-12-23,-0.0
2016-12-26,-0.0
2016-12-27,0.0
2016-12-28,0.0
2016-12-29,0.0
2016-12-30,0.0
2017-01-02,0.0
2017-01-03,0.0
2017-01-04,0.0
2017-01-05,0.0
2017-01-06,0.0
2017-01-09,0.0
2017-01-10,-0.0
2017-01-11,-0.0
2017-01-12,-0.0
2017-01-13,-0.0
2017-01-16,-0.0
2017-01-17,0.0
2017-01-18,0.0
2017-01-19,0.0
2017-01-20,0.0
2017-01-23,0.0
2017-01-24,0.0
2017-01-25,0.0
2017-01-26,0.0
2017-01-27,0.0
2017-01-30,0.0
2017-01-31,0.0
2017-02-01,0.0
2017-02-02,0.0
2017-02-03,0.0
2017-02-06,0.0
2017-02-07,0.0
2017-02-08,0.0
2017-02-09,0.0
2017-02-10,0.0
2017-02-13,0.0
2017-02-14,-0.0
2017-02-15,-0.0
2017-02-16,-0.0
2017-02-17,-0.0
2017-02-20,-0.0
2017-02-21,-0.0
2017-02-22,-0.0
2017-02-23,-0.0
2017-02-24,-0.0
2017-02-27,-0.0
2017-02-28,-0.0
2017-03-01,-0.0
2017-03-02,-0.0
2017-03-03,-0.0
2017-03-06,-0.0
2017-03-07,0.0
2017-03-08,0.0
2017-03-09,0.0
2017-03-10,0.0
2017-03-13,0.0
2017-03-14,-0.0
2017-03-15,-0.0
2017-03-16,-0.0
2017-03-17,-0.0
2017-03-20,-0.0
2017-03-21,0.0
2017-03-22,0.0
2017-03-23,0.0
2017-03-24,0.0
2017-03-27,0.0
2017-03-28,0.0
2017-03-29,0.0
2017-03-30,0.0
2017-03-31,0.0
2017-04-03,0.0
2017-04-04,-0.0
2017-04-05,-0.0
2017-04-06,-0.0
2017-04-07,-0.0
2017-04-10,-0.0
2017-04-11,0.0
2017-04-12,0.0
2017-04-13,0.0
2017-04-14,0.0
2017-04-17,0.0
2017-04-18,0.0
2017-04-19,0.0
2017-04-20,0.0
2017-04-21,0.0
2017-04-24,0.0
2017-04-25,-0.0
2017-04-26,-0.0
2017-04-27,-0.0
2017-04-28,-0.0
2017-05-01,-0.0
2017-05-02,0.0
2017-05-03,0.0
2017-05-04,0.0
2017-05-05,0.0
2017-05-08,0.0
2017-05-09,-0.0
2017-05-10,-0.0
2017-05-11,-0.0
2017-05-12,-0.0
2017-05-15,-0.0
2017-05-16,0.0
2017-05-17,0.0
2017-05-18,0.0
2017-05-19,0.0
2017-05-22,0.0
2017-05-23,0.0
2017-05-24,0.0
2017-05-25,0.0
2017-05-26,0.0
2017-05-29,0.0
2017-05-30,0.0
2017-05-31,0.0
2017-06-01,0.0
2017-06-02,0.0
2017-06-05,0.0
2017-06-06,0.0
2017-06-07,0.0
2017-06-08,0.0
2017-06-09,0.0
2017-06-12,0.0
2017-06-13,-0.0
2017-06-14,-0.0
2017-06-15,-0.0
2017-06-16,-0.0
2017-06-19,-0.0
2017-06-20,0.0
2017-06-21,0.0
2017-06-22,0.0
2017-06-23,0.0
2017-06-26,0.0
2017-06-27,-0.0
2017-06-28,-0.0
2017-06-29,-0.0
2017-06-30,-0.0
2017-07-03,-0.0
2017-07-04,0.0
2017-07-05,0.0
2017-07-06,0.0
2017-07-07,0.0
2017-07-10,0.0
2017-07-11,0.0
2017-07-12,0.0
2017-07-13,0.0
2017-07-14,0.0
2017-07-17,0.0
2017-07-18,-0.0
2017-07-19,-0.0
2017-07-20,-0.0
2017-07-21,-0.0
2017-07-24,-0.0
2017-07-25,-0.0
2017-07-26,-0.0
2017-07-27,-0.0
2017-07-28,-0.0
2017-07-31,-0.0
2017-08-01,-0.0
2017-08-02,-0.0
2017-08-03,-0.0
2017-08-04,-0.0
2017-08-07,-0.0
2017-08-08,-0.0
2017-08-09,-0.0
2017-08-10,-0.0
2017-08-11,-0.0
2017-08-14,-0.0
2017-08-15,0.0
2017-08-16,0.0
2017-08-17,0.0
2017-08-18,0.0
2017-08-21,0.0
2017-08-22,0.0
2017-08-23,0.0
2017-08-24,0.0
2017-08-25,0.0
2017-08-28,0.0
2017-08-29,0.0
2017-08-30,0.0
2017-08-31,0.0
2017-09-01,0.0
2017-09-04,0.0
2017-09-05,0.0
2017-09-06,0.0
2017-09-07,0.0
2017-09-08,0.0
2017-09-11,0.0
2017-09-12,0.0
2017-09-13,0.0
2017-09-14,0.0
2017-09-15,0.0
2017-09-18,0.0
2017-09-19,0.0
2017-09-20,0.0
2017-09-21,0.0
2017-09-22,0.0
2017-09-25,0.0
2017-09-26,0.0
2017-09-27,0.0
2017-09-28,0.0
2017-09-29,0.0
2017-10-02,0.0
2017-10-03,0.0
2017-10-04,0.0
2017-10-05,0.0
2017-10-06,0.0
2017-10-09,0.0
2017-10-10,0.0
2017-10-11,0.0
2017-10-12,0.0
2017-10-13,0.0
2017-10-16,0.0
2017-10-17,0.0
2017-10-18,0.0
2017-10-19,0.0
2017-10-20,0.0
2017-10-23,0.0
2017-10-24,0.0
2017-10-25,0.0
2017-10-26,0.0
2017-10-27,0.0
2017-10-30,0.0
2017-10-31,-0.0
2017-11-01,-0.0
2017-11-02,-0.0
2017-11-03,-0.0
2017-11-06,-0.0
2017-11-07,0.0
2017-11-08,0.0
2017-11-09,0.0
2017-11-10,0.0
2017-11-13,0.0
2017-11-14,0.0
2017-11-15,0.0
2017-11-16,0.0
2017-11-17,0.0
2017-11-20,0.0
2017-11-21,0.0
2017-11-22,0.0
2017-11-23,0.0
2017-11-24,0.0
2017-11-27,0.0
2017-11-28,-0.0
2017-11-29,-0.0
2017-11-30,-0.0
2017-12-01,-0.0
2017-12-04,-0.0
2017-12-05,0.0
2017-12-06,0.0
2017-12-07,0.0
2017-12-08,0.0
2017-12-11,0.0
2017-12-12,0.0
2017-12-13,0.0
2017-12-14,0.0
2017-12-15,0.0
2017-12-18,0.0
2017-12-19,0.0
2017-12-20,0.0
2017-12-21,0.0
2017-12-22,0.0
2017-12-25,0.0
2017-12-26,0.0
2017-12-27,0.0
2017-12-28,0.0
2017-12-29,0.0
2018-01-01,0.0
2018-01-02,0.0
2018-01-03,0.0
2018-01-04,0.0
2018-01-05,0.0
2018-01-08,0.0
2018-01-09,0.0
2018-01-10,0.0
2018-01-11,0.0
2018-01-12,0.0
2018-01-15,0.0
2018-01-16,-0.0
2018-01-17,-0.0
2018-01-18,-0.0
2018-01-19,-0.0
2018-01-22,-0.0
2018-01-23,-0.0
2018-01-24,-0.0
2018-01-25,-0.0
2018-01-26,-0.0
2018-01-29,-0.0
2018-01-30,-0.0
2018-01-31,-0.0
2018-02-01,-0.0
2018-02-02,-0.0
2018-02-05,-0.0
2018-02-06,0.0
2018-02-07,0.0
2018-02-08,0.0
2018-02-09,0.0
2018-02-12,0.0
2018-02-13,0.0
2018-02-14,0.0
2018-02-15,0.0
2018-02-16,0.0
2018-02-19,0.0
2018-02-20,-0.0
2018-02-21,-0.0
2018-02-22,-0.0
2018-02-23,-0.0
2018-02-26,-0.0
2018-02-27,0.0
2018-02-28,0.0
2018-03-01,0.0
2018-03-02,0.0
2018-03-05,0.0
2018-03-06,-0.0
2018-03-07,-0.0
2018-03-08,-0.0
2018-03-09,-0.0
2018-03-12,-0.0
2018-03-13,-0.0
2018-03-14,-0.0
2018-03-15,-0.0
2018-03-16,-0.0
2018-03-19,-0.0
2018-03-20,-0.0
2018-03-21,-0.0
2018-03-22,-0.0
2018-03-23,-0.0
2018-03-26,-0.0
2018-03-27,0.0
2018-03-28,0.0
2018-03-29,0.0
2018-03-30,0.0
2018-04-02,0.0
2018-04-03,0.0
2018-04-04,0.0
2018-04-05,0.0
2018-04-06,0.0
2018-04-09,0.0
2018-04-10,-7.700010479486325e-05
2018-04-11,-7.700010479486325e-05
2018-04-12,-7.700010479486325e-05
2018-04-13,-7.700010479486325e-05
2018-04-16,-7.700010479486325e-05
2018-04-17,-0.0030596051696291982
2018-04-18,-0.0030596051696291982
2018-04-19,-0.0030596051696291982
2018-04-20,-0.0030596051696291982
2018-04-23,-0.0030596051696291982
2018-04-24,0.0038530681085371388
2018-04-25,0.0038530681085371388
2018-04-26,0.0038530681085371388
2018-04-27,0.0038530681085371388
2018-04-30,0.0038530681085371388
2018-05-01,0.002990747720997877
2018-05-02,0.002990747720997877
2018-05-03,0.002990747720997877
2018-05-04,0.002990747720997877
2018-05-07,0.002990747720997877
2018-05-08,0.002884194061462608
2018-05-09,0.002884194061462608
2018-05-10,0.002884194061462608
2018-05-11,0.002884194061462608
2018-05-14,0.002884194061462608
2018-05-15,-0.0023282405690393305
2018-05-16,-0.0023282405690393305
2018-05-17,-0.0023282405690393305
2018-05-18,-0.0023282405690393305
2018-05-21,-0.0023282405690393305
2018-05-22,-1.880597443218503e-05
2018-05-23,-1.880597443218503e-05
2018-05-24,-1.880597443218503e-05
2018-05-25,-1.880597443218503e-05
2018-05-28,-1.880597443218503e-05
2018-05-29,0.0
2018-05-30,0.0
2018-05-31,0.0
2018-06-01,0.0
2018-06-04,0.0
2018-06-05,-0.0
2018-06-06,-0.0
2018-06-07,-0.0
2018-06-08,-0.0
2018-06-11,-0.0
2018-06-12,-0.0034043329857888125
2018-06-13,-0.0034043329857888125
2018-06-14,-0.0034043329857888125
2018-06-15,-0.0034043329857888125
2018-06-18,-0.0034043329857888125
2018-06-19,-1.8578084119956244e-05
2018-06-20,-1.8578084119956244e-05
2018-06-21,-1.8578084119956244e-05
2018-06-22,-1.8578084119956244e-05
2018-06-25,-1.8578084119956244e-05
2018-06-26,0.0
2018-06-27,0.0
2018-06-28,0.0
2018-06-29,0.0
2018-07-02,0.0
2018-07-03,-0.0
2018-07-04,-0.0
2018-07-05,-0.0
2018-07-06,-0.0
2018-07-09,-0.0
2018-07-10,0.0
2018-07-11,0.0
2018-07-12,0.0
2018-07-13,0.0
2018-07-16,0.0
2018-07-17,-0.0
2018-07-18,-0.0
2018-07-19,-0.0
2018-07-20,-0.0
2018-07-23,-0.0
2018-07-24,0.0
2018-07-25,0.0
2018-07-26,0.0
2018-07-27,0.0
2018-07-30,0.0
2018-07-31,-0.0
2018-08-01,-0.0
2018-08-02,-0.0
2018-08-03,-0.0
2018-08-06,-0.0
2018-08-07,0.0
2018-08-08,0.0
2018-08-09,0.0
2018-08-10,0.0
2018-08-13,0.0
2018-08-14,0.0
2018-08-15,0.0
2018-08-16,0.0
2018-08-17,0.0
2018-08-20,0.0
2018-08-21,-0.0
2018-08-22,-0.0
2018-08-23,-0.0
2018-08-24,-0.0
2018-08-27,-0.0
2018-08-28,-0.0
2018-08-29,-0.0
2018-08-30,-0.0
2018-08-31,-0.0
2018-09-03,-0.0
2018-09-04,-0.0
2018-09-05,-0.0
2018-09-06,-0.0
2018-09-07,-0.0
2018-09-10,-0.0
2018-09-11,0.0
2018-09-12,0.0
2018-09-13,0.0
2018-09-14,0.0
2018-09-17,0.0
2018-09-18,-0.0
2018-09-19,-0.0
2018-09-20,-0.0
2018-09-21,-0.0
2018-09-24,-0.0
2018-09-25,-0.0
2018-09-26,-0.0
2018-09-27,-0.0
2018-09-28,-0.0
2018-10-01,-0.0
2018-10-02,-0.0
2018-10-03,-0.0
2018-10-04,-0.0
2018-10-05,-0.0
2018-10-08,-0.0
2018-10-09,-0.0
2018-10-10,-0.0
2018-10-11,-0.0
2018-10-12,-0.0
2018-10-15,-0.0
2018-10-16,-0.0
2018-10-17,-0.0
2018-10-18,-0.0
2018-10-19,-0.0
2018-10-22,-0.0
2018-10-23,0.0
2018-10-24,0.0
2018-10-25,0.0
2018-10-26,0.0
2018-10-29,0.0
2018-10-30,-0.0
2018-10-31,-0.0
2018-11-01,-0.0
2018-11-02,-0.0
2018-11-05,-0.0
2018-11-06,-0.0014182909841148968
2018-11-07,-0.0014182909841148968
2018-11-08,-0.0014182909841148968
2018-11-09,-0.0014182909841148968
2018-11-12,-0.0014182909841148968
2018-11-13,-1.970908331229847e-05
2018-11-14,-1.970908331229847e-05
2018-11-15,-1.970908331229847e-05
2018-11-16,-1.970908331229847e-05
2018-11-19,-1.970908331229847e-05
2018-11-20,0.005022424323071785
2018-11-21,0.005022424323071785
2018-11-22,0.005022424323071785
2018-11-23,0.005022424323071785
2018-11-26,0.005022424323071785
2018-11-27,-0.013114751546268177
2018-11-28,-0.013114751546268177
2018-11-29,-0.013114751546268177
2018-11-30,-0.013114751546268177
2018-12-03,-0.013114751546268177
2018-12-04,-0.008195421266627955
2018-12-05,-0.008195421266627955
2018-12-06,-0.008195421266627955
2018-12-07,-0.008195421266627955
2018-12-10,-0.008195421266627955
2018-12-11,-0.015016983396184135
2018-12-12,-0.015016983396184135
2018-12-13,-0.015016983396184135
2018-12-14,-0.015016983396184135
2018-12-17,-0.015016983396184135
2018-12-18,0.012429819969814382
2018-12-19,0.012429819969814382
2018-12-20,0.012429819969814382
2018-12-21,0.012429819969814382
2018-12-24,0.012429819969814382
2018-12-25,-2.1729318089683833e-05
2018-12-26,-2.1729318089683833e-05
2018-12-27,-2.1729318089683833e-05
2018-12-28,-2.1729318089683833e-05
2018-12-31,-2.1729318089683833e-05
2019-01-01,0.005931725076114992
2019-01-02,0.005931725076114992
2019-01-03,0.005931725076114992
2019-01-04,0.005931725076114992
2019-01-07,0.005931725076114992
2019-01-08,0.004200941207314646
2019-01-09,0.004200941207314646
2019-01-10,0.004200941207314646
2019-01-11,0.004200941207314646
2019-01-14,0.004200941207314646
2019-01-15,0.0029414586277329404
2019-01-16,0.0029414586277329404
2019-01-17,0.0029414586277329404
2019-01-18,0.0029414586277329404
2019-01-21,0.0029414586277329404
2019-01-22,0.004654044135770574
2019-01-23,0.004654044135770574
2019-01-24,0.004654044135770574
2019-01-25,0.004654044135770574
2019-01-28,0.004654044135770574
2019-01-29,0.0007924426916382288
2019-01-30,0.0007924426916382288
2019-01-31,0.0007924426916382288
2019-02-01,0.0007924426916382288
2019-02-04,0.0007924426916382288
2019-02-05,0.005696710529556936
2019-02-06,0.005696710529556936
2019-02-07,0.005696710529556936
2019-02-08,0.005696710529556936
2019-02-11,0.005696710529556936
2019-02-12,0.0017527275716313628
2019-02-13,0.0017527275716313628
2019-02-14,0.0017527275716313628
2019-02-15,0.0017527275716313628
2019-02-18,0.0017527275716313628
2019-02-19,-0.0017091426109255626
2019-02-20,-0.0017091426109255626
2019-02-21,-0.0017091426109255626
2019-02-22,-0.0017091426109255626
2019-02-25,-0.0017091426109255626
2019-02-26,-0.003155592576897415
2019-02-27,-0.003155592576897415
2019-02-28,-0.003155592576897415
2019-03-01,-0.003155592576897415
2019-03-04,-0.003155592576897415
2019-03-05,-1.9134769868499066e-05
2019-03-06,-1.9134769868499066e-05
2019-03-07,-1.9134769868499066e-05
2019-03-08,-1.9134769868499066e-05
2019-03-11,-1.9134769868499066e-05
2019-03-12,-0.0
2019-03-13,-0.0
2019-03-14,-0.0
2019-03-15,-0.0
2019-03-18,-0.0
2019-03-19,0.0
2019-03-20,0.0
2019-03-21,0.0
2019-03-22,0.0
2019-03-25,0.0
2019-03-26,0.0
2019-03-27,0.0
2019-03-28,0.0
2019-03-29,0.0
2019-04-01,0.0
2019-04-02,0.0
2019-04-03,0.0
2019-04-04,0.0
2019-04-05,0.0
2019-04-08,0.0
2019-04-09,-0.0
2019-04-10,-0.0
2019-04-11,-0.0
2019-04-12,-0.0
2019-04-15,-0.0
2019-04-16,0.0
2019-04-17,0.0
2019-04-18,0.0
2019-04-19,0.0
2019-04-22,0.0
2019-04-23,0.0
2019-04-24,0.0
2019-04-25,0.0
2019-04-26,0.0
2019-04-29,0.0
2019-04-30,-0.0
2019-05-01,-0.0
2019-05-02,-0.0
2019-05-03,-0.0
2019-05-06,-0.0
2019-05-07,-0.0
2019-05-08,-0.0
2019-05-09,-0.0
2019-05-10,-0.0
2019-05-13,-0.0
2019-05-14,-0.0
2019-05-15,-0.0
2019-05-16,-0.0
2019-05-17,-0.0
2019-05-20,-0.0
2019-05-21,-0.0
2019-05-22,-0.0
2019-05-23,-0.0
2019-05-24,-0.0
2019-05-27,-0.0
2019-05-28,0.0
2019-05-29,0.0
2019-05-30,0.0
2019-05-31,0.0
2019-06-03,0.0
2019-06-04,-0.0
2019-06-05,-0.0
2019-06-06,-0.0
2019-06-07,-0.0
2019-06-10,-0.0
2019-06-11,0.0
2019-06-12,0.0
2019-06-13,0.0
2019-06-14,0.0
2019-06-17,0.0
2019-06-18,0.0
2019-06-19,0.0
2019-06-20,0.0
2019-06-21,0.0
2019-06-24,0.0
2019-06-25,-0.0
2019-06-26,-0.0
2019-06-27,-0.0
2019-06-28,-0.0
2019-07-01,-0.0
2019-07-02,0.0
2019-07-03,0.0
2019-07-04,0.0
2019-07-05,0.0
2019-07-08,0.0
2019-07-09,-0.0
2019-07-10,-0.0
2019-07-11,-0.0
2019-07-12,-0.0
2019-07-15,-0.0
2019-07-16,0.0
2019-07-17,0.0
2019-07-18,0.0
2019-07-19,0.0
2019-07-22,0.0
2019-07-23,-0.0
2019-07-24,-0.0
2019-07-25,-0.0
2019-07-26,-0.0
2019-07-29,-0.0
2019-07-30,0.0
2019-07-31,0.0
2019-08-01,0.0
2019-08-02,0.0
2019-08-05,0.0
2019-08-06,0.0
2019-08-07,0.0
2019-08-08,0.0
2019-08-09,0.0
2019-08-12,0.0
2019-08-13,-0.0
2019-08-14,-0.0
2019-08-15,-0.0
2019-08-16,-0.0
2019-08-19,-0.0
2019-08-20,0.0
2019-08-21,0.0
2019-08-22,0.0
2019-08-23,0.0
2019-08-26,0.0
2019-08-27,0.0
2019-08-28,0.0
2019-08-29,0.0
2019-08-30,0.0
2019-09-02,0.0
2019-09-03,0.0
2019-09-04,0.0
2019-09-05,0.0
2019-09-06,0.0
2019-09-09,0.0
2019-09-10,-0.0
2019-09-11,-0.0
2019-09-12,-0.0
2019-09-13,-0.0
2019-09-16,-0.0
2019-09-17,-0.0
2019-09-18,-0.0
2019-09-19,-0.0
2019-09-20,-0.0
2019-09-23,-0.0
2019-09-24,-0.0
2019-09-25,-0.0
2019-09-26,-0.0
2019-09-27,-0.0
2019-09-30,-0.0
2019-10-01,0.0
2019-10-02,0.0
2019-10-03,0.0
2019-10-04,0.0
2019-10-07,0.0
2019-10-08,0.0
2019-10-09,0.0
2019-10-10,0.0
2019-10-11,0.0
2019-10-14,0.0
2019-10-15,0.0
2019-10-16,0.0
2019-10-17,0.0
2019-10-18,0.0
2019-10-21,0.0
2019-10-22,0.0
2019-10-23,0.0
2019-10-24,0.0
2019-10-25,0.0
2019-10-28,0.0
2019-10-29,0.0
2019-10-30,0.0
2019-10-31,0.0
2019-11-01,0.0
2019-11-04,0.0
2019-11-05,0.0
2019-11-06,0.0
2019-11-07,0.0
2019-11-08,0.0
2019-11-11,0.0
2019-11-12,0.0
2019-11-13,0.0
2019-11-14,0.0
2019-11-15,0.0
2019-11-18,0.0
2019-11-19,-0.0
2019-11-20,-0.0
2019-11-21,-0.0
2019-11-22,-0.0
2019-11-25,-0.0
2019-11-26,0.0
2019-11-27,0.0
2019-11-28,0.0
2019-11-29,0.0
2019-12-02,0.0
2019-12-03,0.0
2019-12-04,0.0
2019-12-05,0.0
2019-12-06,0.0
2019-12-09,0.0
2019-12-10,0.0
2019-12-11,0.0
2019-12-12,0.0
2019-12-13,0.0
2019-12-16,0.0
2019-12-17,-0.0
2019-12-18,-0.0
2019-12-19,-0.0
2019-12-20,-0.0
2019-12-23,-0.0
2019-12-24,-0.0
2019-12-25,-0.0
2019-12-26,-0.0
2019-12-27,-0.0
2019-12-30,-0.0
2019-12-31,0.0
2020-01-01,0.0
2020-01-02,0.0
2020-01-03,0.0
2020-01-06,0.0
2020-01-07,0.0
2020-01-08,0.0
2020-01-09,0.0
2020-01-10,0.0
2020-01-13,0.0
2020-01-14,-0.0
2020-01-15,-0.0
2020-01-16,-0.0
2020-01-17,-0.0
2020-01-20,-0.0
2020-01-21,-0.0
2020-01-22,-0.0
2020-01-23,-0.0
2020-01-24,-0.0
2020-01-27,-0.0
2020-01-28,0.0
2020-01-29,0.0
2020-01-30,0.0
2020-01-31,0.0
2020-02-03,0.0
2020-02-04,0.0
2020-02-05,0.0
2020-02-06,0.0
2020-02-07,0.0
2020-02-10,0.0
2020-02-11,-0.0
2020-02-12,-0.0
2020-02-13,-0.0
2020-02-14,-0.0
2020-02-17,-0.0
2020-02-18,-0.0
2020-02-19,-0.0
2020-02-20,-0.0
2020-02-21,-0.0
2020-02-24,-0.0
2020-02-25,-0.0
2020-02-26,-0.0
2020-02-27,-0.0
2020-02-28,-0.0
2020-03-02,-0.0
2020-03-03,-0.0
2020-03-04,-0.0
2020-03-05,-0.0
2020-03-06,-0.0
2020-03-09,-0.0
2020-03-10,-0.0
2020-03-11,-0.0
2020-03-12,-0.0
2020-03-13,-0.0
2020-03-16,-0.0
2020-03-17,0.04064083621847329
2020-03-18,0.04064083621847329
2020-03-19,0.04064083621847329
2020-03-20,0.04064083621847329
2020-03-23,0.04064083621847329
2020-03-24,-0.0022049195390229535
2020-03-25,-0.0022049195390229535
2020-03-26,-0.0022049195390229535
2020-03-27,-0.0022049195390229535
2020-03-30,-0.0022049195390229535
2020-03-31,0.013042623959140265
2020-04-01,0.013042623959140265
2020-04-02,0.013042623959140265
2020-04-03,0.013042623959140265
2020-04-06,0.013042623959140265
2020-04-07,-0.0008929138914576696
2020-04-08,-0.0008929138914576696
2020-04-09,-0.0008929138914576696
2020-04-10,-0.0008929138914576696
2020-04-13,-0.0008929138914576696
2020-04-14,-2.315892287827077e-05
2020-04-15,-2.315892287827077e-05
2020-04-16,-2.315892287827077e-05
2020-04-17,-2.315892287827077e-05
2020-04-20,-2.315892287827077e-05
2020-04-21,-0.0
2020-04-22,-0.0
2020-04-23,-0.0
2020-04-24,-0.0
2020-04-27,-0.0
2020-04-28,0.009471341257962722
2020-04-29,0.009471341257962722
2020-04-30,0.009471341257962722
2020-05-01,0.009471341257962722
2020-05-04,0.009471341257962722
2020-05-05,0.0012053563850164205
2020-05-06,0.0012053563850164205
2020-05-07,0.0012053563850164205
2020-05-08,0.0012053563850164205
2020-05-11,0.0012053563850164205
2020-05-12,0.009414925803043506
2020-05-13,0.009414925803043506
2020-05-14,0.009414925803043506
2020-05-15,0.009414925803043506
2020-05-18,0.009414925803043506
2020-05-19,0.003645448306485788
2020-05-20,0.003645448306485788
2020-05-21,0.003645448306485788
2020-05-22,0.003645448306485788
2020-05-25,0.003645448306485788
2020-05-26,0.018134407326876857
2020-05-27,0.018134407326876857
2020-05-28,0.018134407326876857
2020-05-29,0.018134407326876857
2020-06-01,0.018134407326876857
2020-06-02,-0.01627206528324574
2020-06-03,-0.01627206528324574
2020-06-04,-0.01627206528324574
2020-06-05,-0.01627206528324574
2020-06-08,-0.01627206528324574
2020-06-09,0.0003557079689290088
2020-06-10,0.0003557079689290088
2020-06-11,0.0003557079689290088
2020-06-12,0.0003557079689290088
2020-06-15,0.0003557079689290088
2020-06-16,-0.0032354601596568553
2020-06-17,-0.0032354601596568553
2020-06-18,-0.0032354601596568553
2020-06-19,-0.0032354601596568553
2020-06-22,-0.0032354601596568553
2020-06-23,0.004268320569852602
2020-06-24,0.004268320569852602
2020-06-25,0.004268320569852602
2020-06-26,0.004268320569852602
2020-06-29,0.004268320569852602
2020-06-30,-0.004698446561824765
2020-07-01,-0.004698446561824765
2020-07-02,-0.004698446561824765
2020-07-03,-0.004698446561824765
2020-07-06,-0.004698446561824765
2020-07-07,0.00812767831242751
2020-07-08,0.00812767831242751
2020-07-09,0.00812767831242751
2020-07-10,0.00812767831242751
2020-07-13,0.00812767831242751
2020-07-14,0.004527367872098597
2020-07-15,0.004527367872098597
2020-07-16,0.004527367872098597
2020-07-17,0.004527367872098597
2020-07-20,0.004527367872098597
2020-07-21,-1.8910353949717815e-05
2020-07-22,-1.8910353949717815e-05
2020-07-23,-1.8910353949717815e-05
2020-07-24,-1.8910353949717815e-05
2020-07-27,-1.8910353949717815e-05
2020-07-28,0.006692001863158391
2020-07-29,0.006692001863158391
2020-07-30,0.006692001863158391
2020-07-31,0.006692001863158391
2020-08-03,0.006692001863158391
2020-08-04,-1.8112213030755605e-05
2020-08-05,-1.8112213030755605e-05
2020-08-06,-1.8112213030755605e-05
2020-08-07,-1.8112213030755605e-05
2020-08-10,-1.8112213030755605e-05
2020-08-11,-0.0
2020-08-12,-0.0
2020-08-13,-0.0
2020-08-14,-0.0
2020-08-17,-0.0
2020-08-18,-0.0
2020-08-19,-0.0
2020-08-20,-0.0
2020-08-21,-0.0
2020-08-24,-0.0
2020-08-25,-0.0
2020-08-26,-0.0
2020-08-27,-0.0
2020-08-28,-0.0
2020-08-31,-0.0
2020-09-01,0.0
2020-09-02,0.0
2020-09-03,0.0
2020-09-04,0.0
2020-09-07,0.0
2020-09-08,-0.0
2020-09-09,-0.0
2020-09-10,-0.0
2020-09-11,-0.0
2020-09-14,-0.0
2020-09-15,0.0
2020-09-16,0.0
2020-09-17,0.0
2020-09-18,0.0
2020-09-21,0.0
2020-09-22,0.0
2020-09-23,0.0
2020-09-24,0.0
2020-09-25,0.0
2020-09-28,0.0
2020-09-29,0.0
2020-09-30,0.0
2020-10-01,0.0
2020-10-02,0.0
2020-10-05,0.0
2020-10-06,-0.0
2020-10-07,-0.0
2020-10-08,-0.0
2020-10-09,-0.0
2020-10-12,-0.0
2020-10-13,-0.0
2020-10-14,-0.0
2020-10-15,-0.0
2020-10-16,-0.0
2020-10-19,-0.0
2020-10-20,-0.0
2020-10-21,-0.0
2020-10-22,-0.0
2020-10-23,-0.0
2020-10-26,-0.0
2020-10-27,0.0
2020-10-28,0.0
2020-10-29,0.0
2020-10-30,0.0
2020-11-02,0.0
2020-11-03,0.0
2020-11-04,0.0
2020-11-05,0.0
2020-11-06,0.0
2020-11-09,0.0
2020-11-10,0.0
2020-11-11,0.0
2020-11-12,0.0
2020-11-13,0.0
2020-11-16,0.0
2020-11-17,-0.0
2020-11-18,-0.0
2020-11-19,-0.0
2020-11-20,-0.0
2020-11-23,-0.0
2020-11-24,0.0
2020-11-25,0.0
2020-11-26,0.0
2020-11-27,0.0
2020-11-30,0.0
2020-12-01,-0.0
2020-12-02,-0.0
2020-12-03,-0.0
2020-12-04,-0.0
2020-12-07,-0.0
2020-12-08,0.0
2020-12-09,0.0
2020-12-10,0.0
2020-12-11,0.0
2020-12-14,0.0
2020-12-15,0.0
2020-12-16,0.0
2020-12-17,0.0
2020-12-18,0.0
2020-12-21,0.0
2020-12-22,-0.0
2020-12-23,-0.0
2020-12-24,-0.0
2020-12-25,-0.0
2020-12-28,-0.0
2020-12-29,0.0
2020-12-30,0.0
2020-12-31,0.0
2021-01-01,0.0
2021-01-04,0.0
2021-01-05,0.0
2021-01-06,0.0
2021-01-07,0.0
2021-01-08,0.0
2021-01-11,0.0
2021-01-12,0.0
2021-01-13,0.0
2021-01-14,0.0
2021-01-15,0.0
2021-01-18,0.0
2021-01-19,-0.0
2021-01-20,-0.0
2021-01-21,-0.0
2021-01-22,-0.0
2021-01-25,-0.0
2021-01-26,0.0
2021-01-27,0.0
2021-01-28,0.0
2021-01-29,0.0
2021-02-01,0.0
2021-02-02,0.0
2021-02-03,0.0
2021-02-04,0.0
2021-02-05,0.0
2021-02-08,0.0
2021-02-09,-0.0
2021-02-10,-0.0
2021-02-11,-0.0
2021-02-12,-0.0
2021-02-15,-0.0
2021-02-16,0.0
2021-02-17,0.0
2021-02-18,0.0
2021-02-19,0.0
2021-02-22,0.0
2021-02-23,-0.0
2021-02-24,-0.0
2021-02-25,-0.0
2021-02-26,-0.0
2021-03-01,-0.0
2021-03-02,0.0
2021-03-03,0.0
2021-03-04,0.0
2021-03-05,0.0
2021-03-08,0.0
2021-03-09,-0.0
2021-03-10,-0.0
2021-03-11,-0.0
2021-03-12,-0.0
2021-03-15,-0.0
2021-03-16,-0.0
2021-03-17,-0.0
2021-03-18,-0.0
2021-03-19,-0.0
2021-03-22,-0.0
2021-03-23,0.0
2021-03-24,0.0
2021-03-25,0.0
2021-03-26,0.0
2021-03-29,0.0
2021-03-30,0.0
2021-03-31,0.0
2021-04-01,0.0
2021-04-02,0.0
2021-04-05,0.0
2021-04-06,0.0
2021-04-07,0.0
2021-04-08,0.0
2021-04-09,0.0
2021-04-12,0.0
2021-04-13,0.0
2021-04-14,0.0
2021-04-15,0.0
2021-04-16,0.0
2021-04-19,0.0
2021-04-20,-0.0
2021-04-21,-0.0
2021-04-22,-0.0
2021-04-23,-0.0
2021-04-26,-0.0
2021-04-27,-0.0
2021-04-28,-0.0
2021-04-29,-0.0
2021-04-30,-0.0
2021-05-03,-0.0
2021-05-04,-0.0
2021-05-05,-0.0
2021-05-06,-0.0
2021-05-07,-0.0
2021-05-10,-0.0
2021-05-11,-0.0
2021-05-12,-0.0
2021-05-13,-0.0
2021-05-14,-0.0
2021-05-17,-0.0
2021-05-18,0.0
2021-05-19,0.0
2021-05-20,0.0
2021-05-21,0.0
2021-05-24,0.0
2021-05-25,-0.0
2021-05-26,-0.0
2021-05-27,-0.0
2021-05-28,-0.0
2021-05-31,-0.0
2021-06-01,0.0
2021-06-02,0.0
2021-06-03,0.0
2021-06-04,0.0
2021-06-07,0.0
2021-06-08,-0.0
2021-06-09,-0.0
2021-06-10,-0.0
2021-06-11,-0.0
2021-06-14,-0.0
2021-06-15,0.0
2021-06-16,0.0
2021-06-17,0.0
2021-06-18,0.0
2021-06-21,0.0
2021-06-22,-0.0
2021-06-23,-0.0
2021-06-24,-0.0
2021-06-25,-0.0
2021-06-28,-0.0
2021-06-29,0.0
2021-06-30,0.0
2021-07-01,0.0
2021-07-02,0.0
2021-07-05,0.0
2021-07-06,-0.0
2021-07-07,-0.0
2021-07-08,-0.0
2021-07-09,-0.0
2021-07-12,-0.0
2021-07-13,0.0
2021-07-14,0.0
2021-07-15,0.0
2021-07-16,0.0
2021-07-19,0.0
2021-07-20,0.0
2021-07-21,0.0
2021-07-22,0.0
2021-07-23,0.0
2021-07-26,0.0
2021-07-27,0.0
2021-07-28,0.0
2021-07-29,0.0
2021-07-30,0.0
2021-08-02,0.0
2021-08-03,0.0
2021-08-04,0.0
2021-08-05,0.0
2021-08-06,0.0
2021-08-09,0.0
2021-08-10,-0.0
2021-08-11,-0.0
2021-08-12,-0.0
2021-08-13,-0.0
2021-08-16,-0.0
2021-08-17,0.0
2021-08-18,0.0
2021-08-19,0.0
2021-08-20,0.0
2021-08-23,0.0
2021-08-24,-0.0
2021-08-25,-0.0
2021-08-26,-0.0
2021-08-27,-0.0
2021-08-30,-0.0
2021-08-31,-0.0
2021-09-01,-0.0
2021-09-02,-0.0
2021-09-03,-0.0
2021-09-06,-0.0
2021-09-07,-0.0
2021-09-08,-0.0
2021-09-09,-0.0
2021-09-10,-0.0
2021-09-13,-0.0
2021-09-14,0.0
2021-09-15,0.0
2021-09-16,0.0
2021-09-17,0.0
2021-09-20,0.0
2021-09-21,-0.0
2021-09-22,-0.0
2021-09-23,-0.0
2021-09-24,-0.0
2021-09-27,-0.0
2021-09-28,0.0
2021-09-29,0.0
2021-09-30,0.0
2021-10-01,0.0
2021-10-04,0.0
2021-10-05,0.0
2021-10-06,0.0
2021-10-07,0.0
2021-10-08,0.0
2021-10-11,0.0
2021-10-12,0.0
2021-10-13,0.0
2021-10-14,0.0
2021-10-15,0.0
2021-10-18,0.0
2021-10-19,0.0
2021-10-20,0.0
2021-10-21,0.0
2021-10-22,0.0
2021-10-25,0.0
2021-10-26,0.0
2021-10-27,0.0
2021-10-28,0.0
2021-10-29,0.0
2021-11-01,0.0
2021-11-02,0.0
2021-11-03,0.0
2021-11-04,0.0
2021-11-05,0.0
2021-11-08,0.0
2021-11-09,-0.0
2021-11-10,-0.0
2021-11-11,-0.0
2021-11-12,-0.0
2021-11-15,-0.0
2021-11-16,-0.0
2021-11-17,-0.0
2021-11-18,-0.0
2021-11-19,-0.0
2021-11-22,-0.0
2021-11-23,-0.0
2021-11-24,-0.0
2021-11-25,-0.0
2021-11-26,-0.0
2021-11-29,-0.0
2021-11-30,-0.0
2021-12-01,-0.0
2021-12-02,-0.0
2021-12-03,-0.0
2021-12-06,-0.0
2021-12-07,-0.0
2021-12-08,-0.0
2021-12-09,-0.0
2021-12-10,-0.0
2021-12-13,-0.0
2021-12-14,0.0
2021-12-15,0.0
2021-12-16,0.0
2021-12-17,0.0
2021-12-20,0.0
2021-12-21,0.0
2021-12-22,0.0
2021-12-23,0.0
2021-12-24,0.0
2021-12-27,0.0
2021-12-28,-0.0
2021-12-29,-0.0
2021-12-30,-0.0
2021-12-31,-0.0
2022-01-03,-0.0
2022-01-04,-0.0
2022-01-05,-0.0
2022-01-06,-0.0
2022-01-07,-0.0
2022-01-10,-0.0
2022-01-11,-0.0
2022-01-12,-0.0
2022-01-13,-0.0
2022-01-14,-0.0
2022-01-17,-0.0
2022-01-18,-0.0
2022-01-19,-0.0
2022-01-20,-0.0
2022-01-21,-0.0
2022-01-24,-0.0
2022-01-25,-0.0
2022-01-26,-0.0
2022-01-27,-0.0
2022-01-28,-0.0
2022-01-31,-0.0
2022-02-01,0.0
2022-02-02,0.0
2022-02-03,0.0
2022-02-04,0.0
2022-02-07,0.0
2022-02-08,-0.0
2022-02-09,-0.0
2022-02-10,-0.0
2022-02-11,-0.0
2022-02-14,-0.0
2022-02-15,0.0
2022-02-16,0.0
2022-02-17,0.0
2022-02-18,0.0
2022-02-21,0.0
2022-02-22,-0.0
2022-02-23,-0.0
2022-02-24,-0.0
2022-02-25,-0.0
2022-02-28,-0.0
2022-03-01,0.0
2022-03-02,0.0
2022-03-03,0.0
2022-03-04,0.0
2022-03-07,0.0
2022-03-08,0.0
2022-03-09,0.0
2022-03-10,0.0
2022-03-11,0.0
2022-03-14,0.0
2022-03-15,0.0
2022-03-16,0.0
2022-03-17,0.0
2022-03-18,0.0
2022-03-21,0.0
2022-03-22,-0.0
2022-03-23,-0.0
2022-03-24,-0.0
2022-03-25,-0.0
2022-03-28,-0.0
2022-03-29,-0.0
2022-03-30,-0.0
2022-03-31,-0.0
2022-04-01,-0.0
2022-04-04,-0.0
2022-04-05,0.0
2022-04-06,0.0
2022-04-07,0.0
2022-04-08,0.0
2022-04-11,0.0
2022-04-12,-0.0
2022-04-13,-0.0
2022-04-14,-0.0
2022-04-15,-0.0
2022-04-18,-0.0
2022-04-19,-0.0
2022-04-20,-0.0
2022-04-21,-0.0
2022-04-22,-0.0
2022-04-25,-0.0
2022-04-26,-0.0
2022-04-27,-0.0
2022-04-28,-0.0
2022-04-29,-0.0
2022-05-02,-0.0
2022-05-03,0.0
2022-05-04,0.0
2022-05-05,0.0
2022-05-06,0.0
2022-05-09,0.0
2022-05-10,-0.00048589072513869
2022-05-11,-0.00048589072513869
2022-05-12,-0.00048589072513869
2022-05-13,-0.00048589072513869
2022-05-16,-0.00048589072513869
2022-05-17,0.0086840146654231
2022-05-18,0.0086840146654231
2022-05-19,0.0086840146654231
2022-05-20,0.0086840146654231
2022-05-23,0.0086840146654231
2022-05-24,0.0016724133942796816
2022-05-25,0.0016724133942796816
2022-05-26,0.0016724133942796816
2022-05-27,0.0016724133942796816
2022-05-30,0.0016724133942796816
2022-05-31,-0.018869722212490125
2022-06-01,-0.018869722212490125
2022-06-02,-0.018869722212490125
2022-06-03,-0.018869722212490125
2022-06-06,-0.018869722212490125
2022-06-07,-0.003813897345155026
2022-06-08,-0.003813897345155026
2022-06-09,-0.003813897345155026
2022-06-10,-0.003813897345155026
2022-06-13,-0.003813897345155026
2022-06-14,0.008308330796106933
2022-06-15,0.008308330796106933
2022-06-16,0.008308330796106933
2022-06-17,0.008308330796106933
2022-06-20,0.008308330796106933
2022-06-21,-0.004051690259029028
2022-06-22,-0.004051690259029028
2022-06-23,-0.004051690259029028
2022-06-24,-0.004051690259029028
2022-06-27,-0.004051690259029028
2022-06-28,-4.78493078068798e-06
2022-06-29,-4.78493078068798e-06
2022-06-30,-4.78493078068798e-06
2022-07-01,-4.78493078068798e-06
2022-07-04,-4.78493078068798e-06
2022-07-05,0.0005115704158135337
2022-07-06,0.0005115704158135337
2022-07-07,0.0005115704158135337
2022-07-08,0.0005115704158135337
2022-07-11,0.0005115704158135337
2022-07-12,0.009785616244779272
2022-07-13,0.009785616244779272
2022-07-14,0.009785616244779272
2022-07-15,0.009785616244779272
2022-07-18,0.009785616244779272
2022-07-19,0.008374461395089705
2022-07-20,0.008374461395089705
2022-07-21,0.008374461395089705
2022-07-22,0.008374461395089705
2022-07-25,0.008374461395089705
2022-07-26,0.0007505095397900785
2022-07-27,0.0007505095397900785
2022-07-28,0.0007505095397900785
2022-07-29,0.0007505095397900785
2022-08-01,0.0007505095397900785
2022-08-02,0.00782525743978546
2022-08-03,0.00782525743978546
2022-08-04,0.00782525743978546
2022-08-05,0.00782525743978546
2022-08-08,0.00782525743978546
2022-08-09,-0.0073674065378621645
2022-08-10,-0.0073674065378621645
2022-08-11,-0.0073674065378621645
2022-08-12,-0.0073674065378621645
2022-08-15,-0.0073674065378621645
2022-08-16,-0.0030579496393605466
2022-08-17,-0.0030579496393605466
2022-08-18,-0.0030579496393605466
2022-08-19,-0.0030579496393605466
2022-08-22,-0.0030579496393605466
2022-08-23,-1.3910084514121273e-05
2022-08-24,-1.3910084514121273e-05
2022-08-25,-1.3910084514121273e-05
2022-08-26,-1.3910084514121273e-05
2022-08-29,-1.3910084514121273e-05
2022-08-30,0.0
2022-08-31,0.0
2022-09-01,0.0
2022-09-02,0.0
2022-09-05,0.0
2022-09-06,-0.0
2022-09-07,-0.0
2022-09-08,-0.0
2022-09-09,-0.0
2022-09-12,-0.0
2022-09-13,-0.0
2022-09-14,-0.0
2022-09-15,-0.0
2022-09-16,-0.0
2022-09-19,-0.0
2022-09-20,0.0
2022-09-21,0.0
2022-09-22,0.0
2022-09-23,0.0
2022-09-26,0.0
2022-09-27,-0.0
2022-09-28,-0.0
2022-09-29,-0.0
2022-09-30,-0.0
2022-10-03,-0.0
2022-10-04,0.0
2022-10-05,0.0
2022-10-06,0.0
2022-10-07,0.0
2022-10-10,0.0
2022-10-11,0.0
2022-10-12,0.0
2022-10-13,0.0
2022-10-14,0.0
2022-10-17,0.0
2022-10-18,0.0
2022-10-19,0.0
2022-10-20,0.0
2022-10-21,0.0
2022-10-24,0.0
2022-10-25,-0.0
2022-10-26,-0.0
2022-10-27,-0.0
2022-10-28,-0.0
2022-10-31,-0.0
2022-11-01,0.0
2022-11-02,0.0
2022-11-03,0.0
2022-11-04,0.0
2022-11-07,0.0
2022-11-08,-0.0
2022-11-09,-0.0
2022-11-10,-0.0
2022-11-11,-0.0
2022-11-14,-0.0
2022-11-15,0.0
2022-11-16,0.0
2022-11-17,0.0
2022-11-18,0.0
2022-11-21,0.0
2022-11-22,0.0
2022-11-23,0.0
2022-11-24,0.0
2022-11-25,0.0
2022-11-28,0.0
2022-11-29,-0.0
2022-11-30,-0.0
2022-12-01,-0.0
2022-12-02,-0.0
2022-12-05,-0.0
2022-12-06,-0.0
2022-12-07,-0.0
2022-12-08,-0.0
2022-12-09,-0.0
2022-12-12,-0.0
2022-12-13,0.0
2022-12-14,0.0
2022-12-15,0.0
2022-12-16,0.0
2022-12-19,0.0
2022-12-20,-0.0
2022-12-21,-0.0
2022-12-22,-0.0
2022-12-23,-0.0
2022-12-26,-0.0
2022-12-27,0.0
2022-12-28,0.0
2022-12-29,0.0
2022-12-30,0.0
2023-01-02,0.0
2023-01-03,0.0
2023-01-04,0.0
2023-01-05,0.0
2023-01-06,0.0
2023-01-09,0.0
2023-01-10,0.0
2023-01-11,0.0
2023-01-12,0.0
2023-01-13,0.0
2023-01-16,0.0
2023-01-17,0.0
2023-01-18,0.0
2023-01-19,0.0
2023-01-20,0.0
2023-01-23,0.0
2023-01-24,0.0
2023-01-25,0.0
2023-01-26,0.0
2023-01-27,0.0
2023-01-30,0.0
2023-01-31,-0.0
2023-02-01,-0.0
2023-02-02,-0.0
2023-02-03,-0.0
2023-02-06,-0.0
2023-02-07,-0.0
2023-02-08,-0.0
2023-02-09,-0.0
2023-02-10,-0.0
2023-02-13,-0.0
2023-02-14,0.0
2023-02-15,0.0
2023-02-16,0.0
2023-02-17,0.0
2023-02-20,0.0
2023-02-21,0.0
2023-02-22,0.0
2023-02-23,0.0
2023-02-24,0.0
2023-02-27,0.0
2023-02-28,-0.0
2023-03-01,-0.0
2023-03-02,-0.0
2023-03-03,-0.0
2023-03-06,-0.0
2023-03-07,0.0
2023-03-08,0.0
2023-03-09,0.0
2023-03-10,0.0
2023-03-13,0.0
2023-03-14,0.0
2023-03-15,0.0
2023-03-16,0.0
2023-03-17,0.0
2023-03-20,0.0
2023-03-21,0.0
2023-03-22,0.0
2023-03-23,0.0
2023-03-24,0.0
2023-03-27,0.0
2023-03-28,-0.0
2023-03-29,-0.0
2023-03-30,-0.0
2023-03-31,-0.0
2023-04-03,-0.0
2023-04-04,0.0
2023-04-05,0.0
2023-04-06,0.0
2023-04-07,0.0
2023-04-10,0.0
2023-04-11,-0.0
2023-04-12,-0.0
2023-04-13,-0.0
2023-04-14,-0.0
2023-04-17,-0.0
2023-04-18,-0.0
2023-04-19,-0.0
2023-04-20,-0.0
2023-04-21,-0.0
2023-04-24,-0.0
2023-04-25,-0.0
2023-04-26,-0.0
2023-04-27,-0.0
2023-04-28,-0.0
2023-05-01,-0.0
2023-05-02,-0.0
2023-05-03,-0.0
2023-05-04,-0.0
2023-05-05,-0.0
2023-05-08,-0.0
2023-05-09,0.0
2023-05-10,0.0
2023-05-11,0.0
2023-05-12,0.0
2023-05-15,0.0
2023-05-16,-0.0
2023-05-17,-0.0
2023-05-18,-0.0
2023-05-19,-0.0
2023-05-22,-0.0
2023-05-23,0.0
2023-05-24,0.0
2023-05-25,0.0
2023-05-26,0.0
2023-05-29,0.0
2023-05-30,0.0
2023-05-31,0.0
2023-06-01,0.0
2023-06-02,0.0
2023-06-05,0.0
2023-06-06,0.0
2023-06-07,0.0
2023-06-08,0.0
2023-06-09,0.0
2023-06-12,0.0
2023-06-13,-0.0
2023-06-14,-0.0
2023-06-15,-0.0
2023-06-16,-0.0
2023-06-19,-0.0
2023-06-20,0.0
2023-06-21,0.0
2023-06-22,0.0
2023-06-23,0.0
2023-06-26,0.0
2023-06-27,0.0
2023-06-28,0.0
2023-06-29,0.0
2023-06-30,0.0
2023-07-03,0.0
2023-07-04,0.0
2023-07-05,0.0
2023-07-06,0.0
2023-07-07,0.0
2023-07-10,0.0
2023-07-11,0.0
2023-07-12,0.0
2023-07-13,0.0
2023-07-14,0.0
2023-07-17,0.0
2023-07-18,0.0
2023-07-19,0.0
2023-07-20,0.0
2023-07-21,0.0
2023-07-24,0.0
2023-07-25,-0.0
2023-07-26,-0.0
2023-07-27,-0.0
2023-07-28,-0.0
2023-07-31,-0.0
2023-08-01,-0.0
2023-08-02,-0.0
2023-08-03,-0.0
2023-08-04,-0.0
2023-08-07,-0.0
2023-08-08,-0.0
2023-08-09,-0.0
2023-08-10,-0.0
2023-08-11,-0.0
2023-08-14,-0.0
2023-08-15,0.0
2023-08-16,0.0
2023-08-17,0.0
2023-08-18,0.0
2023-08-21,0.0
2023-08-22,0.0
2023-08-23,0.0
2023-08-24,0.0
2023-08-25,0.0
2023-08-28,0.0
2023-08-29,-0.0
2023-08-30,-0.0
2023-08-31,-0.0
2023-09-01,-0.0
2023-09-04,-0.0
2023-09-05,-0.0
2023-09-06,-0.0
2023-09-07,-0.0
2023-09-08,-0.0
2023-09-11,-0.0
2023-09-12,-0.0
2023-09-13,-0.0
2023-09-14,-0.0
2023-09-15,-0.0
2023-09-18,-0.0
2023-09-19,-0.0
2023-09-20,-0.0
2023-09-21,-0.0
2023-09-22,-0.0
2023-09-25,-0.0
2023-09-26,0.0
2023-09-27,0.0
2023-09-28,0.0
2023-09-29,0.0
2023-10-02,0.0
2023-10-03,0.0
2023-10-04,0.0
2023-10-05,0.0
2023-10-06,0.0
2023-10-09,0.0
2023-10-10,-0.0
2023-10-11,-0.0
2023-10-12,-0.0
2023-10-13,-0.0
2023-10-16,-0.0
2023-10-17,-0.0
2023-10-18,-0.0
2023-10-19,-0.0
2023-10-20,-0.0
2023-10-23,-0.0
2023-10-24,0.0
2023-10-25,0.0
2023-10-26,0.0
2023-10-27,0.0
2023-10-30,0.0
2023-10-31,-0.0
2023-11-01,-0.0
2023-11-02,-0.0
2023-11-03,-0.0
2023-11-06,-0.0
2023-11-07,0.00922113028917148
2023-11-08,0.00922113028917148
2023-11-09,0.00922113028917148
2023-11-10,0.00922113028917148
2023-11-13,0.00922113028917148
2023-11-14,0.0007127267399938298
2023-11-15,0.0007127267399938298
2023-11-16,0.0007127267399938298
2023-11-17,0.0007127267399938298
2023-11-20,0.0007127267399938298
2023-11-21,0.007037710578625012
2023-11-22,0.007037710578625012
2023-11-23,0.007037710578625012
2023-11-24,0.007037710578625012
2023-11-27,0.007037710578625012
2023-11-28,4.961739087594452e-05
2023-11-29,4.961739087594452e-05
2023-11-30,4.961739087594452e-05
2023-12-01,4.961739087594452e-05
2023-12-04,4.961739087594452e-05
2023-12-05,0.007848431253861365
2023-12-06,0.007848431253861365
2023-12-07,0.007848431253861365
2023-12-08,0.007848431253861365
2023-12-11,0.007848431253861365
2023-12-12,-1.2325307164122403e-05
2023-12-13,-1.2325307164122403e-05
2023-12-14,-1.2325307164122403e-05
2023-12-15,-1.2325307164122403e-05
2023-12-18,-1.2325307164122403e-05
2023-12-19,-0.0
2023-12-20,-0.0
2023-12-21,-0.0
2023-12-22,-0.0
2023-12-25,-0.0
2023-12-26,-0.0
2023-12-27,-0.0
2023-12-28,-0.0
2023-12-29,-0.0
2024-01-01,-0.0
2024-01-02,-0.0
2024-01-03,-0.0
2024-01-04,-0.0
2024-01-05,-0.0
2024-01-08,-0.0
2024-01-09,0.0
2024-01-10,0.0
2024-01-11,0.0
2024-01-12,0.0
2024-01-15,0.0
2024-01-16,0.0
2024-01-17,0.0
2024-01-18,0.0
2024-01-19,0.0
2024-01-22,0.0
2024-01-23,-0.0
2024-01-24,-0.0
2024-01-25,-0.0
2024-01-26,-0.0
2024-01-29,-0.0
2024-01-30,0.0
2024-01-31,0.0
2024-02-01,0.0
2024-02-02,0.0
2024-02-05,0.0
2024-02-06,-0.0
2024-02-07,-0.0
2024-02-08,-0.0
2024-02-09,-0.0
2024-02-12,-0.0
2024-02-13,0.0
2024-02-14,0.0
2024-02-15,0.0
2024-02-16,0.0
2024-02-19,0.0
2024-02-20,0.0
2024-02-21,0.0
2024-02-22,0.0
2024-02-23,0.0
2024-02-26,0.0
2024-02-27,0.0
2024-02-28,0.0
2024-02-29,0.0
2024-03-01,0.0
2024-03-04,0.0
2024-03-05,-0.0
2024-03-06,-0.0
2024-03-07,-0.0
2024-03-08,-0.0
2024-03-11,-0.0
2024-03-12,0.0
2024-03-13,0.0
2024-03-14,0.0
2024-03-15,0.0
2024-03-18,0.0
2024-03-19,0.0
2024-03-20,0.0
2024-03-21,0.0
2024-03-22,0.0
2024-03-25,0.0
2024-03-26,-0.0
2024-03-27,-0.0
2024-03-28,-0.0
2024-03-29,-0.0
2024-04-01,-0.0
2024-04-02,-0.0
2024-04-03,-0.0
2024-04-04,-0.0
2024-04-05,-0.0
2024-04-08,-0.0
2024-04-09,-0.0
2024-04-10,-0.0
2024-04-11,-0.0
2024-04-12,-0.0
2024-04-15,-0.0
2024-04-16,0.0
2024-04-17,0.0
2024-04-18,0.0
2024-04-19,0.0
2024-04-22,0.0
2024-04-23,0.0
2024-04-24,0.0
2024-04-25,0.0
2024-04-26,0.0
2024-04-29,0.0
2024-04-30,0.0
2024-05-01,0.0
2024-05-02,0.0
2024-05-03,0.0
2024-05-06,0.0
2024-05-07,0.0
2024-05-08,0.0
2024-05-09,0.0
2024-05-10,0.0
2024-05-13,0.0
2024-05-14,-0.0
2024-05-15,-0.0
2024-05-16,-0.0
2024-05-17,-0.0
2024-05-20,-0.0
2024-05-21,0.0
2024-05-22,0.0
2024-05-23,0.0
2024-05-24,0.0
2024-05-27,0.0
2024-05-28,-0.0
2024-05-29,-0.0
2024-05-30,-0.0
2024-05-31,-0.0
2024-06-03,-0.0
2024-06-04,-0.0
2024-06-05,-0.0
2024-06-06,-0.0
2024-06-07,-0.0
2024-06-10,-0.0
2024-06-11,0.0
2024-06-12,0.0
2024-06-13,0.0
2024-06-14,0.0
2024-06-17,0.0
2024-06-18,-0.0
2024-06-19,-0.0
2024-06-20,-0.0
2024-06-21,-0.0
2024-06-24,-0.0
2024-06-25,0.0
2024-06-26,0.0
2024-06-27,0.0
2024-06-28,0.0
2024-07-01,0.0
2024-07-02,0.0
2024-07-03,0.0
2024-07-04,0.0
2024-07-05,0.0
2024-07-08,0.0
2024-07-09,0.0
2024-07-10,0.0
2024-07-11,0.0
2024-07-12,0.0
2024-07-15,0.0
2024-07-16,0.0
2024-07-17,0.0
2024-07-18,0.0
2024-07-19,0.0
2024-07-22,0.0
2024-07-23,-0.0
2024-07-24,-0.0
2024-07-25,-0.0
2024-07-26,-0.0
2024-07-29,-0.0
2024-07-30,0.0
2024-07-31,0.0
2024-08-01,0.0
2024-08-02,0.0
2024-08-05,0.0
2024-08-06,0.0
2024-08-07,0.0
2024-08-08,0.0
2024-08-09,0.0
2024-08-12,0.0
2024-08-13,0.0
2024-08-14,0.0
2024-08-15,0.0
2024-08-16,0.0
2024-08-19,0.0
2024-08-20,-0.0
2024-08-21,-0.0
2024-08-22,-0.0
2024-08-23,-0.0
2024-08-26,-0.0
2024-08-27,-0.0037450063052031483
2024-08-28,-0.0037450063052031483
2024-08-29,-0.0037450063052031483
2024-08-30,-0.0037450063052031483
2024-09-02,-0.0037450063052031483
2024-09-03,-1.1367201281122806e-05
2024-09-04,-1.1367201281122806e-05
2024-09-05,-1.1367201281122806e-05
2024-09-06,-1.1367201281122806e-05
2024-09-09,-1.1367201281122806e-05
2024-09-10,0.0
2024-09-11,0.0
2024-09-12,0.0
2024-09-13,0.0
2024-09-16,0.0
2024-09-17,0.0
2024-09-18,0.0
2024-09-19,0.0
2024-09-20,0.0
2024-09-23,0.0
2024-09-24,-0.0
2024-09-25,-0.0
2024-09-26,-0.0
2024-09-27,-0.0
2024-09-30,-0.0
2024-10-01,0.0
2024-10-02,0.0
2024-10-03,0.0
2024-10-04,0.0
2024-10-07,0.0
2024-10-08,-0.000783686631316974
2024-10-09,-0.000783686631316974
2024-10-10,-0.000783686631316974
2024-10-11,-0.000783686631316974
2024-10-14,-0.000783686631316974
2024-10-15,-1.0610441458434881e-05
2024-10-16,-1.0610441458434881e-05
2024-10-17,-1.0610441458434881e-05
2024-10-18,-1.0610441458434881e-05
2024-10-21,-1.0610441458434881e-05
2024-10-22,-0.0
2024-10-23,-0.0
2024-10-24,-0.0
2024-10-25,-0.0
2024-10-28,-0.0
2024-10-29,0.013777607918883059
2024-10-30,0.013777607918883059
2024-10-31,0.013777607918883059
2024-11-01,0.013777607918883059
2024-11-04,0.013777607918883059
2024-11-05,-0.006595985023172002
2024-11-06,-0.006595985023172002
2024-11-07,-0.006595985023172002
2024-11-08,-0.006595985023172002
2024-11-11,-0.006595985023172002
2024-11-12,0.011068717911308345
2024-11-13,0.011068717911308345
2024-11-14,0.011068717911308345
2024-11-15,0.011068717911308345
2024-11-18,0.011068717911308345
2024-11-19,-9.876579924754174e-06
2024-11-20,-9.876579924754174e-06
2024-11-21,-9.876579924754174e-06
2024-11-22,-9.876579924754174e-06
2024-11-25,-9.876579924754174e-06
2024-11-26,-0.0
2024-11-27,-0.0
2024-11-28,-0.0
2024-11-29,-0.0
2024-12-02,-0.0
2024-12-03,-0.0
2024-12-04,-0.0
2024-12-05,-0.0
2024-12-06,-0.0
2024-12-09,-0.0
2024-12-10,-0.0
2024-12-11,-0.0
2024-12-12,-0.0
2024-12-13,-0.0
2024-12-16,-0.0
2024-12-17,-0.0
2024-12-18,-0.0
2024-12-19,-0.0
2024-12-20,-0.0
2024-12-23,-0.0
2024-12-24,0.0
2024-12-25,0.0
2024-12-26,0.0
2024-12-27,0.0
2024-12-30,0.0
2024-12-31,-0.0
2025-01-01,-0.0
2025-01-02,-0.0
2025-01-03,-0.0
2025-01-06,-0.0
2025-01-07,0.0
2025-01-08,0.0
2025-01-09,0.0
2025-01-10,0.0
2025-01-13,0.0
2025-01-14,-0.0
2025-01-15,-0.0
2025-01-16,-0.0
2025-01-17,-0.0
2025-01-20,-0.0
2025-01-21,-0.0
2025-01-22,-0.0
2025-01-23,-0.0
2025-01-24,-0.0
2025-01-27,-0.0
2025-01-28,0.0
2025-01-29,0.0
2025-01-30,0.0
2025-01-31,0.0
2025-02-03,0.0
2025-02-04,0.0
2025-02-05,0.0
2025-02-06,0.0
2025-02-07,0.0
2025-02-10,0.0
2025-02-11,-0.0
2025-02-12,-0.0
2025-02-13,-0.0
2025-02-14,-0.0
2025-02-17,-0.0
2025-02-18,-0.0
2025-02-19,-0.0
2025-02-20,-0.0
2025-02-21,-0.0
2025-02-24,-0.0
2025-02-25,-0.0
2025-02-26,-0.0
2025-02-27,-0.0
2025-02-28,-0.0
2025-03-03,-0.0
2025-03-04,0.0
2025-03-05,0.0
2025-03-06,0.0
2025-03-07,0.0
2025-03-10,0.0
2025-03-11,0.0
2025-03-12,0.0
2025-03-13,0.0
2025-03-14,0.0
2025-03-17,0.0
2025-03-18,-0.0
2025-03-19,-0.0
2025-03-20,-0.0
2025-03-21,-0.0
2025-03-24,-0.0
2025-03-25,-0.0
2025-03-26,-0.0
2025-03-27,-0.0
2025-03-28,-0.0
2025-03-31,-0.0
2025-04-01,0.0
2025-04-02,0.0
2025-04-03,0.0
2025-04-04,0.0
2025-04-07,0.0
2025-04-08,-0.0
2025-04-09,-0.0
2025-04-10,-0.0
2025-04-11,-0.0
2025-04-14,-0.0
2025-04-15,0.0
2025-04-16,0.0
2025-04-17,0.0
2025-04-18,0.0
2025-04-21,0.0
2025-04-22,0.0
2025-04-23,0.0
2025-04-24,0.0
2025-04-25,0.0
2025-04-28,0.0
2025-04-29,0.0
2025-04-30,0.0
2025-05-01,0.0
2025-05-02,0.0
2025-05-05,0.0
2025-05-06,0.001858004926929085
2025-05-07,0.001858004926929085
2025-05-08,0.001858004926929085
2025-05-09,0.001858004926929085
2025-05-12,0.001858004926929085
2025-05-13,-0.002153698702038964
2025-05-14,-0.002153698702038964
2025-05-15,-0.002153698702038964
2025-05-16,-0.002153698702038964
2025-05-19,-0.002153698702038964
2025-05-20,-1.0934994049958987e-05
2025-05-21,-1.0934994049958987e-05
2025-05-22,-1.0934994049958987e-05
2025-05-23,-1.0934994049958987e-05
2025-05-26,-1.0934994049958987e-05
2025-05-27,0.0
2025-05-28,0.0
2025-05-29,0.0
2025-05-30,0.0
2025-06-02,0.0
2025-06-03,-0.0
2025-06-04,-0.0
2025-06-05,-0.0
2025-06-06,-0.0
2025-06-09,-0.0
2025-06-10,0.0
2025-06-11,0.0
2025-06-12,0.0
2025-06-13,0.0
2025-06-16,0.0
2025-06-17,0.0
2025-06-18,0.0
2025-06-19,0.0
2025-06-20,0.0
2025-06-23,0.0
2025-06-24,0.0
2025-06-25,0.0
2025-06-26,0.0
2025-06-27,0.0
2025-06-30,0.0
2025-07-01,0.0
2025-07-02,0.0
2025-07-03,0.0
2025-07-04,0.0
2025-07-07,0.0
2025-07-08,-0.0
2025-07-09,-0.0
2025-07-10,-0.0
2025-07-11,-0.0
2025-07-14,-0.0
2025-07-15,0.0
2025-07-16,0.0
2025-07-17,0.0
2025-07-18,0.0
2025-07-21,0.0
2025-07-22,-0.0
2025-07-23,-0.0
2025-07-24,-0.0
2025-07-25,-0.0
2025-07-28,-0.0
2025-07-29,-0.0
2025-07-30,-0.0
2025-07-31,-0.0
2025-08-01,-0.0
2025-08-04,-0.0
2025-08-05,0.0
2025-08-06,0.0
2025-08-07,0.0
2025-08-08,0.0
2025-08-11,0.0
2025-08-12,0.0
2025-08-13,0.0
2025-08-14,0.0
2025-08-15,0.0
2025-08-18,0.0
2025-08-19,0.0
2025-08-20,0.0
2025-08-21,0.0
2025-08-22,0.0
2025-08-25,0.0
2025-08-26,0.0
2025-08-27,0.0
2025-08-28,0.0
2025-08-29,0.0
2025-09-01,0.0
2025-09-02,-0.0
2025-09-03,-0.0
2025-09-04,-0.0
2025-09-05,-0.0
2025-09-08,-0.0
2025-09-09,0.0
2025-09-10,0.0
2025-09-11,0.0
2025-09-12,0.0
2025-09-15,0.0
2025-09-16,-0.0
2025-09-17,-0.0
2025-09-18,-0.0
2025-09-19,-0.0
2025-09-22,-0.0
2025-09-23,0.0
2025-09-24,0.0
2025-09-25,0.0
2025-09-26,0.0
2025-09-29,0.0
2025-09-30,-0.0
2025-10-01,-0.0
2025-10-02,-0.0
2025-10-03,-0.0
2025-10-06,-0.0
2025-10-07,0.0
2025-10-08,0.0
2025-10-09,0.0
2025-10-10,0.0
2025-10-13,0.0
2025-10-14,0.0
2025-10-15,0.0
2025-10-16,0.0
2025-10-17,0.0
2025-10-20,0.0
2025-10-21,-0.0
2025-10-22,-0.0
2025-10-23,-0.0
2025-10-24,-0.0
2025-10-27,-0.0
2025-10-28,0.0
2025-10-29,0.0
2025-10-30,0.0
2025-10-31,0.0
2025-11-03,0.0
2025-11-04,-0.0
2025-11-05,-0.0
2025-11-06,-0.0
2025-11-07,-0.0
2025-11-10,-0.0
2025-11-11,0.0
2025-11-12,0.0
2025-11-13,0.0
2025-11-14,0.0
2025-11-17,0.0
2025-11-18,0.0
2025-11-19,0.0
2025-11-20,0.0
2025-11-21,0.0
2025-11-24,0.0
2025-11-25,0.0
2025-11-26,0.0
2025-11-27,0.0
2025-11-28,0.0
2025-12-01,0.0
2025-12-02,0.0
2025-12-03,0.0
2025-12-04,0.0
2025-12-05,0.0
2025-12-08,0.0
2025-12-09,0.0
2025-12-10,0.0
2025-12-11,0.0
2025-12-12,0.0
2025-12-15,0.0
2025-12-16,-0.0
2025-12-17,-0.0
2025-12-18,-0.0
2025-12-19,-0.0
2025-12-22,-0.0
2025-12-23,0.0
2025-12-24,0.0
2025-12-25,0.0
2025-12-26,0.0
2025-12-29,0.0
2025-12-30,0.0
2025-12-31,0.0
2026-01-01,0.0
2026-01-02,0.0
2026-01-05,0.0
2026-01-06,-0.0
2026-01-07,-0.0
2026-01-08,-0.0
2026-01-09,-0.0
2026-01-12,-0.0
2026-01-13,0.0
2026-01-14,0.0
2026-01-15,0.0
2026-01-16,0.0
2026-01-19,0.0
2026-01-20,-0.0
2026-01-21,-0.0
2026-01-22,-0.0
2026-01-23,-0.0
2026-01-26,-0.0
2026-01-27,0.0
2026-01-28,0.0
2026-01-29,0.0
2026-01-30,0.0
2026-02-02,0.0
2026-02-03,-0.0
2026-02-04,-0.0
2026-02-05,-0.0
2026-02-06,-0.0
2026-02-09,-0.0
2026-02-10,-0.0
2026-02-11,-0.0
2026-02-12,-0.0
2026-02-13,-0.0
2026-02-16,-0.0
2026-02-17,0.0
2026-02-18,0.0
2026-02-19,0.0
2026-02-20,0.0
2026-02-23,0.0
2026-02-24,-0.0
2026-02-25,-0.0
2026-02-26,-0.0
2026-02-27,-0.0
2026-03-02,-0.0
2026-03-03,-0.0
2026-03-04,-0.0
2026-03-05,-0.0
2026-03-06,-0.0
2026-03-09,-0.0
2026-03-10,-0.0
2026-03-11,-0.0
2026-03-12,-0.0
2026-03-13,-0.0
2026-03-16,-0.0
2026-03-17,-0.0
2026-03-18,-0.0
2026-03-19,-0.0
2026-03-20,-0.0
2026-03-23,-0.0
2026-03-24,0.0
2026-03-25,0.0
2026-03-26,0.0
2026-03-27,0.0
2026-03-30,0.0
2026-03-31,0.0
2026-04-01,0.0
2026-04-02,0.0
2026-04-03,0.0
2026-04-06,0.0
2026-04-07,0.0
2026-04-08,0.0
2026-04-09,0.0
2026-04-10,0.0
2026-04-13,0.0
2026-04-14,-0.0
2026-04-15,-0.0
2026-04-16,-0.0
2026-04-17,-0.0
2026-04-20,-0.0
2026-04-21,-0.0
2026-04-22,-0.0
2026-04-23,-0.0
2026-04-24,-0.0
2026-04-27,-0.0
2026-04-28,0.0
2026-04-29,0.0
2026-04-30,0.0
2026-05-01,0.0
2026-05-04,0.0
2026-05-05,-0.0
2026-05-06,-0.0
2026-05-07,-0.0
2026-05-08,-0.0
2026-05-11,-0.0
2026-05-12,0.0068835502916786235
2026-05-13,0.0068835502916786235
2026-05-14,0.0068835502916786235
2026-05-15,0.0068835502916786235
2026-05-18,0.0068835502916786235
2026-05-19,-8.831582466239886e-06
2026-05-20,-8.831582466239886e-06
2026-05-21,-8.831582466239886e-06
2026-05-22,-8.831582466239886e-06
2026-05-25,-8.831582466239886e-06
2026-05-26,-0.001117628893807702
2026-05-27,-0.001117628893807702
2026-05-28,-0.001117628893807702
2026-05-29,-0.001117628893807702
2026-06-01,-0.001117628893807702
2026-06-02,0.005962277507816083
2026-06-03,0.005962277507816083
2026-06-04,0.005962277507816083
2026-06-05,0.005962277507816083
2026-06-08,0.005962277507816083
2026-06-09,-8.637047631071967e-06
2026-06-10,-8.637047631071967e-06
2026-06-11,-8.637047631071967e-06
2026-06-12,-8.637047631071967e-06
2026-06-15,-8.637047631071967e-06
2026-06-16,0.001170305613856664
2026-06-17,0.001170305613856664
2026-06-18,0.001170305613856664
2026-06-19,0.001170305613856664
2026-06-22,0.001170305613856664
2026-06-23,-8.596974075712035e-06
2026-06-24,-8.596974075712035e-06
2026-06-25,-8.596974075712035e-06
2026-06-26,-8.596974075712035e-06
2026-06-29,-8.596974075712035e-06
2026-06-30,-0.0
2026-07-01,-0.0
2026-07-02,-0.0
2026-07-03,-0.0
2026-07-06,-0.0
2026-07-07,-0.0
2026-07-08,-0.0
2026-07-09,-0.0
2026-07-10,-0.0
2026-07-13,-0.0
2026-07-14,0.0
2026-07-15,0.0
2026-07-16,0.0
2026-07-17,0.0
2026-07-20,0.0
2026-07-21,0.0
2026-07-22,0.0
2026-07-23,0.0
2026-07-24,0.0
2026-07-27,0.0
2026-07-28,0.0
2026-07-29,0.0
2026-07-30,0.0
2026-07-31,0.0
2026-08-03,0.0
2026-08-04,0.0
2026-08-05,0.0
2026-08-06,0.0
2026-08-07,0.0
2026-08-10,0.0
2026-08-11,-0.0
2026-08-12,-0.0
2026-08-13,-0.0
2026-08-14,-0.0
2026-08-17,-0.0
2026-08-18,-0.0
2026-08-19,-0.0
2026-08-20,-0.0
2026-08-21,-0.0
2026-08-24,-0.0
