instrument,dir,entry_date,entry_px,exit_date,exit_px,days_held,pts_net,pct_net
XAUUSD,LONG,2010-07-09,1198.3,2012-02-14,1716.63,585,517.88,43.218
XAUUSD,SHORT,2012-02-14,1716.63,2012-04-01,1671.09,47,45.09,2.627
XAUUSD,LONG,2012-04-01,1671.09,2012-04-10,1652.89,9,-18.65,-1.116
XAUUSD,SHORT,2012-04-10,1652.89,2012-04-11,1654.98,1,-2.54,-0.154
XAUUSD,LONG,2012-04-11,1654.98,2012-04-17,1649.67,6,-5.76,-0.348
XAUUSD,SHORT,2012-04-17,1649.67,2012-04-26,1645.41,9,3.81,0.231
XAUUSD,LONG,2012-04-26,1645.41,2012-05-02,1659.16,6,13.3,0.808
XAUUSD,SHORT,2012-05-02,1659.16,2012-06-21,1601.7,50,57.01,3.436
XAUUSD,LONG,2012-06-21,1601.7,2012-06-22,1563.61,1,-38.54,-2.406
XAUUSD,SHORT,2012-06-22,1563.61,2012-07-03,1599.87,11,-36.71,-2.348
XAUUSD,LONG,2012-07-03,1599.87,2012-07-08,1580.59,5,-19.73,-1.233
XAUUSD,SHORT,2012-07-08,1580.59,2012-09-09,1735.64,63,-155.5,-9.838
XAUUSD,LONG,2012-09-09,1735.64,2013-02-17,1609.43,161,-126.66,-7.298
XAUUSD,SHORT,2013-02-17,1609.43,2013-02-19,1613.0,2,-4.02,-0.25
XAUUSD,LONG,2013-02-19,1613.0,2013-02-21,1559.94,2,-53.51,-3.317
XAUUSD,SHORT,2013-02-21,1559.94,2014-01-02,1222.01,315,337.48,21.634
XAUUSD,LONG,2014-01-02,1222.01,2014-01-03,1230.49,1,8.03,0.657
XAUUSD,SHORT,2014-01-03,1230.49,2014-01-10,1233.08,7,-3.04,-0.247
XAUUSD,LONG,2014-01-10,1233.08,2014-01-13,1250.15,3,16.62,1.348
XAUUSD,SHORT,2014-01-13,1250.15,2014-01-14,1251.82,1,-2.12,-0.17
XAUUSD,LONG,2014-01-14,1251.82,2014-01-15,1238.96,1,-13.31,-1.063
XAUUSD,SHORT,2014-01-15,1238.96,2014-02-11,1283.04,27,-44.53,-3.594
XAUUSD,LONG,2014-02-11,1283.04,2014-02-12,1285.21,1,1.72,0.134
XAUUSD,SHORT,2014-02-12,1285.21,2014-03-13,1372.89,29,-88.13,-6.857
XAUUSD,LONG,2014-03-13,1372.89,2014-03-14,1372.36,1,-0.98,-0.071
XAUUSD,SHORT,2014-03-14,1372.36,2014-03-20,1331.74,6,40.17,2.927
XAUUSD,LONG,2014-03-20,1331.74,2014-03-26,1311.81,6,-20.38,-1.53
XAUUSD,SHORT,2014-03-26,1311.81,2014-04-08,1299.68,13,11.68,0.89
XAUUSD,LONG,2014-04-08,1299.68,2014-04-10,1315.22,2,15.09,1.161
XAUUSD,SHORT,2014-04-10,1315.22,2014-04-11,1319.01,1,-4.24,-0.322
XAUUSD,LONG,2014-04-11,1319.01,2014-04-16,1298.1,5,-21.36,-1.619
XAUUSD,SHORT,2014-04-16,1298.1,2014-04-17,1301.12,1,-3.47,-0.267
XAUUSD,LONG,2014-04-17,1301.12,2014-04-25,1291.93,8,-9.64,-0.741
XAUUSD,SHORT,2014-04-25,1291.93,2014-05-18,1289.43,23,2.05,0.159
XAUUSD,LONG,2014-05-18,1289.43,2014-05-28,1264.54,10,-25.34,-1.965
XAUUSD,SHORT,2014-05-28,1264.54,2014-05-29,1256.93,1,7.16,0.566
XAUUSD,LONG,2014-05-29,1256.93,2014-06-04,1245.38,6,-12.0,-0.955
XAUUSD,SHORT,2014-06-04,1245.38,2014-06-06,1253.85,2,-8.92,-0.716
XAUUSD,LONG,2014-06-06,1253.85,2014-08-21,1288.77,76,34.47,2.749
XAUUSD,SHORT,2014-08-21,1288.77,2015-04-06,1217.24,228,71.08,5.515
XAUUSD,LONG,2015-04-06,1217.24,2015-04-07,1213.8,1,-3.89,-0.32
XAUUSD,SHORT,2015-04-07,1213.8,2015-04-09,1197.24,2,16.11,1.327
XAUUSD,LONG,2015-04-09,1197.24,2015-04-13,1206.13,4,8.44,0.705
XAUUSD,SHORT,2015-04-13,1206.13,2015-05-07,1188.22,24,17.46,1.448
XAUUSD,LONG,2015-05-07,1188.22,2015-05-27,1188.17,20,-0.5,-0.042
XAUUSD,SHORT,2015-05-27,1188.17,2015-06-03,1192.53,7,-4.81,-0.405
XAUUSD,LONG,2015-06-03,1192.53,2015-06-07,1171.59,4,-21.39,-1.794
XAUUSD,SHORT,2015-06-07,1171.59,2015-06-21,1200.07,14,-28.93,-2.469
XAUUSD,LONG,2015-06-21,1200.07,2015-06-23,1186.2,2,-14.32,-1.193
XAUUSD,SHORT,2015-06-23,1186.2,2015-06-29,1182.27,6,3.48,0.293
XAUUSD,LONG,2015-06-29,1182.27,2015-07-01,1174.67,2,-8.05,-0.681
XAUUSD,SHORT,2015-07-01,1174.67,2016-01-26,1112.4,209,61.82,5.263
XAUUSD,LONG,2016-01-26,1112.4,2016-10-16,1251.59,264,138.74,12.472
XAUUSD,SHORT,2016-10-16,1251.59,2016-10-17,1253.12,1,-1.98,-0.158
XAUUSD,LONG,2016-10-17,1253.12,2016-11-10,1283.21,24,29.64,2.365
XAUUSD,SHORT,2016-11-10,1283.21,2017-04-12,1274.79,153,7.97,0.621
XAUUSD,LONG,2017-04-12,1274.79,2017-04-28,1264.81,16,-10.43,-0.818
XAUUSD,SHORT,2017-04-28,1264.81,2017-04-30,1268.01,2,-3.65,-0.289
XAUUSD,LONG,2017-04-30,1268.01,2017-05-01,1263.97,1,-4.49,-0.354
XAUUSD,SHORT,2017-05-01,1263.97,2017-05-22,1252.61,21,10.91,0.863
XAUUSD,LONG,2017-05-22,1252.61,2017-10-19,1277.43,150,24.37,1.946
XAUUSD,SHORT,2017-10-19,1277.43,2017-10-24,1282.44,5,-5.46,-0.427
XAUUSD,LONG,2017-10-24,1282.44,2017-10-25,1274.25,1,-8.64,-0.674
XAUUSD,SHORT,2017-10-25,1274.25,2017-10-30,1270.83,5,2.97,0.233
XAUUSD,LONG,2017-10-30,1270.83,2017-12-07,1263.07,38,-8.21,-0.646
XAUUSD,SHORT,2017-12-07,1263.07,2017-12-20,1263.79,13,-1.17,-0.093
XAUUSD,LONG,2017-12-20,1263.79,2018-03-09,1317.96,79,53.72,4.251
XAUUSD,SHORT,2018-03-09,1317.96,2018-03-22,1330.16,13,-12.65,-0.96
XAUUSD,LONG,2018-03-22,1330.16,2018-06-27,1254.13,97,-76.48,-5.75
XAUUSD,SHORT,2018-06-27,1254.13,2018-12-25,1268.765,181,-15.085,-1.203
XAUUSD,LONG,2018-12-25,1268.765,2020-03-19,1469.188,450,199.973,15.761
XAUUSD,SHORT,2020-03-19,1469.188,2020-03-22,1503.768,3,-35.03,-2.384
XAUUSD,LONG,2020-03-22,1503.768,2020-03-23,1493.385,1,-10.833,-0.72
XAUUSD,SHORT,2020-03-23,1493.385,2020-03-24,1571.428,1,-78.493,-5.256
XAUUSD,LONG,2020-03-24,1571.428,2021-01-27,1847.317,309,275.439,17.528
XAUUSD,SHORT,2021-01-27,1847.317,2021-05-21,1872.315,114,-25.448,-1.378
XAUUSD,LONG,2021-05-21,1872.315,2021-05-24,1883.225,3,10.46,0.559
XAUUSD,SHORT,2021-05-24,1883.225,2021-05-26,1906.518,2,-23.743,-1.261
XAUUSD,LONG,2021-05-26,1906.518,2021-06-16,1856.248,21,-50.72,-2.66
XAUUSD,SHORT,2021-06-16,1856.248,2021-08-24,1802.788,69,53.01,2.856
XAUUSD,LONG,2021-08-24,1802.788,2021-11-21,1846.534,89,43.296,2.402
XAUUSD,SHORT,2021-11-21,1846.534,2021-12-22,1788.615,31,57.469,3.112
XAUUSD,LONG,2021-12-22,1788.615,2022-01-10,1792.318,19,3.253,0.182
XAUUSD,SHORT,2022-01-10,1792.318,2022-01-11,1806.628,1,-14.76,-0.824
XAUUSD,LONG,2022-01-11,1806.628,2022-01-19,1811.608,8,4.53,0.251
XAUUSD,SHORT,2022-01-19,1811.608,2022-01-20,1839.728,1,-28.57,-1.577
XAUUSD,LONG,2022-01-20,1839.728,2022-01-28,1798.468,8,-41.71,-2.267
XAUUSD,SHORT,2022-01-28,1798.468,2022-02-08,1821.268,11,-23.25,-1.293
XAUUSD,LONG,2022-02-08,1821.268,2022-05-15,1809.648,96,-12.07,-0.663
XAUUSD,SHORT,2022-05-15,1809.648,2022-05-17,1824.678,2,-15.48,-0.855
XAUUSD,LONG,2022-05-17,1824.678,2022-05-18,1812.398,1,-12.73,-0.698
XAUUSD,SHORT,2022-05-18,1812.398,2022-05-25,1860.878,7,-48.93,-2.7
XAUUSD,LONG,2022-05-25,1860.878,2022-05-26,1851.848,1,-9.48,-0.509
XAUUSD,SHORT,2022-05-26,1851.848,2022-05-29,1852.538,3,-1.14,-0.062
XAUUSD,LONG,2022-05-29,1852.538,2022-07-01,1804.244,33,-48.744,-2.631
XAUUSD,SHORT,2022-07-01,1804.244,2022-07-03,1812.078,2,-8.284,-0.459
XAUUSD,LONG,2022-07-03,1812.078,2022-07-04,1809.498,1,-3.03,-0.167
XAUUSD,SHORT,2022-07-04,1809.498,2022-07-05,1809.518,1,-0.47,-0.026
XAUUSD,LONG,2022-07-05,1809.518,2022-07-06,1770.678,1,-39.29,-2.171
XAUUSD,SHORT,2022-07-06,1770.678,2023-01-03,1840.268,181,-70.04,-3.956
XAUUSD,LONG,2023-01-03,1840.268,2023-08-09,1929.555,218,88.837,4.827
XAUUSD,SHORT,2023-08-09,1929.555,2023-08-10,1916.925,1,12.18,0.631
XAUUSD,LONG,2023-08-10,1916.925,2023-09-21,1926.615,42,9.24,0.482
XAUUSD,SHORT,2023-09-21,1926.615,2023-10-26,1984.778,35,-58.613,-3.042
XAUUSD,LONG,2023-10-26,1984.778,2023-10-31,1992.075,5,6.847,0.345
XAUUSD,SHORT,2023-10-31,1992.075,2023-11-03,1985.725,3,5.9,0.296
XAUUSD,LONG,2023-11-03,1985.725,2023-11-06,1983.645,3,-2.53,-0.127
XAUUSD,SHORT,2023-11-06,1983.645,2023-11-21,1992.045,15,-8.85,-0.446
XAUUSD,LONG,2023-11-21,1992.045,2026-06-10,4173.735,932,2181.24,109.498
XAUUSD,SHORT,2026-06-10,4173.735,2026-06-14,4273.098,4,-99.813,-2.391
XAUUSD,LONG,2026-06-14,4273.098,2026-06-19,4175.995,5,-97.553,-2.283
MNQ,LONG,2011-05-24,2316.0,2011-06-17,2199.0,24,-118.62,-5.122
MNQ,SHORT,2011-06-17,2199.0,2011-06-22,2241.0,5,-43.62,-1.984
MNQ,LONG,2011-06-22,2241.0,2011-06-26,2212.5,4,-30.12,-1.344
MNQ,SHORT,2011-06-26,2212.5,2011-06-28,2256.25,2,-45.37,-2.051
MNQ,LONG,2011-06-28,2256.25,2011-08-03,2287.25,36,29.38,1.302
MNQ,SHORT,2011-08-03,2287.25,2011-09-18,2282.5,46,3.13,0.137
MNQ,LONG,2011-09-18,2282.5,2011-09-22,2232.5,4,-51.62,-2.262
MNQ,SHORT,2011-09-22,2232.5,2011-10-14,2324.0,22,-93.12,-4.171
MNQ,LONG,2011-10-14,2324.0,2011-10-21,2308.5,7,-17.12,-0.737
MNQ,SHORT,2011-10-21,2308.5,2011-10-23,2322.5,2,-15.62,-0.677
MNQ,LONG,2011-10-23,2322.5,2011-10-26,2330.0,3,5.88,0.253
MNQ,SHORT,2011-10-26,2330.0,2011-10-28,2389.25,2,-60.87,-2.612
MNQ,LONG,2011-10-28,2389.25,2011-10-31,2384.5,3,-6.37,-0.267
MNQ,SHORT,2011-10-31,2384.5,2011-11-09,2390.75,9,-7.87,-0.33
MNQ,LONG,2011-11-09,2390.75,2011-11-10,2313.5,1,-78.87,-3.299
MNQ,SHORT,2011-11-10,2313.5,2011-12-07,2332.0,27,-20.12,-0.87
MNQ,LONG,2011-12-07,2332.0,2011-12-09,2283.63,2,-49.99,-2.144
MNQ,SHORT,2011-12-09,2283.63,2011-12-11,2320.38,2,-38.37,-1.68
MNQ,LONG,2011-12-11,2320.38,2011-12-19,2219.25,8,-102.75,-4.428
MNQ,SHORT,2011-12-19,2219.25,2011-12-20,2222.88,1,-5.25,-0.237
MNQ,LONG,2011-12-20,2222.88,2012-01-11,2354.88,22,130.38,5.865
MNQ,SHORT,2012-01-11,2354.88,2012-01-12,2364.13,1,-10.87,-0.462
MNQ,LONG,2012-01-12,2364.13,2012-01-15,2367.13,3,1.38,0.058
MNQ,SHORT,2012-01-15,2367.13,2012-01-18,2398.75,3,-33.24,-1.404
MNQ,LONG,2012-01-18,2398.75,2012-10-10,2730.0,266,329.63,13.742
MNQ,SHORT,2012-10-10,2730.0,2012-10-15,2710.0,5,18.38,0.673
MNQ,LONG,2012-10-15,2710.0,2012-10-22,2671.5,7,-40.12,-1.48
MNQ,SHORT,2012-10-22,2671.5,2012-10-28,2660.0,6,9.88,0.37
MNQ,LONG,2012-10-28,2660.0,2012-10-29,2654.75,1,-6.87,-0.258
MNQ,SHORT,2012-10-29,2654.75,2012-11-20,2583.75,22,69.38,2.613
MNQ,LONG,2012-11-20,2583.75,2013-02-21,2734.5,93,149.13,5.772
MNQ,SHORT,2013-02-21,2734.5,2013-03-06,2798.0,13,-65.12,-2.381
MNQ,LONG,2013-03-06,2798.0,2013-03-15,2807.88,9,8.26,0.295
MNQ,SHORT,2013-03-15,2807.88,2013-03-19,2792.0,4,14.26,0.508
MNQ,LONG,2013-03-19,2792.0,2013-03-20,2777.5,1,-16.12,-0.577
MNQ,SHORT,2013-03-20,2777.5,2013-04-09,2787.25,20,-11.37,-0.409
MNQ,LONG,2013-04-09,2787.25,2013-04-16,2798.75,7,9.88,0.354
MNQ,LONG,2013-04-17,2822.5,2015-08-21,4333.48,856,1509.36,53.476
MNQ,SHORT,2015-08-21,4333.48,2015-09-15,4315.75,25,16.11,0.372
MNQ,LONG,2015-09-15,4315.75,2015-09-20,4327.75,5,10.38,0.241
MNQ,SHORT,2015-09-20,4327.75,2015-10-08,4309.25,18,16.88,0.39
MNQ,LONG,2015-10-08,4309.25,2015-10-13,4363.75,5,52.88,1.227
MNQ,SHORT,2015-10-13,4363.75,2015-10-16,4413.0,3,-50.87,-1.166
MNQ,LONG,2015-10-16,4413.0,2016-01-07,4389.48,83,-25.14,-0.57
MNQ,SHORT,2016-01-07,4389.48,2016-02-28,4226.0,52,161.86,3.687
MNQ,LONG,2016-02-28,4226.0,2016-03-06,4312.75,7,85.13,2.014
MNQ,SHORT,2016-03-06,4312.75,2016-03-07,4314.75,1,-3.62,-0.084
MNQ,LONG,2016-03-07,4314.75,2016-04-27,4407.23,51,90.86,2.106
MNQ,SHORT,2016-04-27,4407.23,2016-04-28,4440.98,1,-35.37,-0.803
MNQ,LONG,2016-04-28,4440.98,2016-04-29,4384.5,1,-58.1,-1.308
MNQ,SHORT,2016-04-29,4384.5,2016-07-11,4541.5,73,-158.62,-3.618
MNQ,LONG,2016-07-11,4541.5,2018-11-13,6864.25,855,2321.13,51.109
MNQ,SHORT,2018-11-13,6864.25,2018-12-03,7102.5,20,-239.87,-3.494
MNQ,LONG,2018-12-03,7102.5,2018-12-05,6836.25,2,-267.87,-3.771
MNQ,SHORT,2018-12-05,6836.25,2019-04-10,7567.07,126,-732.44,-10.714
MNQ,LONG,2019-04-10,7567.07,2020-03-12,7639.09,337,70.4,0.93
MNQ,SHORT,2020-03-12,7639.09,2020-03-15,7718.69,3,-81.22,-1.063
MNQ,LONG,2020-03-15,7718.69,2020-03-16,7096.91,1,-623.4,-8.077
MNQ,SHORT,2020-03-16,7096.91,2020-03-31,7924.03,15,-828.74,-11.677
MNQ,LONG,2020-03-31,7924.03,2020-04-01,7739.75,1,-185.9,-2.346
MNQ,SHORT,2020-04-01,7739.75,2020-04-06,7790.1,5,-51.97,-0.671
MNQ,LONG,2020-04-06,7790.1,2022-01-21,14653.507,655,6861.787,88.083
MNQ,SHORT,2022-01-21,14653.507,2022-02-02,15161.399,12,-509.512,-3.477
MNQ,LONG,2022-02-02,15161.399,2022-02-03,14800.049,1,-362.97,-2.394
MNQ,SHORT,2022-02-03,14800.049,2022-03-30,15210.029,55,-411.6,-2.781
MNQ,LONG,2022-03-30,15210.029,2022-03-31,15153.809,1,-57.84,-0.38
MNQ,SHORT,2022-03-31,15153.809,2022-04-05,15143.959,5,8.23,0.054
MNQ,LONG,2022-04-05,15143.959,2022-04-06,14792.099,1,-353.48,-2.334
MNQ,SHORT,2022-04-06,14792.099,2022-11-24,11868.119,232,2922.36,19.756
MNQ,LONG,2022-11-24,11868.119,2022-11-25,11887.209,1,17.47,0.147
MNQ,SHORT,2022-11-25,11887.209,2023-03-09,12187.389,104,-301.8,-2.539
MNQ,LONG,2023-03-09,12187.389,2023-03-10,11925.557,1,-263.452,-2.162
MNQ,SHORT,2023-03-10,11925.557,2023-03-15,12209.139,5,-285.202,-2.392
MNQ,LONG,2023-03-15,12209.139,2023-03-19,12571.299,4,360.54,2.953
MNQ,SHORT,2023-03-19,12571.299,2023-03-22,12742.519,3,-172.84,-1.375
MNQ,LONG,2023-03-22,12742.519,2025-03-28,19798.297,737,7054.158,55.359
MNQ,SHORT,2025-03-28,19798.297,2025-05-08,20014.687,41,-218.01,-1.101
MNQ,LONG,2025-05-08,20014.687,2025-05-11,20331.089,3,314.782,1.573
MNQ,SHORT,2025-05-11,20331.089,2025-05-12,20449.764,1,-120.295,-0.592
MNQ,LONG,2025-05-12,20449.764,2025-06-13,21512.842,32,1061.458,5.191
MNQ,SHORT,2025-06-13,21512.842,2025-06-15,21591.21,2,-79.988,-0.372
MNQ,LONG,2025-06-15,21591.21,2025-06-19,21616.332,4,23.502,0.109
MNQ,SHORT,2025-06-19,21616.332,2025-06-24,22016.253,5,-401.541,-1.858
MNQ,LONG,2025-06-24,22016.253,2026-03-22,23688.403,271,1670.53,7.588
MNQ,SHORT,2026-03-22,23688.403,2026-04-08,24945.149,17,-1258.366,-5.312
MNQ,LONG,2026-04-08,24945.149,2026-04-09,24859.586,1,-87.183,-0.349
MNQ,SHORT,2026-04-09,24859.586,2026-04-10,25108.804,1,-250.838,-1.009
MNQ,LONG,2026-04-10,25108.804,2026-04-13,24912.849,3,-197.575,-0.787
MNQ,SHORT,2026-04-13,24912.849,2026-04-14,25434.936,1,-523.707,-2.102
EURUSD,SHORT,2010-07-09,1.269,2010-09-27,1.3467,80,-0.07786,-6.136
EURUSD,LONG,2010-09-27,1.3467,2011-09-09,1.3932,347,0.04634,3.441
EURUSD,SHORT,2011-09-09,1.3932,2012-09-17,1.31241,374,0.08063,5.787
EURUSD,LONG,2012-09-17,1.31241,2012-09-19,1.30438,2,-0.00819,-0.624
EURUSD,SHORT,2012-09-19,1.30438,2012-10-18,1.31097,29,-0.00675,-0.517
EURUSD,LONG,2012-10-18,1.31097,2012-10-21,1.30207,3,-0.00906,-0.691
EURUSD,SHORT,2012-10-21,1.30207,2012-11-19,1.27589,29,0.02602,1.998
EURUSD,LONG,2012-11-19,1.27589,2013-03-20,1.28761,121,0.01156,0.906
EURUSD,SHORT,2013-03-20,1.28761,2013-04-05,1.29244,16,-0.00499,-0.388
EURUSD,LONG,2013-04-05,1.29244,2013-04-23,1.30467,18,0.01207,0.934
EURUSD,SHORT,2013-04-23,1.30467,2013-04-26,1.30353,3,0.00098,0.075
EURUSD,LONG,2013-04-26,1.30353,2013-04-28,1.30483,2,0.00114,0.087
EURUSD,SHORT,2013-04-28,1.30483,2013-04-30,1.30897,2,-0.0043,-0.33
EURUSD,LONG,2013-04-30,1.30897,2013-06-23,1.30908,54,-5e-05,-0.004
EURUSD,SHORT,2013-06-23,1.30908,2013-07-11,1.31083,18,-0.00191,-0.146
EURUSD,LONG,2013-07-11,1.31083,2013-07-14,1.30772,3,-0.00327,-0.249
EURUSD,SHORT,2013-07-14,1.30772,2013-07-16,1.30693,2,0.00063,0.048
EURUSD,LONG,2013-07-16,1.30693,2013-07-17,1.31404,1,0.00695,0.532
EURUSD,SHORT,2013-07-17,1.31404,2013-08-21,1.34187,35,-0.02799,-2.13
EURUSD,LONG,2013-08-21,1.34187,2013-08-22,1.33349,1,-0.00854,-0.636
EURUSD,SHORT,2013-08-22,1.33349,2013-08-23,1.33477,1,-0.00144,-0.108
EURUSD,LONG,2013-08-23,1.33477,2013-08-26,1.33806,3,0.00313,0.234
EURUSD,SHORT,2013-08-26,1.33806,2013-08-27,1.33721,1,0.00069,0.052
EURUSD,LONG,2013-08-27,1.33721,2014-06-11,1.35249,288,0.01512,1.131
EURUSD,SHORT,2014-06-11,1.35249,2014-07-01,1.36882,20,-0.01649,-1.219
EURUSD,LONG,2014-07-01,1.36882,2014-07-02,1.36771,1,-0.00127,-0.093
EURUSD,SHORT,2014-07-02,1.36771,2014-07-11,1.36016,9,0.00739,0.54
EURUSD,LONG,2014-07-11,1.36016,2014-07-14,1.36026,3,-6e-05,-0.004
EURUSD,SHORT,2014-07-14,1.36026,2015-08-23,1.13761,405,0.22249,16.356
EURUSD,LONG,2015-08-23,1.13761,2015-08-27,1.13363,4,-0.00414,-0.364
EURUSD,SHORT,2015-08-27,1.13363,2015-09-02,1.12843,6,0.00504,0.445
EURUSD,LONG,2015-09-02,1.12843,2015-09-04,1.11258,2,-0.01601,-1.419
EURUSD,SHORT,2015-09-04,1.11258,2015-09-08,1.1165,4,-0.00408,-0.367
EURUSD,LONG,2015-09-08,1.1165,2015-11-03,1.10179,56,-0.01487,-1.332
EURUSD,SHORT,2015-11-03,1.10179,2016-01-26,1.08511,84,0.01652,1.499
EURUSD,LONG,2016-01-26,1.08511,2016-01-27,1.08599,1,0.00072,0.066
EURUSD,SHORT,2016-01-27,1.08599,2016-02-04,1.10873,8,-0.0229,-2.109
EURUSD,LONG,2016-02-04,1.10873,2016-02-19,1.1126,15,0.00371,0.335
EURUSD,SHORT,2016-02-19,1.1126,2016-02-21,1.11089,2,0.00155,0.139
EURUSD,LONG,2016-02-21,1.11089,2016-02-23,1.10432,2,-0.00673,-0.606
EURUSD,SHORT,2016-02-23,1.10432,2016-03-11,1.11676,17,-0.0126,-1.141
EURUSD,LONG,2016-03-11,1.11676,2016-03-15,1.11096,4,-0.00596,-0.534
EURUSD,SHORT,2016-03-15,1.11096,2016-03-17,1.12205,2,-0.01125,-1.013
EURUSD,LONG,2016-03-17,1.12205,2016-03-20,1.12637,3,0.00416,0.371
EURUSD,SHORT,2016-03-20,1.12637,2016-03-30,1.12949,10,-0.00328,-0.291
EURUSD,LONG,2016-03-30,1.12949,2016-04-15,1.1259,16,-0.00375,-0.332
EURUSD,SHORT,2016-04-15,1.1259,2016-04-29,1.13799,14,-0.01225,-1.088
EURUSD,LONG,2016-04-29,1.13799,2016-08-09,1.10807,102,-0.03008,-2.643
EURUSD,SHORT,2016-08-09,1.10807,2016-08-11,1.11765,2,-0.00974,-0.879
EURUSD,LONG,2016-08-11,1.11765,2016-08-14,1.11673,3,-0.00108,-0.097
EURUSD,SHORT,2016-08-14,1.11673,2016-08-18,1.13034,4,-0.01377,-1.233
EURUSD,LONG,2016-08-18,1.13034,2016-09-20,1.11722,33,-0.01328,-1.175
EURUSD,SHORT,2016-09-20,1.11722,2016-09-26,1.12311,6,-0.00605,-0.542
EURUSD,LONG,2016-09-26,1.12311,2016-10-03,1.12316,7,-0.00011,-0.01
EURUSD,SHORT,2016-10-03,1.12316,2017-04-27,1.09103,206,0.03197,2.846
EURUSD,LONG,2017-04-27,1.09103,2017-04-28,1.08682,1,-0.00437,-0.401
EURUSD,SHORT,2017-04-28,1.08682,2017-04-30,1.09097,2,-0.00431,-0.397
EURUSD,LONG,2017-04-30,1.09097,2017-05-04,1.08917,4,-0.00196,-0.18
EURUSD,SHORT,2017-05-04,1.08917,2017-05-07,1.10173,3,-0.01272,-1.168
EURUSD,LONG,2017-05-07,1.10173,2017-05-09,1.09269,2,-0.0092,-0.835
EURUSD,SHORT,2017-05-09,1.09269,2017-05-17,1.11095,8,-0.01842,-1.686
EURUSD,LONG,2017-05-17,1.11095,2018-05-23,1.17541,371,0.0643,5.788
EURUSD,SHORT,2018-05-23,1.17541,2018-06-14,1.17981,22,-0.00456,-0.388
EURUSD,LONG,2018-06-14,1.17981,2018-06-15,1.15659,1,-0.02338,-1.982
EURUSD,SHORT,2018-06-15,1.15659,2019-06-23,1.13695,373,0.01948,1.684
EURUSD,LONG,2019-06-23,1.13695,2019-06-26,1.13547,3,-0.00164,-0.144
EURUSD,SHORT,2019-06-26,1.13547,2019-06-28,1.13686,2,-0.00155,-0.137
EURUSD,LONG,2019-06-28,1.13686,2019-06-30,1.13595,2,-0.00107,-0.094
EURUSD,SHORT,2019-06-30,1.13595,2019-10-31,1.11686,123,0.01893,1.666
EURUSD,LONG,2019-10-31,1.11686,2019-11-04,1.11695,4,-7e-05,-0.006
EURUSD,SHORT,2019-11-04,1.11695,2020-02-04,1.10597,92,0.01082,0.969
EURUSD,LONG,2020-02-04,1.10597,2020-02-05,1.10345,1,-0.00268,-0.242
EURUSD,SHORT,2020-02-05,1.10345,2020-03-03,1.11444,27,-0.01115,-1.01
EURUSD,LONG,2020-03-03,1.11444,2020-03-18,1.10275,15,-0.01185,-1.063
EURUSD,SHORT,2020-03-18,1.10275,2020-03-27,1.10789,9,-0.0053,-0.481
EURUSD,LONG,2020-03-27,1.10789,2020-04-02,1.09341,6,-0.01464,-1.321
EURUSD,SHORT,2020-04-02,1.09341,2020-05-28,1.10181,56,-0.00856,-0.783
EURUSD,LONG,2020-05-28,1.10181,2021-03-07,1.19177,283,0.0898,8.15
EURUSD,SHORT,2021-03-07,1.19177,2021-03-10,1.18796,3,0.00365,0.306
EURUSD,LONG,2021-03-10,1.18796,2021-03-25,1.18229,15,-0.00583,-0.491
EURUSD,SHORT,2021-03-25,1.18229,2021-03-29,1.17907,4,0.00306,0.259
EURUSD,LONG,2021-03-29,1.17907,2021-06-13,1.21045,76,0.03122,2.648
EURUSD,SHORT,2021-06-13,1.21045,2021-06-16,1.21216,3,-0.00187,-0.154
EURUSD,LONG,2021-06-16,1.21216,2021-06-17,1.2002,1,-0.01212,-1.0
EURUSD,SHORT,2021-06-17,1.2002,2022-12-15,1.06474,546,0.1353,11.273
EURUSD,LONG,2022-12-15,1.06474,2023-08-09,1.09683,237,0.03193,2.999
EURUSD,SHORT,2023-08-09,1.09683,2023-08-10,1.09789,1,-0.00122,-0.111
EURUSD,LONG,2023-08-10,1.09789,2023-09-17,1.06588,38,-0.03217,-2.93
EURUSD,SHORT,2023-09-17,1.06588,2023-09-20,1.06828,3,-0.00256,-0.24
EURUSD,LONG,2023-09-20,1.06828,2023-09-21,1.06274,1,-0.0057,-0.534
EURUSD,SHORT,2023-09-21,1.06274,2023-11-19,1.09095,59,-0.02837,-2.67
EURUSD,LONG,2023-11-19,1.09095,2024-01-14,1.0948,56,0.00369,0.338
EURUSD,SHORT,2024-01-14,1.0948,2024-02-29,1.08363,46,0.01101,1.006
EURUSD,LONG,2024-02-29,1.08363,2024-03-05,1.08504,5,0.00125,0.115
EURUSD,SHORT,2024-03-05,1.08504,2024-03-07,1.09034,2,-0.00546,-0.503
EURUSD,LONG,2024-03-07,1.09034,2024-05-21,1.08554,75,-0.00496,-0.455
EURUSD,SHORT,2024-05-21,1.08554,2024-05-22,1.0859,1,-0.00052,-0.048
EURUSD,LONG,2024-05-22,1.0859,2024-05-23,1.08284,1,-0.00322,-0.297
EURUSD,SHORT,2024-05-23,1.08284,2024-06-07,1.08969,15,-0.00701,-0.647
EURUSD,LONG,2024-06-07,1.08969,2024-06-09,1.07783,2,-0.01202,-1.103
EURUSD,SHORT,2024-06-09,1.07783,2024-06-13,1.08079,4,-0.00312,-0.289
EURUSD,LONG,2024-06-13,1.08079,2024-06-14,1.07428,1,-0.00667,-0.617
EURUSD,SHORT,2024-06-14,1.07428,2024-07-22,1.08926,38,-0.01514,-1.409
EURUSD,LONG,2024-07-22,1.08926,2024-07-23,1.08919,1,-0.00023,-0.021
EURUSD,SHORT,2024-07-23,1.08919,2024-08-04,1.09225,12,-0.00322,-0.296
EURUSD,LONG,2024-08-04,1.09225,2024-11-07,1.07378,95,-0.01863,-1.706
EURUSD,SHORT,2024-11-07,1.07378,2024-11-08,1.07828,1,-0.00466,-0.434
EURUSD,LONG,2024-11-08,1.07828,2024-11-10,1.07093,2,-0.00751,-0.696
EURUSD,SHORT,2024-11-10,1.07093,2025-04-11,1.13021,152,-0.05944,-5.55
EURUSD,LONG,2025-04-11,1.13021,2026-01-04,1.17203,268,0.04166,3.686
EURUSD,SHORT,2026-01-04,1.17203,2026-01-19,1.16332,15,0.00855,0.73
EURUSD,LONG,2026-01-19,1.16332,2026-03-04,1.1593,44,-0.00418,-0.359
EURUSD,SHORT,2026-03-04,1.1593,2026-04-12,1.16739,39,-0.00825,-0.712
EURUSD,LONG,2026-04-12,1.16739,2026-05-20,1.15977,38,-0.00778,-0.666
EURUSD,SHORT,2026-05-20,1.15977,2026-05-21,1.16176,1,-0.00215,-0.185
EURUSD,LONG,2026-05-21,1.16176,2026-06-07,1.15093,17,-0.01099,-0.946
