ts,ret
2010-03-15,0.0
2010-03-16,0.0
2010-03-17,-0.0
2010-03-18,0.0
2010-03-19,-0.0
2010-03-21,0.0
2010-03-22,-0.0
2010-03-23,-0.0
2010-03-24,-0.0
2010-03-25,0.0
2010-03-26,0.0
2010-03-28,-0.0
2010-03-29,0.0
2010-03-30,-0.0
2010-03-31,0.0
2010-04-01,0.0
2010-04-02,0.0
2010-04-04,0.0
2010-04-05,0.0
2010-04-06,0.0
2010-04-07,0.0
2010-04-08,0.0
2010-04-09,0.0
2010-04-11,0.0
2010-04-12,-0.0
2010-04-13,0.0
2010-04-14,0.0
2010-04-15,-0.0
2010-04-16,-0.0
2010-04-18,-0.0
2010-04-19,0.0
2010-04-20,0.0
2010-04-21,0.0
2010-04-22,-0.0
2010-04-23,0.0
2010-04-25,0.0
2010-04-26,-0.0
2010-04-27,0.0
2010-04-28,0.0
2010-04-29,0.0
2010-04-30,0.0
2010-05-02,-0.0
2010-05-03,0.0
2010-05-04,-0.0
2010-05-05,0.0
2010-05-06,0.0
2010-05-07,-0.005898087686191936
2010-05-09,0.004922351843482713
2010-05-10,-0.00046666440680581185
2010-05-11,-0.017723603304387946
2010-05-12,-0.006541683872858333
2010-05-13,-0.000291382047081581
2010-05-14,-0.0
2010-05-16,0.0
2010-05-17,-0.0
2010-05-18,-0.0
2010-05-19,-0.0
2010-05-20,-0.0
2010-05-21,0.0
2010-05-23,0.0
2010-05-24,0.0
2010-05-25,0.0
2010-05-26,0.0
2010-05-27,-0.0
2010-05-28,0.0
2010-05-30,-0.0
2010-05-31,0.0
2010-06-01,0.0
2010-06-02,-0.0
2010-06-03,-0.0
2010-06-04,0.0
2010-06-06,-0.0
2010-06-07,0.0
2010-06-08,-0.0
2010-06-09,-0.0
2010-06-10,-0.0
2010-06-11,0.0
2010-06-13,0.0
2010-06-14,-0.0
2010-06-15,0.0
2010-06-16,-0.0
2010-06-17,0.0
2010-06-18,0.0
2010-06-20,0.0
2010-06-21,-0.0
2010-06-22,0.0
2010-06-23,-0.0
2010-06-24,0.0
2010-06-25,0.0
2010-06-27,0.0
2010-06-28,-0.0
2010-06-29,0.0
2010-06-30,-0.0
2010-07-01,-0.0
2010-07-02,0.0
2010-07-04,0.0
2010-07-05,-0.0
2010-07-06,-0.0
2010-07-07,0.0
2010-07-08,-0.0
2010-07-09,0.0
2010-07-11,-0.0
2010-07-12,-0.0
2010-07-13,0.0
2010-07-14,0.0
2010-07-15,-0.0
2010-07-16,-0.0
2010-07-18,0.0
2010-07-19,-0.0
2010-07-20,0.0
2010-07-21,-0.0
2010-07-22,0.0
2010-07-23,-0.0
2010-07-25,0.0
2010-07-26,-0.0
2010-07-27,-0.0
2010-07-28,0.0
2010-07-29,0.0
2010-07-30,0.0
2010-08-01,0.0
2010-08-02,0.0
2010-08-03,0.0
2010-08-04,0.0
2010-08-05,0.0
2010-08-06,0.0
2010-08-08,-0.0
2010-08-09,-0.0
2010-08-10,0.0
2010-08-11,-0.0
2010-08-12,0.0
2010-08-13,0.0
2010-08-15,0.0
2010-08-16,0.0
2010-08-17,0.0
2010-08-18,0.0
2010-08-19,0.0
2010-08-20,-0.0
2010-08-22,0.0
2010-08-23,-0.0
2010-08-24,0.0
2010-08-25,0.0
2010-08-26,-0.0
2010-08-27,0.0
2010-08-29,-0.0
2010-08-30,0.0
2010-08-31,0.0
2010-09-01,-0.0
2010-09-02,0.0
2010-09-03,-0.0
2010-09-05,0.0
2010-09-06,0.0
2010-09-07,0.0
2010-09-08,-0.0
2010-09-09,-0.0
2010-09-10,0.0
2010-09-12,-0.0
2010-09-13,0.0
2010-09-14,0.0
2010-09-15,0.0007569815880624612
2010-09-16,-0.006574087219983017
2010-09-17,0.001106935624579033
2010-09-19,-0.0027857045623306096
2010-09-20,-0.0012427760568973283
2010-09-21,-0.0003696133472971066
2010-09-22,0.0
2010-09-23,0.0
2010-09-24,0.0
2010-09-26,-0.0
2010-09-27,-0.0
2010-09-28,0.0
2010-09-29,-0.0
2010-09-30,0.0
2010-10-01,0.0
2010-10-03,-0.0
2010-10-04,-0.0
2010-10-05,0.0
2010-10-06,0.0
2010-10-07,-0.0
2010-10-08,0.01082784439759852
2010-10-10,0.005112960539111049
2010-10-11,-0.0019669538598962298
2010-10-12,0.005498939858450548
2010-10-13,0.01761880095595601
2010-10-14,-0.00037602324692353974
2010-10-15,-0.0
2010-10-17,-0.0
2010-10-18,0.0
2010-10-19,-0.0
2010-10-20,0.0
2010-10-21,-0.0
2010-10-22,0.0
2010-10-24,0.0
2010-10-25,0.0
2010-10-26,-0.0
2010-10-27,-0.0
2010-10-28,0.0
2010-10-29,0.0
2010-10-31,-0.0
2010-11-01,-0.0
2010-11-02,0.0
2010-11-03,0.0
2010-11-04,0.0
2010-11-05,0.0
2010-11-07,-0.0
2010-11-08,0.0
2010-11-09,-0.0
2010-11-10,0.0
2010-11-11,-0.0
2010-11-12,-0.0
2010-11-14,0.0
2010-11-15,-0.0
2010-11-16,-0.0
2010-11-17,0.0
2010-11-18,0.0
2010-11-19,-0.0
2010-11-21,0.0
2010-11-22,-0.0
2010-11-23,0.0
2010-11-24,-0.0
2010-11-25,0.0
2010-11-26,-0.0
2010-11-28,-0.0
2010-11-29,0.0
2010-11-30,0.0
2010-12-01,0.0
2010-12-02,-0.0
2010-12-03,0.0
2010-12-05,-0.0
2010-12-06,0.0
2010-12-07,-0.0
2010-12-08,-0.0
2010-12-09,0.0
2010-12-10,-0.0
2010-12-12,0.0
2010-12-13,0.0
2010-12-14,-0.0
2010-12-15,-0.0
2010-12-16,-0.0
2010-12-17,-0.0
2010-12-19,0.0
2010-12-20,0.0
2010-12-21,0.0
2010-12-22,-0.0
2010-12-23,-0.0
2010-12-24,0.0
2010-12-26,0.0
2010-12-27,0.0
2010-12-28,0.0
2010-12-29,0.0
2010-12-30,-0.0
2010-12-31,0.0
2011-01-02,-0.0
2011-01-03,-0.0
2011-01-04,-0.0
2011-01-05,-0.0
2011-01-06,-0.0
2011-01-07,-0.0
2011-01-09,0.0
2011-01-10,0.0
2011-01-11,0.0
2011-01-12,0.0
2011-01-13,-0.0
2011-01-14,-0.0
2011-01-16,0.0
2011-01-17,0.0
2011-01-18,0.0
2011-01-19,-0.0
2011-01-20,-0.0
2011-01-21,-0.0
2011-01-23,0.0
2011-01-24,-0.0
2011-01-25,-0.0
2011-01-26,0.0
2011-01-27,-0.0
2011-01-28,0.013920845604865992
2011-01-30,-0.002760255171796448
2011-01-31,0.0034396082395248334
2011-02-01,0.0013048240988858435
2011-02-02,-0.003936750824453091
2011-02-03,-0.00025234449780750084
2011-02-04,-0.0
2011-02-06,-0.0
2011-02-07,0.0
2011-02-08,0.0
2011-02-09,-0.0
2011-02-10,0.0
2011-02-11,-0.0
2011-02-13,0.0
2011-02-14,0.0
2011-02-15,0.0
2011-02-16,0.0
2011-02-17,0.0
2011-02-18,0.0
2011-02-20,0.0
2011-02-21,0.0
2011-02-22,-0.0
2011-02-23,0.0
2011-02-24,-0.0
2011-02-25,0.0
2011-02-27,0.0
2011-02-28,-0.0
2011-03-01,0.0
2011-03-02,0.0
2011-03-03,-0.0
2011-03-04,0.0
2011-03-06,0.0
2011-03-07,-0.0
2011-03-08,-0.0
2011-03-09,0.0
2011-03-10,-0.0
2011-03-11,0.0
2011-03-13,0.0
2011-03-14,0.0
2011-03-15,-0.0
2011-03-16,-0.0
2011-03-17,0.0
2011-03-18,0.0
2011-03-20,0.0
2011-03-21,0.0
2011-03-22,-0.0
2011-03-23,0.0
2011-03-24,-0.0
2011-03-25,-0.0
2011-03-27,-0.0
2011-03-28,-0.0
2011-03-29,-0.0
2011-03-30,0.0
2011-03-31,0.0
2011-04-01,-0.0
2011-04-03,0.0
2011-04-04,0.0
2011-04-05,0.0
2011-04-06,0.0
2011-04-07,0.0
2011-04-08,0.0
2011-04-10,-0.0
2011-04-11,-0.0
2011-04-12,-0.0
2011-04-13,0.0
2011-04-14,0.0
2011-04-15,0.0
2011-04-17,-0.0
2011-04-18,0.0
2011-04-19,0.0
2011-04-20,0.0
2011-04-21,-0.0
2011-04-22,0.0
2011-04-24,0.0
2011-04-25,-0.0
2011-04-26,0.0
2011-04-27,0.0
2011-04-28,0.0
2011-04-29,0.0
2011-05-01,0.012176592294684369
2011-05-02,0.0006874900660227035
2011-05-03,0.005648035735075314
2011-05-04,0.009115278940348763
2011-05-05,0.01671553028605135
2011-05-06,0.003060650814502554
2011-05-08,0.001172256751077927
2011-05-09,0.007054078571626805
2011-05-10,0.007221877058984194
2011-05-11,-0.009833849920789683
2011-05-12,-0.00025686503854890013
2011-05-13,-0.0
2011-05-15,-0.0
2011-05-16,0.0
2011-05-17,-0.0
2011-05-18,0.0
2011-05-19,-0.0
2011-05-20,0.0
2011-05-22,-0.0
2011-05-23,0.0
2011-05-24,0.0
2011-05-25,0.0
2011-05-26,-0.0
2011-05-27,0.0
2011-05-29,-0.0
2011-05-30,0.0
2011-05-31,-0.0
2011-06-01,0.0
2011-06-02,-0.0
2011-06-03,0.0
2011-06-05,0.0
2011-06-06,-0.0
2011-06-07,-0.0
2011-06-08,-0.0
2011-06-09,0.0
2011-06-10,-0.0
2011-06-12,0.0
2011-06-13,-0.0
2011-06-14,0.0
2011-06-15,0.0
2011-06-16,0.0
2011-06-17,0.0
2011-06-19,-0.0
2011-06-20,0.0
2011-06-21,0.0
2011-06-22,0.0
2011-06-23,-0.0
2011-06-24,-0.0
2011-06-26,-0.0
2011-06-27,-0.0
2011-06-28,0.0
2011-06-29,0.0
2011-06-30,-0.0
2011-07-01,-0.0
2011-07-03,0.0
2011-07-04,0.0
2011-07-05,0.0
2011-07-06,0.0
2011-07-07,0.0
2011-07-08,0.0
2011-07-10,0.0
2011-07-11,0.0
2011-07-12,0.0
2011-07-13,0.0
2011-07-14,-0.0
2011-07-15,0.0
2011-07-17,0.0
2011-07-18,0.0
2011-07-19,-0.0
2011-07-20,0.0
2011-07-21,-0.0
2011-07-22,0.0
2011-07-24,0.0
2011-07-25,0.0
2011-07-26,0.0
2011-07-27,-0.0
2011-07-28,0.0
2011-07-29,0.0
2011-07-31,-0.0
2011-08-01,0.0
2011-08-02,0.0
2011-08-03,0.0
2011-08-04,-0.0
2011-08-05,0.0
2011-08-07,0.0
2011-08-08,0.0
2011-08-09,-0.004062774220797521
2011-08-10,-0.01274016422788374
2011-08-11,0.010669412699017087
2011-08-12,0.005794107560006232
2011-08-14,0.0008024939586244029
2011-08-15,-0.00019366062767934617
2011-08-16,0.0
2011-08-17,0.0
2011-08-18,0.0
2011-08-19,0.0
2011-08-21,0.0
2011-08-22,0.0
2011-08-23,-0.0
2011-08-24,-0.035751588663735547
2011-08-25,0.005005055226865102
2011-08-26,0.01721407768905785
2011-08-28,-0.0024165247537249962
2011-08-29,-0.006250190247841481
2011-08-30,0.010194329913397953
2011-08-31,-0.00011981120832509885
2011-09-01,0.0
2011-09-02,0.0
2011-09-04,-0.0
2011-09-05,0.0
2011-09-06,-0.0
2011-09-07,-0.0
2011-09-08,0.0
2011-09-09,-0.0
2011-09-11,-0.0
2011-09-12,-0.0
2011-09-13,0.0
2011-09-14,-0.0
2011-09-15,-0.0
2011-09-16,0.0
2011-09-18,0.0
2011-09-19,-0.0
2011-09-20,0.0
2011-09-21,-0.0
2011-09-22,-0.0
2011-09-23,-0.0
2011-09-25,-0.0
2011-09-26,0.0
2011-09-27,-0.0
2011-09-28,-0.0
2011-09-29,0.0
2011-09-30,-0.0
2011-10-02,0.0
2011-10-03,0.0
2011-10-04,-0.0
2011-10-05,0.0
2011-10-06,0.0
2011-10-07,-0.0
2011-10-09,0.0
2011-10-10,0.0
2011-10-11,-0.0
2011-10-12,0.0
2011-10-13,-0.0
2011-10-14,0.0
2011-10-16,-0.0
2011-10-17,-0.0
2011-10-18,-0.0
2011-10-19,-0.0
2011-10-20,-0.0
2011-10-21,0.0
2011-10-23,0.0
2011-10-24,0.0
2011-10-25,0.0
2011-10-26,0.0
2011-10-27,0.0
2011-10-28,-0.0
2011-10-30,-0.0
2011-10-31,0.0
2011-11-01,0.0
2011-11-02,-0.0
2011-11-03,0.0
2011-11-04,-0.0
2011-11-06,0.0
2011-11-07,0.0
2011-11-08,-0.0
2011-11-09,-0.0
2011-11-10,0.0
2011-11-11,0.0
2011-11-13,0.0
2011-11-14,-0.0
2011-11-15,-0.0
2011-11-16,-0.0
2011-11-17,-0.0
2011-11-18,0.0
2011-11-20,-0.0
2011-11-21,-0.0
2011-11-22,0.0
2011-11-23,-0.0
2011-11-24,0.0
2011-11-25,-0.0
2011-11-27,0.0
2011-11-28,0.0
2011-11-29,0.0
2011-11-30,0.0
2011-12-01,-0.0
2011-12-02,0.0
2011-12-04,-0.0
2011-12-05,-0.0
2011-12-06,0.0
2011-12-07,0.0
2011-12-08,-0.0
2011-12-09,0.0
2011-12-11,-0.0
2011-12-12,-0.0
2011-12-13,-0.0
2011-12-14,-0.0
2011-12-15,0.004649691417847671
2011-12-16,0.0032458456632845564
2011-12-18,-0.0032193939173806793
2011-12-19,0.0029441203762968953
2011-12-20,0.00859809892439063
2011-12-21,-0.00014203625721596053
2011-12-22,0.0
2011-12-23,-0.0
2011-12-26,-0.0
2011-12-27,-0.0
2011-12-28,-0.0
2011-12-29,-0.0
2011-12-30,0.0
2012-01-02,0.0
2012-01-03,0.0
2012-01-04,0.0
2012-01-05,0.0
2012-01-06,-0.0
2012-01-08,-0.0
2012-01-09,0.0
2012-01-10,0.0
2012-01-11,0.0
2012-01-12,-0.0
2012-01-13,-0.0
2012-01-15,-0.0
2012-01-16,0.0
2012-01-17,-0.0
2012-01-18,0.0
2012-01-19,-0.0
2012-01-20,0.0
2012-01-22,0.0
2012-01-23,0.0
2012-01-24,-0.0
2012-01-25,0.0
2012-01-26,-0.0016596408679449021
2012-01-27,-0.007071549158280267
2012-01-29,0.001781881881819753
2012-01-30,-0.00047993825852967603
2012-01-31,-0.001337178231465318
2012-02-01,-0.00014540764565909594
2012-02-02,0.0
2012-02-03,-0.0
2012-02-05,0.0
2012-02-06,-0.0
2012-02-07,0.0
2012-02-08,-0.0
2012-02-09,-0.0
2012-02-10,-0.0
2012-02-12,0.0
2012-02-13,-0.0
2012-02-14,0.0
2012-02-15,-0.0
2012-02-16,0.0
2012-02-17,-0.0
2012-02-19,0.0
2012-02-20,0.0
2012-02-21,0.0
2012-02-22,0.0
2012-02-23,0.0
2012-02-24,-0.0
2012-02-26,0.0
2012-02-27,-0.0
2012-02-28,0.0
2012-02-29,-0.0
2012-03-01,-0.0013577134034109897
2012-03-02,-0.0036635139291933488
2012-03-04,-1.3496322221501928e-05
2012-03-05,-0.0045015962567851635
2012-03-06,-0.010523430470891963
2012-03-07,-0.0001833174391411157
2012-03-08,0.0
2012-03-09,0.0
2012-03-11,-0.0
2012-03-12,-0.0
2012-03-13,-0.0
2012-03-14,-0.0
2012-03-15,0.007641252299233497
2012-03-16,-0.001400627464780745
2012-03-18,0.0011073851458206338
2012-03-19,-0.0027363911363816286
2012-03-20,-0.0003458079284540563
2012-03-21,-0.0001816677758774476
2012-03-22,-0.0
2012-03-23,0.0
2012-03-25,0.0
2012-03-26,0.0
2012-03-27,-0.0
2012-03-28,-0.0
2012-03-29,0.0
2012-03-30,0.0
2012-04-01,0.0
2012-04-02,0.0
2012-04-03,-0.0
2012-04-04,-0.0
2012-04-05,0.0
2012-04-06,0.0
2012-04-08,0.0
2012-04-09,0.0
2012-04-10,0.0
2012-04-11,0.0
2012-04-12,0.0
2012-04-13,-0.0
2012-04-15,-0.0
2012-04-16,-0.0
2012-04-17,0.0
2012-04-18,-0.0
2012-04-19,0.0
2012-04-20,0.0
2012-04-22,-0.0
2012-04-23,-0.0
2012-04-24,0.0
2012-04-25,0.0
2012-04-26,0.0
2012-04-27,0.0
2012-04-29,0.0
2012-04-30,0.0
2012-05-01,-0.0
2012-05-02,-0.0
2012-05-03,-0.0
2012-05-04,0.0
2012-05-06,-0.0
2012-05-07,-0.0
2012-05-08,-0.0
2012-05-09,-0.0
2012-05-10,-0.0
2012-05-11,-0.0
2012-05-13,0.0
2012-05-14,-0.0
2012-05-15,-0.0
2012-05-16,0.0
2012-05-17,0.0
2012-05-18,0.0
2012-05-20,0.0
2012-05-21,-0.0
2012-05-22,-0.0
2012-05-23,0.0
2012-05-24,-0.0
2012-05-25,0.0
2012-05-27,0.0
2012-05-28,-0.0
2012-05-29,-0.0
2012-05-30,0.0
2012-05-31,-0.0
2012-06-01,0.0
2012-06-03,0.0019337669430741548
2012-06-04,-0.0012741679405670117
2012-06-05,-0.0015346866334645052
2012-06-06,0.002082068148296508
2012-06-07,0.019793564917027863
2012-06-08,-0.0001807681418730948
2012-06-10,0.0
2012-06-11,-0.0
2012-06-12,0.0
2012-06-13,0.0
2012-06-14,0.0
2012-06-15,0.0
2012-06-17,-0.0
2012-06-18,0.0
2012-06-19,-0.0
2012-06-20,-0.0
2012-06-21,-0.0
2012-06-22,0.0
2012-06-24,0.0
2012-06-25,0.0
2012-06-26,-0.0
2012-06-27,0.0
2012-06-28,-0.0
2012-06-29,0.0
2012-07-01,-0.0
2012-07-02,0.0
2012-07-03,0.0
2012-07-04,0.0
2012-07-05,-0.0
2012-07-06,-0.0
2012-07-08,-0.0
2012-07-09,0.0
2012-07-10,-0.0
2012-07-11,-0.0
2012-07-12,-0.0
2012-07-13,0.0
2012-07-15,-0.0
2012-07-16,0.0
2012-07-17,-0.0
2012-07-18,-0.0
2012-07-19,0.0
2012-07-20,0.0
2012-07-22,-0.0
2012-07-23,-0.0
2012-07-24,0.0
2012-07-25,0.0
2012-07-26,0.0
2012-07-27,0.0
2012-07-29,-0.0
2012-07-30,0.0
2012-07-31,-0.0
2012-08-01,-0.0
2012-08-02,-0.0
2012-08-03,0.0
2012-08-05,0.0
2012-08-06,0.0
2012-08-07,-0.0
2012-08-08,0.0
2012-08-09,-0.0
2012-08-10,0.0
2012-08-12,0.0
2012-08-13,-0.0
2012-08-14,-0.0
2012-08-15,0.0
2012-08-16,0.0
2012-08-17,-0.0
2012-08-19,0.0
2012-08-20,0.0
2012-08-21,0.0
2012-08-22,0.0
2012-08-23,0.0
2012-08-24,0.0
2012-08-26,0.0
2012-08-27,-0.0
2012-08-28,0.0
2012-08-29,-0.0
2012-08-30,-0.0
2012-08-31,0.0
2012-09-02,0.0007239228116260771
2012-09-03,-0.0031292553022361762
2012-09-04,0.0016401651257311686
2012-09-05,-0.0020527600920681485
2012-09-06,0.002341369177039019
2012-09-07,-0.0002283822696539332
2012-09-09,-0.0016702893747210135
2012-09-10,0.0037638606031283354
2012-09-11,-0.0018051398522414205
2012-09-12,0.0016272596751920748
2012-09-13,-0.02133552454626037
2012-09-14,0.0010272070603920735
2012-09-16,-0.0018806746479671742
2012-09-17,0.008299721206586076
2012-09-18,-0.00454131889852478
2012-09-19,-0.00042917357713655467
2012-09-20,-0.0002201948908082753
2012-09-21,0.0
2012-09-23,-0.0
2012-09-24,0.0
2012-09-25,-0.0
2012-09-26,-0.0
2012-09-27,0.0
2012-09-28,-0.0
2012-09-30,-0.0
2012-10-01,0.0
2012-10-02,-0.0
2012-10-03,0.0
2012-10-04,0.0
2012-10-05,-0.0
2012-10-07,-0.0
2012-10-08,0.0
2012-10-09,-0.0
2012-10-10,-0.0
2012-10-11,0.0
2012-10-12,-0.0
2012-10-14,-0.0
2012-10-15,-0.0
2012-10-16,0.0
2012-10-17,-0.0
2012-10-18,-0.0
2012-10-19,-0.0
2012-10-21,0.0
2012-10-22,0.0
2012-10-23,-0.0
2012-10-24,-0.0
2012-10-25,0.0
2012-10-26,-0.0
2012-10-28,0.0
2012-10-29,-0.0
2012-10-30,0.0
2012-10-31,0.0
2012-11-01,-0.0
2012-11-02,-0.0
2012-11-04,0.0
2012-11-05,0.0
2012-11-06,0.0
2012-11-07,-0.0
2012-11-08,0.0
2012-11-09,-0.0
2012-11-11,0.0
2012-11-12,-0.0
2012-11-13,0.0
2012-11-14,-0.0
2012-11-15,-0.0
2012-11-16,0.0
2012-11-18,0.0
2012-11-19,0.0
2012-11-20,-0.0
2012-11-21,0.0
2012-11-22,-0.0
2012-11-23,0.0
2012-11-25,-0.0
2012-11-26,-0.0
2012-11-27,-0.0
2012-11-28,-0.0
2012-11-29,0.0
2012-11-30,-0.0
2012-12-02,0.0
2012-12-03,-0.0
2012-12-04,-0.0
2012-12-05,-0.0
2012-12-06,0.0
2012-12-07,0.0
2012-12-09,0.0
2012-12-10,0.0
2012-12-11,0.0
2012-12-12,-0.0
2012-12-13,-0.0
2012-12-14,-0.0
2012-12-16,-0.0
2012-12-17,0.0
2012-12-18,-0.0
2012-12-19,-0.0028798724705531827
2012-12-20,-0.01421212091416337
2012-12-21,0.008404912088973055
2012-12-23,1.407816369893854e-05
2012-12-24,0.0006576704703796883
2012-12-26,-0.00016124044825388065
2012-12-27,0.0018611850984867977
2012-12-28,-0.00024495411108930385
2012-12-30,0.0
2012-12-31,0.0
2013-01-01,0.0
2013-01-02,0.0
2013-01-03,-0.0
2013-01-04,0.0
2013-01-06,0.0
2013-01-07,-0.0
2013-01-08,0.0
2013-01-09,-0.0
2013-01-10,0.0
2013-01-11,-0.0
2013-01-13,0.0
2013-01-14,0.0
2013-01-15,0.0
2013-01-16,-0.0
2013-01-17,0.0
2013-01-18,-0.0
2013-01-20,0.0
2013-01-21,0.0
2013-01-22,-0.0
2013-01-23,-0.0
2013-01-24,-0.0
2013-01-25,-0.0
2013-01-27,0.0
2013-01-28,-0.0
2013-01-29,0.0
2013-01-30,0.0
2013-01-31,-0.0
2013-02-01,0.0
2013-02-03,0.0
2013-02-04,0.0
2013-02-05,-0.0
2013-02-06,0.0
2013-02-07,-0.0
2013-02-08,-0.0
2013-02-10,0.0
2013-02-11,-0.0
2013-02-12,0.0
2013-02-13,-0.0
2013-02-14,-0.0
2013-02-15,-0.0
2013-02-17,0.001305261942118
2013-02-18,0.0004415676139956294
2013-02-19,-0.0038031045131749334
2013-02-20,-0.027970046990707344
2013-02-21,0.012419274509165348
2013-02-22,-0.0008822652028826649
2013-02-24,0.0010449862703728618
2013-02-25,0.005096595350723308
2013-02-26,0.009234299964359954
2013-02-27,-0.00022738394594010508
2013-02-28,-0.0
2013-03-01,-0.0
2013-03-03,0.0
2013-03-04,0.0
2013-03-05,-0.0
2013-03-06,0.0
2013-03-07,-0.0
2013-03-08,0.0
2013-03-10,0.0
2013-03-11,0.0
2013-03-12,0.0
2013-03-13,-0.0
2013-03-14,0.0
2013-03-15,-0.0
2013-03-17,0.0
2013-03-18,0.0
2013-03-19,0.0
2013-03-20,-0.0
2013-03-21,0.0
2013-03-22,-0.0
2013-03-24,0.0
2013-03-25,-0.0
2013-03-26,-0.0
2013-03-27,0.0
2013-03-28,-0.0
2013-03-29,0.0
2013-03-31,0.0
2013-04-01,0.0
2013-04-02,-0.0
2013-04-03,-0.0
2013-04-04,0.0
2013-04-05,0.0
2013-04-07,-0.0
2013-04-08,-0.0
2013-04-09,0.0
2013-04-10,-0.0
2013-04-11,0.0
2013-04-12,-0.0
2013-04-14,-0.01778412726270916
2013-04-15,-0.039086524232036554
2013-04-16,0.01200731558158258
2013-04-17,-0.006606508927874365
2013-04-18,0.011371191019798284
2013-04-19,0.0026427127509290322
2013-04-21,0.005666943769630498
2013-04-22,-0.0001369384102578235
2013-04-23,-0.0
2013-04-24,0.0
2013-04-25,0.0
2013-04-26,-0.0
2013-04-28,0.0
2013-04-29,0.0
2013-04-30,0.0
2013-05-01,-0.0
2013-05-02,0.0
2013-05-03,-0.0
2013-05-05,0.0
2013-05-06,-0.0
2013-05-07,-0.0
2013-05-08,0.0
2013-05-09,-0.0
2013-05-10,-0.0
2013-05-12,-0.0
2013-05-13,0.0
2013-05-14,-0.0
2013-05-15,-0.0
2013-05-16,-0.0
2013-05-17,-0.0
2013-05-19,-0.0
2013-05-20,0.0
2013-05-21,-0.0
2013-05-22,-0.0
2013-05-23,0.0
2013-05-24,-0.0
2013-05-26,0.0
2013-05-27,-0.0
2013-05-28,-0.0
2013-05-29,0.0
2013-05-30,0.0
2013-05-31,-0.0
2013-06-02,0.0
2013-06-03,0.0
2013-06-04,-0.0
2013-06-05,-0.0
2013-06-06,0.0
2013-06-07,-0.0
2013-06-09,0.0
2013-06-10,-0.0
2013-06-11,-0.0
2013-06-12,0.0
2013-06-13,-0.0
2013-06-14,0.0
2013-06-16,0.0
2013-06-17,-0.0
2013-06-18,-0.0
2013-06-19,-0.0
2013-06-20,-0.0
2013-06-21,0.0
2013-06-23,-0.0
2013-06-24,-0.0
2013-06-25,-0.0
2013-06-26,-0.0
2013-06-27,-0.0
2013-06-28,0.011824819628385786
2013-06-30,0.002117495807939281
2013-07-01,0.0071849491197050475
2013-07-02,-0.004552637794319146
2013-07-03,0.0026642360639890176
2013-07-04,-0.0001673474969319758
2013-07-05,-0.0
2013-07-07,-0.0
2013-07-08,0.0
2013-07-09,-0.0
2013-07-10,0.0
2013-07-11,0.0
2013-07-12,0.0
2013-07-14,0.0
2013-07-15,-0.0
2013-07-16,0.0
2013-07-17,-0.0
2013-07-18,0.0
2013-07-19,0.0
2013-07-21,0.0
2013-07-22,0.0
2013-07-23,0.0
2013-07-24,-0.0
2013-07-25,0.0
2013-07-26,-0.0
2013-07-28,-0.0
2013-07-29,0.0
2013-07-30,0.0
2013-07-31,-0.0
2013-08-01,-0.0
2013-08-02,0.0
2013-08-04,0.0
2013-08-05,-0.0
2013-08-06,-0.0
2013-08-07,0.0
2013-08-08,0.0
2013-08-09,-0.0
2013-08-11,0.0
2013-08-12,0.0
2013-08-13,-0.0
2013-08-14,0.0
2013-08-15,0.0
2013-08-16,0.0
2013-08-18,0.0
2013-08-19,-0.0
2013-08-20,0.0
2013-08-21,-0.0
2013-08-22,0.0
2013-08-23,0.0
2013-08-25,-0.0
2013-08-26,0.0
2013-08-27,0.0
2013-08-28,-0.0
2013-08-29,-0.0
2013-08-30,-0.0
2013-09-01,-0.0
2013-09-02,0.0
2013-09-03,0.0
2013-09-04,-0.0
2013-09-05,-0.0
2013-09-06,0.0
2013-09-08,-0.0
2013-09-09,-0.0
2013-09-10,-0.0
2013-09-11,-0.0
2013-09-12,-0.0
2013-09-13,-0.0
2013-09-15,0.0
2013-09-16,-0.0
2013-09-17,-0.0
2013-09-18,0.0
2013-09-19,-0.0006903114541461561
2013-09-20,0.014459289158178436
2013-09-22,-0.0020282076494370117
2013-09-23,0.0020228971931541616
2013-09-24,-0.00023530009944787658
2013-09-25,0.0016965024278970385
2013-09-26,-0.001987327716060411
2013-09-27,-0.00017044687340288893
2013-09-29,0.0
2013-09-30,-0.0
2013-10-01,-0.0
2013-10-02,0.0
2013-10-03,0.0
2013-10-04,-0.0
2013-10-06,0.0
2013-10-07,0.0
2013-10-08,-0.0
2013-10-09,-0.0
2013-10-10,-0.0
2013-10-11,-0.0
2013-10-13,0.0
2013-10-14,0.0
2013-10-15,0.0
2013-10-16,0.0
2013-10-17,0.0
2013-10-18,-0.0
2013-10-20,0.0
2013-10-21,-0.0
2013-10-22,0.0
2013-10-23,-0.0
2013-10-24,0.0
2013-10-25,0.0
2013-10-27,-0.0
2013-10-28,0.0
2013-10-29,-0.0
2013-10-30,-0.0
2013-10-31,-0.0
2013-11-01,-0.0
2013-11-03,-0.0
2013-11-04,0.0
2013-11-05,0.0
2013-11-06,0.0
2013-11-07,-0.0
2013-11-08,-0.0
2013-11-10,-0.0
2013-11-11,-0.0
2013-11-12,-0.0
2013-11-13,0.0
2013-11-14,0.0
2013-11-15,0.0
2013-11-17,-0.0
2013-11-18,-0.0
2013-11-19,-0.0
2013-11-20,-0.0
2013-11-21,-0.0
2013-11-22,-0.0
2013-11-24,-0.0
2013-11-25,0.0
2013-11-26,-0.0
2013-11-27,-0.0
2013-11-28,0.0
2013-11-29,0.0
2013-12-01,-0.0
2013-12-02,-0.0
2013-12-03,0.0
2013-12-04,0.0
2013-12-05,-0.0
2013-12-06,0.0
2013-12-08,0.0
2013-12-09,0.0
2013-12-10,0.0
2013-12-11,-0.0
2013-12-12,-0.0
2013-12-13,0.0
2013-12-15,-0.0
2013-12-16,0.0
2013-12-17,-0.0
2013-12-18,-0.0
2013-12-19,-0.0
2013-12-20,0.003499538029485848
2013-12-22,-0.0011926799380390647
2013-12-23,-0.0013983929037303553
2013-12-24,0.0034450817771959096
2013-12-26,0.0036755771126642527
2013-12-27,-0.0002503679833773886
2013-12-29,-0.0
2013-12-30,-0.0
2013-12-31,0.0
2014-01-01,0.0
2014-01-02,0.0
2014-01-03,0.0
2014-01-05,0.0
2014-01-06,0.0
2014-01-07,-0.0
2014-01-08,-0.0
2014-01-09,0.0
2014-01-10,0.0
2014-01-12,0.0
2014-01-13,0.0
2014-01-14,-0.0
2014-01-15,0.0
2014-01-16,-0.0
2014-01-17,0.0
2014-01-19,0.0
2014-01-20,-0.0
2014-01-21,-0.0
2014-01-22,-0.0
2014-01-23,0.0
2014-01-24,0.0
2014-01-26,0.0
2014-01-27,-0.0
2014-01-28,-0.0
2014-01-29,0.0
2014-01-30,-0.0
2014-01-31,0.0
2014-02-02,0.0
2014-02-03,0.0
2014-02-04,-0.0
2014-02-05,0.0
2014-02-06,0.0
2014-02-07,0.0
2014-02-09,0.0
2014-02-10,0.0
2014-02-11,0.0
2014-02-12,0.0
2014-02-13,0.0
2014-02-14,0.0
2014-02-16,0.0
2014-02-17,-0.0
2014-02-18,-0.0
2014-02-19,-0.0
2014-02-20,0.0
2014-02-21,0.0
2014-02-23,-0.0
2014-02-24,0.0
2014-02-25,0.0
2014-02-26,-0.0
2014-02-27,0.0
2014-02-28,-0.0
2014-03-02,0.0
2014-03-03,0.0
2014-03-04,-0.0
2014-03-05,0.0
2014-03-06,0.0
2014-03-07,-0.0
2014-03-09,-0.0
2014-03-10,0.0
2014-03-11,0.0
2014-03-12,0.0
2014-03-13,-0.0
2014-03-14,0.0
2014-03-16,-0.0
2014-03-17,-0.0
2014-03-18,-0.0015830858752684993
2014-03-19,-0.017162506090480176
2014-03-20,0.0005938005968613697
2014-03-21,0.0011290789039602863
2014-03-23,-0.005065436939260172
2014-03-24,-0.0002854183168556108
2014-03-25,-0.0
2014-03-26,-0.0
2014-03-27,-0.0
2014-03-28,0.0
2014-03-30,0.0
2014-03-31,-0.0
2014-04-01,-0.0
2014-04-02,0.0
2014-04-03,-0.0
2014-04-04,0.0
2014-04-06,-0.0
2014-04-07,-0.0
2014-04-08,0.0
2014-04-09,0.0
2014-04-10,0.0
2014-04-11,-0.0
2014-04-13,0.0
2014-04-14,-0.0
2014-04-15,-0.0
2014-04-16,0.0
2014-04-17,-0.0
2014-04-20,-0.0
2014-04-21,0.0
2014-04-22,-0.0
2014-04-23,0.0
2014-04-24,0.0
2014-04-25,0.0
2014-04-27,0.0
2014-04-28,-0.0
2014-04-29,0.0
2014-04-30,-0.0
2014-05-01,-0.0
2014-05-02,0.0
2014-05-04,0.0
2014-05-05,0.0
2014-05-06,0.0
2014-05-07,-0.0
2014-05-08,-0.0
2014-05-09,-0.0
2014-05-11,-0.0
2014-05-12,0.0
2014-05-13,-0.0
2014-05-14,0.0
2014-05-15,-0.0
2014-05-16,-0.0
2014-05-18,0.0
2014-05-19,-0.0
2014-05-20,0.0
2014-05-21,-0.0
2014-05-22,0.0
2014-05-23,-0.0
2014-05-25,0.0
2014-05-26,-0.0
2014-05-27,-0.0
2014-05-28,-0.0
2014-05-29,0.0
2014-05-30,-0.0
2014-06-02,-0.0
2014-06-03,0.0
2014-06-04,-0.0
2014-06-05,0.0
2014-06-06,-0.0
2014-06-08,-0.0
2014-06-09,0.0
2014-06-10,0.0
2014-06-11,-0.0
2014-06-12,0.0
2014-06-13,0.0
2014-06-15,0.0
2014-06-16,-0.0
2014-06-17,-0.0
2014-06-18,0.0
2014-06-19,0.0
2014-06-20,-0.001947716399782593
2014-06-22,0.0014317003203467207
2014-06-23,-0.0026307803768098447
2014-06-24,0.003495820929786971
2014-06-25,-0.0038633745810206896
2014-06-26,-0.00030077650421787215
2014-06-27,-0.0
2014-06-29,-0.0
2014-06-30,0.0
2014-07-01,-0.0
2014-07-02,-0.0
2014-07-03,-0.0
2014-07-04,0.0
2014-07-06,-0.0
2014-07-07,0.0
2014-07-08,0.0
2014-07-09,0.0
2014-07-10,0.0
2014-07-11,0.0
2014-07-13,-0.0
2014-07-14,-0.0
2014-07-15,-0.0
2014-07-16,0.0
2014-07-17,0.0
2014-07-18,-0.0
2014-07-20,0.0
2014-07-21,0.0
2014-07-22,-0.0
2014-07-23,-0.0
2014-07-24,-0.0
2014-07-25,0.0
2014-07-27,-0.0
2014-07-28,0.0
2014-07-29,-0.0
2014-07-30,-0.0
2014-07-31,-0.0
2014-08-01,0.0
2014-08-03,-0.0
2014-08-04,-0.0
2014-08-05,0.0
2014-08-06,0.0
2014-08-07,0.0
2014-08-08,-0.0
2014-08-10,-0.0
2014-08-11,0.0
2014-08-12,0.0
2014-08-13,0.0
2014-08-14,0.0
2014-08-15,-0.0
2014-08-17,-0.0
2014-08-18,-0.0
2014-08-19,-0.0
2014-08-20,-0.0
2014-08-21,-0.0
2014-08-22,0.0
2014-08-24,-0.0
2014-08-25,0.0
2014-08-26,0.0
2014-08-27,0.0
2014-08-28,0.0
2014-08-29,-0.0
2014-08-31,-0.0
2014-09-01,-0.0
2014-09-02,-0.0
2014-09-03,0.0
2014-09-04,-0.0
2014-09-05,0.0
2014-09-07,0.0
2014-09-08,-0.0
2014-09-09,-0.0
2014-09-10,-0.0
2014-09-11,-0.0
2014-09-12,-0.0
2014-09-14,0.0
2014-09-15,0.0
2014-09-16,0.0
2014-09-17,-0.0
2014-09-18,-0.0
2014-09-19,-0.0
2014-09-21,-0.0
2014-09-22,0.0
2014-09-23,0.0
2014-09-24,-0.0
2014-09-25,0.0
2014-09-26,-0.0
2014-09-28,0.0
2014-09-29,-0.0
2014-09-30,-0.0
2014-10-01,0.0
2014-10-02,-0.0
2014-10-03,-0.0
2014-10-05,-0.0
2014-10-06,0.0
2014-10-07,0.0
2014-10-08,0.0
2014-10-09,-0.0
2014-10-10,0.0
2014-10-12,0.0
2014-10-13,0.0
2014-10-14,-0.0
2014-10-15,0.0
2014-10-16,-0.0
2014-10-17,0.0
2014-10-19,-0.0
2014-10-20,0.0
2014-10-21,0.0
2014-10-22,-0.0
2014-10-23,-0.0
2014-10-24,0.0
2014-10-26,0.0
2014-10-27,-0.0
2014-10-28,-0.0
2014-10-29,-0.0
2014-10-30,-0.0
2014-10-31,-0.0
2014-11-02,-0.003135327284717142
2014-11-03,-0.0016145043136904455
2014-11-04,-0.002798275480560774
2014-11-05,-0.014772189105512838
2014-11-06,-0.008894513187637782
2014-11-07,-0.000340202394712806
2014-11-09,-0.0
2014-11-10,-0.0
2014-11-11,0.0
2014-11-12,-0.0
2014-11-13,-0.0
2014-11-14,0.0
2014-11-16,-0.0
2014-11-17,-0.0
2014-11-18,0.0
2014-11-19,-0.0
2014-11-20,0.0
2014-11-21,0.0
2014-11-23,-0.0
2014-11-24,-0.0
2014-11-25,0.0
2014-11-26,-0.0
2014-11-27,-0.0
2014-11-28,-0.0
2014-11-30,-0.0
2014-12-01,0.0
2014-12-02,-0.0
2014-12-03,0.0
2014-12-04,-0.0
2014-12-05,-0.0
2014-12-07,0.0
2014-12-08,0.0
2014-12-09,0.0
2014-12-10,-0.0
2014-12-11,-0.0
2014-12-12,0.0
2014-12-14,-0.0
2014-12-15,-0.0
2014-12-16,-0.0
2014-12-17,0.0
2014-12-18,-0.0
2014-12-19,-0.0
2014-12-21,0.0
2014-12-22,-0.0
2014-12-23,-0.0
2014-12-24,-0.0
2014-12-25,0.0
2014-12-26,0.0
2014-12-28,-0.0
2014-12-29,-0.0
2014-12-30,0.0
2014-12-31,-0.0
2015-01-01,0.0
2015-01-02,0.0
2015-01-04,0.0
2015-01-05,0.0
2015-01-06,0.0
2015-01-07,-0.0
2015-01-08,0.0
2015-01-09,0.0
2015-01-11,0.0
2015-01-12,0.0
2015-01-13,-0.0
2015-01-14,0.0
2015-01-15,0.0
2015-01-16,0.0
2015-01-18,-0.0
2015-01-19,0.0
2015-01-20,0.0
2015-01-21,-0.0
2015-01-22,0.0
2015-01-23,-0.0
2015-01-25,-0.0
2015-01-26,-0.0
2015-01-27,0.0
2015-01-28,-0.0
2015-01-29,-0.0
2015-01-30,0.0
2015-02-01,-0.0
2015-02-02,-0.0
2015-02-03,-0.0
2015-02-04,0.0
2015-02-05,-0.0
2015-02-06,-0.0
2015-02-08,0.0
2015-02-09,0.0
2015-02-10,-0.0
2015-02-11,-0.0
2015-02-12,0.0
2015-02-13,0.0
2015-02-15,0.0
2015-02-16,-0.0
2015-02-17,-0.0
2015-02-18,0.0
2015-02-19,-0.0
2015-02-20,-0.0
2015-02-22,0.0
2015-02-23,-0.0
2015-02-24,0.0
2015-02-25,0.0
2015-02-26,0.0
2015-02-27,0.0
2015-03-01,0.0
2015-03-02,-0.0
2015-03-03,-0.0
2015-03-04,-0.0
2015-03-05,-0.0
2015-03-06,-0.0
2015-03-08,0.0
2015-03-09,-0.0
2015-03-10,-0.0
2015-03-11,-0.0
2015-03-12,0.0
2015-03-13,-0.0
2015-03-15,0.0
2015-03-16,-0.0
2015-03-17,-0.0
2015-03-18,0.0
2015-03-19,-0.0
2015-03-20,0.0
2015-03-22,-0.0
2015-03-23,0.0
2015-03-24,0.0
2015-03-25,0.0
2015-03-26,0.0
2015-03-27,-0.0
2015-03-29,-0.0
2015-03-30,-0.0
2015-03-31,0.0
2015-04-01,0.0
2015-04-02,-0.0
2015-04-03,0.0
2015-04-05,0.0
2015-04-06,-0.0
2015-04-07,-0.0
2015-04-08,-0.0
2015-04-09,-0.0
2015-04-10,0.0
2015-04-12,-0.0
2015-04-13,-0.0
2015-04-14,-0.0
2015-04-15,0.0
2015-04-16,-0.0
2015-04-17,0.0
2015-04-19,0.0
2015-04-20,-0.0
2015-04-21,0.0
2015-04-22,-0.0
2015-04-23,0.0
2015-04-24,-0.0
2015-04-26,0.0
2015-04-27,0.0
2015-04-28,0.0
2015-04-29,-0.0
2015-04-30,-0.0
2015-05-01,-0.0
2015-05-03,0.0
2015-05-04,0.0
2015-05-05,0.0
2015-05-06,-0.0
2015-05-07,-0.0
2015-05-08,0.0
2015-05-10,0.0
2015-05-11,-0.0
2015-05-12,0.0
2015-05-13,0.0
2015-05-14,0.0
2015-05-15,0.0
2015-05-17,0.0
2015-05-18,-0.0
2015-05-19,-0.0
2015-05-20,0.0
2015-05-21,-0.0
2015-05-22,-0.0
2015-05-24,-0.0
2015-05-25,0.0
2015-05-26,-0.0
2015-05-27,-0.0
2015-05-28,0.0
2015-05-29,0.0
2015-05-31,-0.0
2015-06-01,-0.0
2015-06-02,0.0
2015-06-03,-0.0
2015-06-04,-0.0
2015-06-05,-0.0
2015-06-07,0.0
2015-06-08,0.0
2015-06-09,0.0
2015-06-10,0.0
2015-06-11,-0.0
2015-06-12,-0.0
2015-06-14,0.0
2015-06-15,0.0
2015-06-16,-0.0
2015-06-17,0.0
2015-06-18,0.0
2015-06-19,0.0
2015-06-21,-0.0
2015-06-22,-0.0
2015-06-23,-0.0
2015-06-24,-0.0
2015-06-25,-0.0
2015-06-26,0.0
2015-06-28,0.0
2015-06-29,-0.0
2015-06-30,-0.0
2015-07-01,-0.0
2015-07-02,-0.0
2015-07-03,0.0
2015-07-05,-0.0
2015-07-06,0.0
2015-07-07,-0.0
2015-07-08,0.0
2015-07-09,0.0
2015-07-10,0.0
2015-07-12,-0.0
2015-07-13,-0.0
2015-07-14,-0.0
2015-07-15,-0.0
2015-07-16,-0.0
2015-07-17,-0.0
2015-07-19,-0.0
2015-07-20,-0.0027072372746695605
2015-07-21,-0.009491781420320729
2015-07-22,0.004076904099360303
2015-07-23,-0.016531000160065205
2015-07-24,0.017403622408768256
2015-07-26,-0.0004302410067180828
2015-07-27,-0.0
2015-07-28,0.0
2015-07-29,-0.0
2015-07-30,-0.0
2015-07-31,0.0
2015-08-02,-0.0
2015-08-03,-0.0
2015-08-04,0.0
2015-08-05,-0.0
2015-08-06,0.0
2015-08-07,0.0
2015-08-09,0.0
2015-08-10,0.0
2015-08-11,0.0
2015-08-12,0.0
2015-08-13,-0.0
2015-08-14,0.0
2015-08-16,0.0
2015-08-17,0.0
2015-08-18,-0.0
2015-08-19,0.0
2015-08-20,0.0
2015-08-21,-0.0
2015-08-23,0.0
2015-08-24,-0.0
2015-08-25,-0.0
2015-08-26,-0.0
2015-08-27,0.0
2015-08-28,0.0
2015-08-30,0.0
2015-08-31,0.0
2015-09-01,-0.0
2015-09-02,-0.0
2015-09-03,-0.0
2015-09-04,-0.0
2015-09-06,0.0
2015-09-07,-0.0
2015-09-08,0.0
2015-09-09,-0.0
2015-09-10,0.0
2015-09-11,-0.0
2015-09-13,0.0
2015-09-14,-0.0
2015-09-15,-0.0
2015-09-16,0.0
2015-09-17,0.0
2015-09-18,0.0
2015-09-20,-0.0
2015-09-21,-0.0
2015-09-22,-0.0
2015-09-23,0.0
2015-09-24,0.0
2015-09-25,-0.0
2015-09-27,0.0
2015-09-28,-0.0
2015-09-29,-0.0
2015-09-30,-0.0
2015-10-01,-0.0
2015-10-02,0.0
2015-10-04,-0.0
2015-10-05,-0.0
2015-10-06,0.0
2015-10-07,-0.0
2015-10-08,0.0
2015-10-09,0.0
2015-10-11,0.0
2015-10-12,-0.0
2015-10-13,0.0
2015-10-14,0.0
2015-10-15,-0.0
2015-10-16,-0.0
2015-10-18,-0.0
2015-10-19,-0.0
2015-10-20,0.0
2015-10-21,-0.0
2015-10-22,0.0
2015-10-23,-0.0
2015-10-25,0.0
2015-10-26,-0.0
2015-10-27,0.0
2015-10-28,-0.0
2015-10-29,-0.0
2015-10-30,-0.0
2015-11-01,-0.0
2015-11-02,-0.0
2015-11-03,-0.0
2015-11-04,-0.0
2015-11-05,-0.0
2015-11-06,-0.0
2015-11-08,0.0
2015-11-09,-0.0
2015-11-10,-0.0
2015-11-11,-0.0
2015-11-12,-0.0
2015-11-13,0.0
2015-11-15,0.0
2015-11-16,-0.0
2015-11-17,-0.0
2015-11-18,0.0
2015-11-19,0.0
2015-11-20,-0.0
2015-11-22,-0.0
2015-11-23,0.0
2015-11-24,0.0
2015-11-25,-0.0
2015-11-26,-0.0
2015-11-27,-0.0
2015-11-29,-0.0
2015-11-30,0.0
2015-12-01,-0.0
2015-12-02,-0.0
2015-12-03,0.0
2015-12-04,0.0
2015-12-06,-0.0
2015-12-07,-0.0
2015-12-08,0.0
2015-12-09,-0.0
2015-12-10,-0.0
2015-12-11,0.0
2015-12-13,0.0
2015-12-14,-0.0
2015-12-15,0.0
2015-12-16,0.0
2015-12-17,-0.0
2015-12-18,0.0
2015-12-20,0.0
2015-12-21,0.0
2015-12-22,-0.0
2015-12-23,0.0
2015-12-24,0.0
2015-12-27,-0.0
2015-12-28,-0.0
2015-12-29,-0.0
2015-12-30,-0.0
2015-12-31,-0.0
2016-01-03,0.0
2016-01-04,0.0
2016-01-05,0.0
2016-01-06,0.0
2016-01-07,0.0
2016-01-08,0.0
2016-01-10,-0.0
2016-01-11,-0.0
2016-01-12,-0.0
2016-01-13,0.0
2016-01-14,-0.0
2016-01-15,0.0
2016-01-17,0.0
2016-01-18,-0.0
2016-01-19,0.0
2016-01-20,0.0
2016-01-21,-0.0
2016-01-22,-0.0
2016-01-24,0.0
2016-01-25,0.0
2016-01-26,0.0
2016-01-27,0.0
2016-01-28,-0.0
2016-01-29,0.0
2016-01-31,0.0
2016-02-01,0.0
2016-02-02,0.0
2016-02-03,0.0
2016-02-04,0.0
2016-02-05,0.0
2016-02-07,-0.0
2016-02-08,0.0
2016-02-09,0.0006535474063276805
2016-02-10,-0.011074118642502366
2016-02-11,-0.014933787956972939
2016-02-12,-0.0026236973980465444
2016-02-14,0.01047098215839183
2016-02-15,0.015906236102459965
2016-02-16,-0.008974262521872901
2016-02-17,-0.0003219918832946333
2016-02-18,-0.00026155681739507017
2016-02-19,-0.0
2016-02-21,-0.0
2016-02-22,0.0
2016-02-23,0.0
2016-02-24,0.0
2016-02-25,0.0
2016-02-26,-0.0
2016-02-28,0.0
2016-02-29,0.0
2016-03-01,-0.0
2016-03-02,0.0
2016-03-03,0.0
2016-03-04,-0.0
2016-03-06,0.0
2016-03-07,0.0
2016-03-08,-0.0
2016-03-09,-0.0
2016-03-10,0.0
2016-03-11,-0.0
2016-03-13,0.0
2016-03-14,-0.0
2016-03-15,0.0
2016-03-16,0.0
2016-03-17,0.0
2016-03-18,-0.0
2016-03-20,-0.0
2016-03-21,-0.0
2016-03-22,-0.0
2016-03-23,-0.0
2016-03-24,0.0
2016-03-27,-0.0
2016-03-28,0.0
2016-03-29,0.0
2016-03-30,-0.0
2016-03-31,0.0
2016-04-01,-0.0
2016-04-03,-0.0
2016-04-04,0.0
2016-04-05,0.0
2016-04-06,-0.0
2016-04-07,0.0
2016-04-08,0.0
2016-04-10,0.0
2016-04-11,0.0
2016-04-12,-0.0
2016-04-13,-0.0
2016-04-14,-0.0
2016-04-15,0.0
2016-04-17,0.0
2016-04-18,-0.0
2016-04-19,0.0
2016-04-20,-0.0
2016-04-21,-0.0
2016-04-22,-0.0
2016-04-24,0.0
2016-04-25,0.0
2016-04-26,0.0
2016-04-27,-0.0
2016-04-28,0.0
2016-04-29,0.0
2016-05-01,0.0
2016-05-02,0.0
2016-05-03,-0.0
2016-05-04,0.0
2016-05-05,-0.0
2016-05-06,0.0
2016-05-08,-0.0
2016-05-09,-0.0
2016-05-10,0.0
2016-05-11,0.0
2016-05-12,-0.0
2016-05-13,0.0
2016-05-15,0.0
2016-05-16,0.0
2016-05-17,-0.0
2016-05-18,-0.0
2016-05-19,-0.0
2016-05-20,-0.0
2016-05-22,0.0
2016-05-23,-0.0
2016-05-24,-0.0
2016-05-25,0.0
2016-05-26,-0.0
2016-05-27,-0.0
2016-05-29,-0.0
2016-05-30,0.0
2016-05-31,0.0
2016-06-01,-0.0
2016-06-02,-0.0
2016-06-03,0.0
2016-06-05,-0.0
2016-06-06,0.0
2016-06-07,0.0
2016-06-08,0.0
2016-06-09,0.0
2016-06-10,0.0
2016-06-12,0.0
2016-06-13,0.0
2016-06-14,0.0
2016-06-15,0.0
2016-06-16,-0.0
2016-06-17,0.0
2016-06-19,-0.0
2016-06-20,0.0
2016-06-21,-0.0
2016-06-22,-0.0
2016-06-23,0.0
2016-06-24,0.0
2016-06-26,0.0
2016-06-27,-0.0
2016-06-28,0.0
2016-06-29,-0.0
2016-06-30,0.0
2016-07-01,0.0
2016-07-03,0.0
2016-07-04,-0.0
2016-07-05,0.0
2016-07-06,0.0
2016-07-07,-0.0
2016-07-08,0.0
2016-07-10,0.0
2016-07-11,-0.0
2016-07-12,-0.0
2016-07-13,0.0
2016-07-14,-0.0
2016-07-15,0.0
2016-07-17,-0.0
2016-07-18,0.0
2016-07-19,0.0
2016-07-20,-0.0
2016-07-21,0.0
2016-07-22,-0.0
2016-07-24,-0.0
2016-07-25,-0.0
2016-07-26,0.0
2016-07-27,0.0
2016-07-28,-0.0
2016-07-29,0.0
2016-07-31,-0.0
2016-08-01,-0.0
2016-08-02,0.0
2016-08-03,-0.0
2016-08-04,0.0
2016-08-05,-0.0
2016-08-07,-0.0
2016-08-08,-0.0
2016-08-09,0.0
2016-08-10,-0.0
2016-08-11,-0.0
2016-08-12,-0.0
2016-08-14,0.0
2016-08-15,0.0
2016-08-16,0.0
2016-08-17,0.0
2016-08-18,-0.0
2016-08-19,-0.0
2016-08-21,-0.0
2016-08-22,0.0
2016-08-23,0.0
2016-08-24,-0.0
2016-08-25,-0.0
2016-08-26,-0.0
2016-08-28,-0.0
2016-08-29,0.0
2016-08-30,-0.0
2016-08-31,-0.0
2016-09-01,0.0
2016-09-02,0.0
2016-09-04,-0.0
2016-09-05,0.0
2016-09-06,0.0
2016-09-07,-0.0
2016-09-08,-0.0
2016-09-09,-0.0
2016-09-11,-0.0
2016-09-12,0.0
2016-09-13,-0.0
2016-09-14,0.0
2016-09-15,-0.0
2016-09-16,-0.0
2016-09-18,0.0
2016-09-19,0.0
2016-09-20,-0.0
2016-09-21,0.0
2016-09-22,0.0
2016-09-23,0.0
2016-09-25,-0.0
2016-09-26,0.0
2016-09-27,-0.0
2016-09-28,-0.0
2016-09-29,-0.0
2016-09-30,-0.0
2016-10-02,0.0
2016-10-03,-0.0
2016-10-04,-0.0
2016-10-05,-0.004916163964145347
2016-10-06,-0.007011222317008975
2016-10-07,-0.00024055496193331344
2016-10-09,0.004860788798264935
2016-10-10,-0.003352630640788229
2016-10-11,-0.00032929456104843394
2016-10-12,0.0
2016-10-13,-0.0
2016-10-14,-0.0
2016-10-16,0.0
2016-10-17,0.0
2016-10-18,0.0
2016-10-19,0.0
2016-10-20,-0.0
2016-10-21,0.0
2016-10-23,-0.0
2016-10-24,0.0
2016-10-25,0.0
2016-10-26,-0.0
2016-10-27,0.0
2016-10-28,0.0
2016-10-30,0.0
2016-10-31,0.0
2016-11-01,0.0
2016-11-02,0.0
2016-11-03,-0.0
2016-11-04,0.0
2016-11-06,-0.0
2016-11-07,-0.0
2016-11-08,0.0
2016-11-09,-0.0
2016-11-10,-0.0
2016-11-11,-0.0
2016-11-13,-0.0
2016-11-14,0.0
2016-11-15,0.0
2016-11-16,-0.0
2016-11-17,-0.0
2016-11-18,-0.0
2016-11-20,0.0
2016-11-21,0.0
2016-11-22,-0.0
2016-11-23,-0.0
2016-11-24,-0.0
2016-11-25,0.0
2016-11-27,0.0
2016-11-28,-0.0
2016-11-29,-0.0
2016-11-30,-0.0
2016-12-01,0.0
2016-12-02,0.0
2016-12-04,-0.0
2016-12-05,-0.0
2016-12-06,-0.0
2016-12-07,0.0
2016-12-08,-0.0
2016-12-09,-0.0
2016-12-11,-0.0
2016-12-12,0.0
2016-12-13,-0.0
2016-12-14,-0.0
2016-12-15,-0.0
2016-12-16,0.0
2016-12-18,0.0
2016-12-19,-0.0
2016-12-20,0.0
2016-12-21,-0.0
2016-12-22,0.0
2016-12-23,0.0
2016-12-26,0.0
2016-12-27,0.0
2016-12-28,0.0
2016-12-29,0.0
2016-12-30,-0.0
2017-01-02,0.0
2017-01-03,0.0
2017-01-04,0.0
2017-01-05,0.0
2017-01-06,-0.0
2017-01-08,0.0
2017-01-09,0.0
2017-01-10,0.0
2017-01-11,0.0
2017-01-12,-0.0
2017-01-13,0.0
2017-01-15,0.0
2017-01-16,0.0
2017-01-17,0.0
2017-01-18,-0.0
2017-01-19,0.0
2017-01-20,0.0
2017-01-22,0.0
2017-01-23,0.0
2017-01-24,-0.0
2017-01-25,-0.0
2017-01-26,-0.0
2017-01-27,0.0
2017-01-29,0.0
2017-01-30,0.0
2017-01-31,0.0
2017-02-01,0.0
2017-02-02,-0.0
2017-02-03,0.0
2017-02-05,0.0
2017-02-06,0.0
2017-02-07,0.0
2017-02-08,0.0
2017-02-09,-0.0
2017-02-10,0.0
2017-02-12,-0.0
2017-02-13,-0.0
2017-02-14,-0.0
2017-02-15,0.0
2017-02-16,0.0
2017-02-17,-0.0
2017-02-19,0.0
2017-02-20,-0.0
2017-02-21,0.0
2017-02-22,0.0
2017-02-23,0.0
2017-02-24,0.0
2017-02-26,-0.0
2017-02-27,-0.0
2017-02-28,-0.0
2017-03-01,0.0
2017-03-02,-0.0
2017-03-03,0.0
2017-03-05,-0.0
2017-03-06,-0.0
2017-03-07,-0.0
2017-03-08,-0.0
2017-03-09,-0.0
2017-03-10,0.0
2017-03-12,0.0
2017-03-13,-0.0
2017-03-14,-0.0
2017-03-15,0.0
2017-03-16,-0.002263035353255243
2017-03-17,-0.0014614627911878012
2017-03-19,-0.004464334143173951
2017-03-20,0.0051057347643858
2017-03-21,-0.014601951508676981
2017-03-22,-0.0003740664886595521
2017-03-23,-0.0
2017-03-24,0.0
2017-03-26,0.0
2017-03-27,-0.0
2017-03-28,-0.0
2017-03-29,0.0
2017-03-30,-0.0
2017-03-31,0.0
2017-04-02,-0.0
2017-04-03,0.0
2017-04-04,0.0
2017-04-05,-0.0
2017-04-06,0.0
2017-04-07,-0.0
2017-04-09,-0.0
2017-04-10,0.0
2017-04-11,0.0
2017-04-12,0.0
2017-04-13,0.0
2017-04-16,0.0
2017-04-17,-0.0
2017-04-18,0.0
2017-04-19,-0.0
2017-04-20,-0.0
2017-04-21,0.0
2017-04-23,-0.0
2017-04-24,-0.0
2017-04-25,-0.0
2017-04-26,0.0
2017-04-27,-0.0
2017-04-28,0.0
2017-04-30,-0.0
2017-05-01,-0.0
2017-05-02,-0.0
2017-05-03,-0.0
2017-05-04,-0.0
2017-05-05,0.0
2017-05-07,0.0
2017-05-08,-0.0
2017-05-09,-0.0
2017-05-10,-0.0
2017-05-11,0.0
2017-05-12,0.0
2017-05-14,0.0
2017-05-15,0.0
2017-05-16,0.0
2017-05-17,0.0
2017-05-18,-0.0
2017-05-19,0.0
2017-05-21,-0.0
2017-05-22,0.0
2017-05-23,-0.0
2017-05-24,0.0
2017-05-25,-0.0
2017-05-26,0.0
2017-05-28,-0.0
2017-05-29,0.0
2017-05-30,-0.0
2017-05-31,0.0
2017-06-01,-0.0
2017-06-02,0.0
2017-06-04,0.0
2017-06-05,0.0
2017-06-06,0.0
2017-06-07,-0.0
2017-06-08,-0.0
2017-06-09,-0.0
2017-06-11,0.0
2017-06-12,-0.0
2017-06-13,0.0
2017-06-14,-0.0
2017-06-15,-0.0
2017-06-16,0.0
2017-06-18,-0.0
2017-06-19,-0.0
2017-06-20,0.0
2017-06-21,0.0
2017-06-22,-0.0
2017-06-23,0.0
2017-06-25,-0.0
2017-06-26,-0.0
2017-06-27,0.0
2017-06-28,-0.0
2017-06-29,-0.0
2017-06-30,-0.0
2017-07-02,-0.0
2017-07-03,-0.0
2017-07-04,0.0
2017-07-05,-0.0
2017-07-06,-0.0
2017-07-07,-0.0
2017-07-09,-0.0
2017-07-10,-0.0
2017-07-11,0.0
2017-07-12,0.0
2017-07-13,-0.0
2017-07-14,0.0
2017-07-16,0.0
2017-07-17,0.0
2017-07-18,0.0
2017-07-19,-0.0
2017-07-20,0.0
2017-07-21,0.0
2017-07-23,-0.0
2017-07-24,0.0
2017-07-25,-0.0
2017-07-26,0.0
2017-07-27,-0.0
2017-07-28,0.0
2017-07-30,-0.0
2017-07-31,0.0
2017-08-01,-0.0
2017-08-02,-0.0
2017-08-03,0.0
2017-08-04,-0.0
2017-08-06,-0.0
2017-08-07,0.0
2017-08-08,0.0
2017-08-09,0.0
2017-08-10,0.0
2017-08-11,0.0
2017-08-13,-0.0
2017-08-14,-0.0
2017-08-15,-0.0
2017-08-16,0.0
2017-08-17,-0.0
2017-08-18,-0.0
2017-08-20,0.0
2017-08-21,0.0
2017-08-22,-0.0
2017-08-23,0.0
2017-08-24,-0.0
2017-08-25,0.0
2017-08-27,0.0
2017-08-28,0.0
2017-08-29,-0.0
2017-08-30,-0.0
2017-08-31,0.0
2017-09-01,0.0
2017-09-03,0.0
2017-09-04,0.0
2017-09-05,0.0
2017-09-06,-0.0
2017-09-07,0.0
2017-09-08,-0.0
2017-09-10,-0.0
2017-09-11,-0.0
2017-09-12,0.0
2017-09-13,-0.0
2017-09-14,0.0
2017-09-15,-0.0
2017-09-17,-0.0
2017-09-18,-0.0
2017-09-19,0.0
2017-09-20,-0.0
2017-09-21,-0.0
2017-09-22,-0.0
2017-09-24,-0.0
2017-09-25,0.0
2017-09-26,-0.0
2017-09-27,-0.0
2017-09-28,0.0
2017-09-29,-0.0
2017-10-01,-0.0
2017-10-02,-0.0
2017-10-03,0.0
2017-10-04,-0.0
2017-10-05,-0.0
2017-10-06,0.0
2017-10-08,0.0
2017-10-09,0.0
2017-10-10,0.0
2017-10-11,0.0
2017-10-12,0.0
2017-10-13,0.0
2017-10-15,-0.0
2017-10-16,-0.0
2017-10-17,-0.0
2017-10-18,-0.0
2017-10-19,0.0
2017-10-20,-0.0
2017-10-22,-0.0
2017-10-23,0.0
2017-10-24,-0.0
2017-10-25,0.0
2017-10-26,-0.0
2017-10-27,0.0
2017-10-29,-0.0
2017-10-30,0.0
2017-10-31,-0.0
2017-11-01,0.0
2017-11-02,-0.0
2017-11-03,-0.0
2017-11-05,0.0
2017-11-06,0.0
2017-11-07,-0.0
2017-11-08,0.0
2017-11-09,0.0
2017-11-10,-0.0
2017-11-12,0.0
2017-11-13,0.0
2017-11-14,0.0
2017-11-15,-0.0
2017-11-16,0.0
2017-11-17,0.0
2017-11-19,-0.0
2017-11-20,-0.0
2017-11-21,0.0
2017-11-22,0.0
2017-11-23,0.0
2017-11-24,-0.0
2017-11-26,0.0
2017-11-27,0.0
2017-11-28,0.0
2017-11-29,-0.0
2017-11-30,-0.0
2017-12-01,0.0
2017-12-03,-0.0
2017-12-04,-0.0
2017-12-05,-0.0
2017-12-06,-0.0
2017-12-07,-0.0
2017-12-08,-0.0
2017-12-10,0.0
2017-12-11,-0.0
2017-12-12,-0.0
2017-12-13,0.0
2017-12-14,-0.0
2017-12-15,0.0
2017-12-17,0.0
2017-12-18,0.0
2017-12-19,0.0
2017-12-20,0.0
2017-12-21,-0.0
2017-12-22,0.0
2017-12-25,0.0
2017-12-26,0.0
2017-12-27,0.0
2017-12-28,0.0
2017-12-29,0.0
2018-01-01,0.0
2018-01-02,0.0
2018-01-03,-0.0
2018-01-04,0.0
2018-01-05,-0.0
2018-01-07,0.0
2018-01-08,-0.0
2018-01-09,-0.0
2018-01-10,0.0
2018-01-11,0.0
2018-01-12,0.0
2018-01-14,0.0
2018-01-15,-0.0
2018-01-16,-0.0
2018-01-17,-0.0
2018-01-18,0.0
2018-01-19,-0.0
2018-01-21,0.0
2018-01-22,0.0
2018-01-23,0.0
2018-01-24,0.0
2018-01-25,-0.0
2018-01-26,-0.0
2018-01-28,-0.0
2018-01-29,-0.0
2018-01-30,0.0
2018-01-31,0.0
2018-02-01,0.0
2018-02-02,-0.0
2018-02-04,-0.001916346260014671
2018-02-05,0.010373965890934068
2018-02-06,-0.011197172754113615
2018-02-07,-0.01499440450543666
2018-02-08,0.005268978119613526
2018-02-09,-0.00035964705656331566
2018-02-11,0.0
2018-02-12,0.0
2018-02-13,0.0
2018-02-14,0.0
2018-02-15,0.0
2018-02-16,-0.0
2018-02-18,0.0
2018-02-19,-0.0
2018-02-20,-0.0
2018-02-21,-0.0
2018-02-22,0.0
2018-02-23,0.0
2018-02-25,0.0
2018-02-26,-0.0
2018-02-27,-0.0
2018-02-28,-0.0
2018-03-01,0.0
2018-03-02,0.0
2018-03-04,0.0
2018-03-05,-0.0
2018-03-06,0.0
2018-03-07,-0.0
2018-03-08,-0.0
2018-03-09,0.0
2018-03-11,0.0
2018-03-12,-0.0
2018-03-13,0.0
2018-03-14,-0.0
2018-03-15,-0.0
2018-03-16,-0.0
2018-03-18,-0.0
2018-03-19,0.0
2018-03-20,-0.0
2018-03-21,0.0
2018-03-22,0.0
2018-03-23,0.0
2018-03-25,0.0
2018-03-26,0.0
2018-03-27,-0.0
2018-03-28,-0.0
2018-03-29,-0.0
2018-04-01,0.0
2018-04-02,0.0
2018-04-03,-0.0
2018-04-04,-0.0
2018-04-05,0.0
2018-04-06,0.0
2018-04-08,-0.0
2018-04-09,0.0
2018-04-10,0.0
2018-04-11,0.0
2018-04-12,-0.0
2018-04-13,0.0
2018-04-15,0.0
2018-04-16,-0.0
2018-04-17,-0.0
2018-04-18,0.0
2018-04-19,-0.0
2018-04-20,-0.0
2018-04-22,-0.0
2018-04-23,-0.0
2018-04-24,0.0
2018-04-25,-0.0
2018-04-26,-0.0
2018-04-27,0.0
2018-04-29,-0.0
2018-04-30,-0.0
2018-05-01,-0.0
2018-05-02,-0.0
2018-05-03,0.0
2018-05-04,0.0
2018-05-06,0.0
2018-05-07,-0.0
2018-05-08,-0.0
2018-05-09,0.0
2018-05-10,0.0
2018-05-11,-0.0
2018-05-13,0.0
2018-05-14,-0.0
2018-05-15,-0.0
2018-05-16,-0.0
2018-05-17,-0.0
2018-05-18,0.0
2018-05-20,-0.0
2018-05-21,0.0
2018-05-22,0.0
2018-05-23,0.0
2018-05-24,0.0
2018-05-25,-0.0
2018-05-27,-0.0
2018-05-28,0.0
2018-05-29,0.0
2018-05-30,0.0
2018-05-31,-0.0
2018-06-01,-0.0
2018-06-03,-0.0
2018-06-04,-0.0
2018-06-05,0.0
2018-06-06,-0.0
2018-06-07,-0.0
2018-06-08,0.0
2018-06-10,0.0
2018-06-11,-0.0
2018-06-12,-0.0
2018-06-13,0.0
2018-06-14,0.0
2018-06-15,-0.0
2018-06-17,0.000497973783963763
2018-06-18,0.004428120179997759
2018-06-19,-0.010250327539376535
2018-06-20,-0.008252391342217193
2018-06-21,0.0010027848000637063
2018-06-22,-0.0005050933728846526
2018-06-24,0.0
2018-06-25,-0.0
2018-06-26,-0.0
2018-06-27,-0.0
2018-06-28,-0.0
2018-06-29,0.0
2018-07-01,-0.0
2018-07-02,-0.0
2018-07-03,0.0
2018-07-04,-0.0
2018-07-05,-0.0
2018-07-06,0.0
2018-07-08,0.0
2018-07-09,0.0
2018-07-10,-0.0
2018-07-11,-0.0
2018-07-12,0.0
2018-07-13,-0.0
2018-07-15,-0.0
2018-07-16,-0.0
2018-07-17,-0.0
2018-07-18,-0.0
2018-07-19,-0.0
2018-07-20,0.0
2018-07-22,0.0
2018-07-23,-0.0
2018-07-24,0.0
2018-07-25,0.0
2018-07-26,-0.0
2018-07-27,-0.0
2018-07-29,-0.0
2018-07-30,0.0
2018-07-31,0.0
2018-08-01,-0.0
2018-08-02,-0.0
2018-08-03,0.0
2018-08-05,0.0
2018-08-06,-0.0
2018-08-07,0.0
2018-08-08,0.0
2018-08-09,-0.0
2018-08-10,-0.0
2018-08-12,-0.0
2018-08-13,-0.0
2018-08-14,-0.0
2018-08-15,-0.0
2018-08-16,0.0
2018-08-17,0.0
2018-08-19,0.0
2018-08-20,0.0
2018-08-21,0.0
2018-08-22,-0.0
2018-08-23,-0.0
2018-08-24,0.0
2018-08-26,0.0
2018-08-27,0.0
2018-08-28,-0.0
2018-08-29,0.0
2018-08-30,-0.0
2018-08-31,-0.0
2018-09-02,-0.0
2018-09-03,0.0
2018-09-04,-0.0
2018-09-05,0.0
2018-09-06,0.0
2018-09-07,-0.0
2018-09-09,-0.0
2018-09-10,-0.0
2018-09-11,0.0
2018-09-12,0.0
2018-09-13,-0.0
2018-09-14,-0.0
2018-09-16,-0.0
2018-09-17,0.0
2018-09-18,0.0
2018-09-19,0.0
2018-09-20,0.0
2018-09-21,-0.0
2018-09-23,-0.0
2018-09-24,0.0
2018-09-25,0.0
2018-09-26,-0.0
2018-09-27,-0.0
2018-09-28,0.0
2018-09-30,-0.0
2018-10-01,0.0
2018-10-02,0.0
2018-10-03,0.009686857847058805
2018-10-04,-0.002456233049851048
2018-10-05,-0.004000878837745096
2018-10-07,0.0071203157769725595
2018-10-08,0.006002321114406426
2018-10-09,-0.00044854374186729197
2018-10-10,0.0
2018-10-11,0.0
2018-10-12,0.00384407783460291
2018-10-14,-0.003946981354504778
2018-10-15,-0.0038451209629970146
2018-10-16,0.0029322318431556946
2018-10-17,-0.00043109694799814104
2018-10-18,-0.00037836312925918896
2018-10-19,-0.0
2018-10-21,0.0
2018-10-22,-0.0
2018-10-23,0.0
2018-10-24,0.0
2018-10-25,-0.0
2018-10-26,0.0
2018-10-28,0.0
2018-10-29,-0.0
2018-10-30,-0.0
2018-10-31,-0.0
2018-11-01,0.0
2018-11-02,0.0
2018-11-04,-0.0
2018-11-05,-0.0
2018-11-06,0.0
2018-11-07,-0.0
2018-11-08,-0.0
2018-11-09,-0.0
2018-11-11,0.0
2018-11-12,-0.0
2018-11-13,-0.0
2018-11-14,0.0
2018-11-15,0.0
2018-11-16,0.0
2018-11-18,-0.0
2018-11-19,0.0
2018-11-20,-0.0
2018-11-21,0.0
2018-11-22,0.0
2018-11-23,-0.0
2018-11-25,0.0
2018-11-26,-0.0
2018-11-27,-0.0
2018-11-28,0.0
2018-11-29,-0.0
2018-11-30,-0.0
2018-12-02,0.0
2018-12-03,0.0
2018-12-04,-0.0
2018-12-05,0.0
2018-12-06,0.0
2018-12-07,0.0
2018-12-09,0.0
2018-12-10,-0.0
2018-12-11,-0.0
2018-12-12,0.0
2018-12-13,-0.0
2018-12-14,-0.0
2018-12-16,-0.0
2018-12-17,0.0
2018-12-18,0.0
2018-12-19,-0.0
2018-12-20,0.0
2018-12-21,0.003647687545336189
2018-12-23,-0.009304889481963246
2018-12-24,-0.005363658134585279
2018-12-25,-0.003763108976717717
2018-12-26,0.003131269546830863
2018-12-27,-0.00047917765914274197
2018-12-28,0.0
2018-12-30,-0.0
2018-12-31,0.0
2019-01-01,0.0
2019-01-02,0.0
2019-01-03,0.0
2019-01-04,-0.0
2019-01-06,0.0
2019-01-07,-0.0
2019-01-08,-0.0
2019-01-09,0.0
2019-01-10,-0.0
2019-01-11,-0.0
2019-01-13,0.0
2019-01-14,0.0
2019-01-15,-0.0
2019-01-16,0.0
2019-01-17,0.0
2019-01-18,-0.0
2019-01-20,0.0
2019-01-21,-0.0
2019-01-22,0.0
2019-01-23,-0.0
2019-01-24,0.0
2019-01-25,0.0
2019-01-27,0.0
2019-01-28,0.0
2019-01-29,0.0
2019-01-30,0.0
2019-01-31,-0.0
2019-02-01,-0.0
2019-02-03,-0.0
2019-02-04,0.0
2019-02-05,-0.0
2019-02-06,-0.0
2019-02-07,0.0
2019-02-08,0.0
2019-02-10,-0.0
2019-02-11,-0.0
2019-02-12,0.0
2019-02-13,-0.0
2019-02-14,0.0
2019-02-15,0.0
2019-02-17,0.0
2019-02-18,0.0
2019-02-19,0.0
2019-02-20,-0.0
2019-02-21,-0.0
2019-02-22,0.0
2019-02-24,0.0
2019-02-25,-0.0
2019-02-26,-0.0
2019-02-27,-0.0
2019-02-28,-0.0
2019-03-01,-0.0
2019-03-03,0.0
2019-03-04,-0.0
2019-03-05,-0.0
2019-03-06,-0.0
2019-03-07,0.0
2019-03-08,0.0
2019-03-10,-0.0
2019-03-11,-0.0
2019-03-12,0.0
2019-03-13,-0.0
2019-03-14,-0.0
2019-03-15,0.0
2019-03-17,-0.0
2019-03-18,0.0
2019-03-19,-0.0
2019-03-20,0.0
2019-03-21,-0.0
2019-03-22,0.0
2019-03-24,0.0
2019-03-25,0.0
2019-03-26,-0.0
2019-03-27,-0.0
2019-03-28,-0.0
2019-03-29,0.0
2019-03-31,0.0
2019-04-01,-0.0
2019-04-02,0.0
2019-04-03,-0.0
2019-04-04,-0.0
2019-04-05,0.0
2019-04-07,0.0
2019-04-08,0.0
2019-04-09,0.0
2019-04-10,0.0
2019-04-11,-0.0
2019-04-12,-0.0
2019-04-14,-0.0
2019-04-15,-0.0
2019-04-16,-0.0
2019-04-17,-0.0
2019-04-18,0.0
2019-04-21,0.0
2019-04-22,-0.0
2019-04-23,-0.0
2019-04-24,0.0
2019-04-25,0.0
2019-04-26,0.0
2019-04-28,0.0
2019-04-29,-0.0
2019-04-30,-0.0
2019-05-01,-0.0
2019-05-02,-0.0
2019-05-03,0.0
2019-05-05,0.0
2019-05-06,0.0
2019-05-07,0.0
2019-05-08,-0.0
2019-05-09,0.0
2019-05-10,0.0
2019-05-12,-0.0
2019-05-13,0.0
2019-05-14,-0.0
2019-05-15,-0.0
2019-05-16,-0.0
2019-05-17,-0.0
2019-05-19,-0.0
2019-05-20,-0.0
2019-05-21,-0.0
2019-05-22,-0.0
2019-05-23,0.0
2019-05-24,0.0
2019-05-27,-0.0
2019-05-28,-0.0
2019-05-29,-0.0
2019-05-30,0.0
2019-05-31,0.0
2019-06-02,-0.007785152214152441
2019-06-03,-0.01148173012945225
2019-06-04,-0.0018206389918721134
2019-06-05,-0.004641899306425893
2019-06-06,-0.0028801685380643958
2019-06-07,-0.0004379422541956235
2019-06-09,-0.0
2019-06-10,-0.0
2019-06-11,0.0
2019-06-12,0.0
2019-06-13,0.0
2019-06-14,-0.0
2019-06-16,0.0
2019-06-17,-0.0
2019-06-18,0.0
2019-06-19,0.0
2019-06-20,0.0
2019-06-21,0.00463780266960323
2019-06-23,-0.005167589731388539
2019-06-24,-0.01469810377630917
2019-06-25,0.013276954278727333
2019-06-26,-0.00022280780799356658
2019-06-27,0.00874056660410165
2019-06-28,-0.0075367391315015264
2019-06-30,-0.012622893356887484
2019-07-01,-0.001498860243781023
2019-07-02,-0.00029578017576150625
2019-07-03,-0.0
2019-07-04,-0.0
2019-07-05,-0.0
2019-07-07,-0.0
2019-07-08,-0.0
2019-07-09,-0.0
2019-07-10,0.0
2019-07-11,-0.0
2019-07-12,0.0
2019-07-14,-0.0
2019-07-15,0.0
2019-07-16,-0.0
2019-07-17,0.0
2019-07-18,0.0
2019-07-19,-0.0
2019-07-21,0.0
2019-07-22,-0.0
2019-07-23,0.0
2019-07-24,0.0
2019-07-25,-0.0
2019-07-26,0.0
2019-07-28,0.0
2019-07-29,0.0
2019-07-30,0.0
2019-07-31,-0.0
2019-08-01,0.0
2019-08-02,0.0
2019-08-04,0.0
2019-08-05,0.0
2019-08-06,0.0
2019-08-07,0.0
2019-08-08,0.0
2019-08-09,-0.0
2019-08-11,-0.0
2019-08-12,0.0
2019-08-13,-0.0
2019-08-14,0.0
2019-08-15,-0.0
2019-08-16,-0.0
2019-08-18,-0.0
2019-08-19,-0.0
2019-08-20,0.0
2019-08-21,-0.0
2019-08-22,-0.0
2019-08-23,0.0
2019-08-25,0.0
2019-08-26,-0.0
2019-08-27,0.0
2019-08-28,0.0
2019-08-29,-0.0
2019-08-30,-0.0
2019-09-01,0.0
2019-09-02,-0.0
2019-09-03,0.0
2019-09-04,-0.0
2019-09-05,-0.0
2019-09-06,-0.0
2019-09-08,0.0
2019-09-09,-0.0
2019-09-10,0.0
2019-09-11,0.0
2019-09-12,0.0
2019-09-13,-0.0
2019-09-15,0.0
2019-09-16,-0.0
2019-09-17,0.0
2019-09-18,-0.0
2019-09-19,0.0
2019-09-20,0.0
2019-09-22,0.0
2019-09-23,0.0
2019-09-24,0.0
2019-09-25,-0.0
2019-09-26,-0.0
2019-09-27,-0.0
2019-09-29,-0.0
2019-09-30,-0.0
2019-10-01,0.0
2019-10-02,0.0
2019-10-03,0.0
2019-10-04,-0.0
2019-10-06,0.0
2019-10-07,-0.0
2019-10-08,0.0
2019-10-09,0.0
2019-10-10,-0.0
2019-10-11,-0.0
2019-10-13,-0.0
2019-10-14,0.0
2019-10-15,-0.0
2019-10-16,0.0
2019-10-17,0.0
2019-10-18,-0.0
2019-10-20,0.0
2019-10-21,-0.0
2019-10-22,0.0
2019-10-23,0.0
2019-10-24,0.0
2019-10-25,0.0
2019-10-27,-0.0
2019-10-28,-0.0
2019-10-29,-0.0
2019-10-30,0.0
2019-10-31,0.0
2019-11-01,0.0
2019-11-03,-0.0
2019-11-04,-0.0
2019-11-05,-0.0
2019-11-06,0.0
2019-11-07,-0.0
2019-11-08,-0.0
2019-11-10,0.0
2019-11-11,-0.0
2019-11-12,0.0
2019-11-13,0.0
2019-11-14,0.0
2019-11-15,0.0
2019-11-17,-0.0
2019-11-18,0.0
2019-11-19,0.0
2019-11-20,-0.0
2019-11-21,-0.0
2019-11-22,-0.0
2019-11-24,-0.0
2019-11-25,-0.0
2019-11-26,0.0
2019-11-27,-0.0
2019-11-28,0.0
2019-11-29,0.0
2019-12-01,-0.0
2019-12-02,0.0
2019-12-03,0.0
2019-12-04,-0.0
2019-12-05,-0.0
2019-12-06,-0.0
2019-12-08,0.0
2019-12-09,0.0
2019-12-10,0.0
2019-12-11,0.0
2019-12-12,-0.0
2019-12-13,0.0
2019-12-15,-0.0
2019-12-16,0.0
2019-12-17,-0.0
2019-12-18,0.0
2019-12-19,0.0
2019-12-20,-0.0
2019-12-22,0.0
2019-12-23,0.0
2019-12-24,0.0
2019-12-25,0.0
2019-12-26,0.0
2019-12-27,-0.0
2019-12-29,0.0
2019-12-30,0.0
2019-12-31,-0.0
2020-01-01,0.0
2020-01-02,0.0
2020-01-03,0.0
2020-01-05,0.0
2020-01-06,-0.0
2020-01-07,0.0
2020-01-08,-0.0
2020-01-09,-0.006910079880985751
2020-01-10,0.008740557406969293
2020-01-12,-0.0035694544907488262
2020-01-13,-0.009708264285705072
2020-01-14,0.007527387821636671
2020-01-15,-0.0002561262043429516
2020-01-16,-0.0
2020-01-17,0.0
2020-01-19,0.0
2020-01-20,0.0
2020-01-21,-0.0
2020-01-22,0.0
2020-01-23,0.0
2020-01-24,0.0
2020-01-26,0.0
2020-01-27,0.0
2020-01-28,-0.0
2020-01-29,0.0
2020-01-30,-0.0
2020-01-31,0.0
2020-02-02,-0.0
2020-02-03,-0.0
2020-02-04,-0.0
2020-02-05,-0.0
2020-02-06,0.0
2020-02-07,0.0
2020-02-09,0.0
2020-02-10,-0.0
2020-02-11,-0.0
2020-02-12,0.0
2020-02-13,0.0
2020-02-14,0.0
2020-02-16,-0.0
2020-02-17,0.0
2020-02-18,0.0
2020-02-19,0.0
2020-02-20,0.0
2020-02-21,0.0
2020-02-23,0.0
2020-02-24,-0.0
2020-02-25,-0.0
2020-02-26,0.0
2020-02-27,-0.0
2020-02-28,-0.0
2020-03-01,0.006539124703977663
2020-03-02,-0.00011727520761127824
2020-03-03,0.0191740413268346
2020-03-04,-0.0013867803235093823
2020-03-05,0.015806800148767133
2020-03-06,-0.00018003249341268362
2020-03-08,0.0
2020-03-09,-0.0
2020-03-10,-0.0
2020-03-11,-0.0
2020-03-12,-0.0
2020-03-13,-0.0
2020-03-15,0.0
2020-03-16,-0.0
2020-03-17,0.0
2020-03-18,-0.0
2020-03-19,0.0
2020-03-20,0.0
2020-03-22,-0.0
2020-03-23,0.0
2020-03-24,0.0
2020-03-25,-0.0
2020-03-26,0.0
2020-03-27,0.0
2020-03-29,-0.0
2020-03-30,-0.0
2020-03-31,-0.0
2020-04-01,0.0
2020-04-02,0.0
2020-04-03,0.0
2020-04-05,0.0
2020-04-06,0.0
2020-04-07,-0.0
2020-04-08,-0.0
2020-04-09,0.0
2020-04-12,0.0
2020-04-13,0.0
2020-04-14,0.0
2020-04-15,-0.0
2020-04-16,-0.0
2020-04-17,-0.0
2020-04-19,-0.0
2020-04-20,0.0
2020-04-21,-0.0
2020-04-22,0.0
2020-04-23,0.0
2020-04-24,0.0
2020-04-26,-0.0
2020-04-27,-0.0
2020-04-28,0.0
2020-04-29,0.0
2020-04-30,-0.0
2020-05-01,0.0
2020-05-03,-0.0
2020-05-04,0.0
2020-05-05,0.0
2020-05-06,-0.0
2020-05-07,0.0
2020-05-08,-0.0
2020-05-10,0.0
2020-05-11,-0.0
2020-05-12,0.0
2020-05-13,0.0
2020-05-14,0.0
2020-05-15,0.0
2020-05-17,0.0
2020-05-18,-0.0
2020-05-19,0.0
2020-05-20,-0.0
2020-05-21,-0.0
2020-05-22,0.0
2020-05-24,-0.0
2020-05-25,0.0
2020-05-26,-0.0
2020-05-27,0.0
2020-05-28,0.0
2020-05-29,0.0
2020-05-31,0.0
2020-06-01,0.0
2020-06-02,-0.0
2020-06-03,-0.0
2020-06-04,0.0
2020-06-05,-0.0
2020-06-07,0.0
2020-06-08,0.0
2020-06-09,0.0
2020-06-10,0.0
2020-06-11,-0.0
2020-06-12,0.0
2020-06-14,-0.0
2020-06-15,0.0
2020-06-16,-0.0
2020-06-17,0.0
2020-06-18,-0.0
2020-06-19,0.0
2020-06-21,0.0
2020-06-22,-0.0
2020-06-23,0.0
2020-06-24,-0.0
2020-06-25,0.0
2020-06-26,0.0
2020-06-28,0.0
2020-06-29,0.0
2020-06-30,0.0
2020-07-01,-0.0
2020-07-02,0.0
2020-07-03,-0.0
2020-07-05,-0.0
2020-07-06,0.0
2020-07-07,0.0
2020-07-08,0.0
2020-07-09,-0.0
2020-07-10,-0.0
2020-07-12,0.0
2020-07-13,-0.0
2020-07-14,0.0
2020-07-15,0.0
2020-07-16,-0.0
2020-07-17,0.0
2020-07-19,-0.0
2020-07-20,0.0
2020-07-21,0.0
2020-07-22,0.0
2020-07-23,0.0
2020-07-24,0.0
2020-07-26,0.0
2020-07-27,0.0
2020-07-28,0.00677818028707243
2020-07-29,-0.00710801053359162
2020-07-30,-0.0001122028696931681
2020-07-31,-0.004130127662323794
2020-08-02,0.00043023678590440787
2020-08-03,-0.00020318159710125934
2020-08-04,0.0
2020-08-05,0.0
2020-08-06,0.0
2020-08-07,-0.0
2020-08-09,-0.0
2020-08-10,-0.0
2020-08-11,-0.0
2020-08-12,0.014131087107979695
2020-08-13,0.003257605000411592
2020-08-14,-0.001334201913525162
2020-08-16,-0.0009179470482134702
2020-08-17,0.014122634000779564
2020-08-18,-0.00012048464265455924
2020-08-19,-0.0
2020-08-20,0.0
2020-08-21,-0.0
2020-08-23,-0.0
2020-08-24,-0.0
2020-08-25,-0.0
2020-08-26,0.0
2020-08-27,-0.0
2020-08-28,0.0
2020-08-30,0.0
2020-08-31,0.0
2020-09-01,-0.0
2020-09-02,-0.0
2020-09-03,-0.0
2020-09-04,-0.0
2020-09-06,0.0
2020-09-07,-0.0
2020-09-08,-0.0
2020-09-09,0.0
2020-09-10,-0.0
2020-09-11,-0.0
2020-09-13,0.0
2020-09-14,0.0
2020-09-15,-0.0
2020-09-16,-0.0
2020-09-17,0.0
2020-09-18,-0.0
2020-09-20,0.0
2020-09-21,-0.0
2020-09-22,-0.0
2020-09-23,-0.0
2020-09-24,0.0
2020-09-25,-0.0
2020-09-27,-0.0
2020-09-28,0.0
2020-09-29,0.0
2020-09-30,-0.0
2020-10-01,0.0
2020-10-02,0.0
2020-10-04,0.0
2020-10-05,0.0
2020-10-06,-0.0
2020-10-07,0.0
2020-10-08,0.0
2020-10-09,0.0
2020-10-11,-0.0
2020-10-12,-0.0
2020-10-13,-0.0
2020-10-14,-0.0
2020-10-15,0.0
2020-10-16,-0.0
2020-10-18,0.0
2020-10-19,-0.0
2020-10-20,0.0
2020-10-21,-0.0
2020-10-22,-0.0
2020-10-23,-0.0
2020-10-25,-0.0
2020-10-26,0.0
2020-10-27,-0.0
2020-10-28,-0.0
2020-10-29,-0.0
2020-10-30,0.0
2020-11-01,0.0
2020-11-02,0.0
2020-11-03,0.0
2020-11-04,0.0
2020-11-05,0.0
2020-11-06,0.0
2020-11-08,0.0
2020-11-09,-0.0
2020-11-10,-0.0015097615213531547
2020-11-11,-0.0037851703437142667
2020-11-12,0.002783368135488552
2020-11-13,0.004224230048172749
2020-11-15,0.0027354564536745335
2020-11-16,-0.00016935530994871935
2020-11-17,-0.0
2020-11-18,-0.0
2020-11-19,0.0
2020-11-20,0.0
2020-11-22,0.0
2020-11-23,-0.0
2020-11-24,-0.0
2020-11-25,0.0
2020-11-26,-0.0
2020-11-27,-0.0
2020-11-29,-0.0
2020-11-30,0.0
2020-12-01,0.0
2020-12-02,0.0
2020-12-03,0.0
2020-12-04,-0.0
2020-12-06,0.0
2020-12-07,0.0
2020-12-08,-0.0
2020-12-09,-0.0
2020-12-10,-0.0
2020-12-11,0.0
2020-12-13,-0.0
2020-12-14,-0.0
2020-12-15,0.0
2020-12-16,0.0
2020-12-17,0.0
2020-12-18,-0.0
2020-12-20,0.0
2020-12-21,-0.0
2020-12-22,-0.0
2020-12-23,0.0
2020-12-24,0.0
2020-12-27,0.0
2020-12-28,-0.0
2020-12-29,0.0
2020-12-30,0.0
2020-12-31,0.0
2021-01-03,0.0
2021-01-04,0.0
2021-01-05,0.0
2021-01-06,-0.0
2021-01-07,-0.0
2021-01-08,-0.0
2021-01-10,-0.0048849012300527924
2021-01-11,0.005460063706100113
2021-01-12,0.0028908229989596003
2021-01-13,-0.0062490400357892925
2021-01-14,0.00420921450122252
2021-01-15,-0.00014636687448086664
2021-01-17,0.0
2021-01-18,0.0
2021-01-19,0.0
2021-01-20,0.0
2021-01-21,-0.0
2021-01-22,-0.0
2021-01-24,-0.0
2021-01-25,0.0
2021-01-26,-0.0
2021-01-27,-0.0
2021-01-28,0.0
2021-01-29,0.0
2021-01-31,0.0
2021-02-01,-0.0
2021-02-02,-0.0
2021-02-03,-0.0
2021-02-04,-0.0
2021-02-05,0.0
2021-02-07,-0.0
2021-02-08,0.0
2021-02-09,0.0
2021-02-10,-0.0
2021-02-11,-0.0
2021-02-12,0.0
2021-02-14,-0.0
2021-02-15,0.0
2021-02-16,-0.0
2021-02-17,-0.0
2021-02-18,-0.0
2021-02-19,0.0
2021-02-21,0.0
2021-02-22,0.0
2021-02-23,-0.0
2021-02-24,-0.0
2021-02-25,-0.0
2021-02-26,-0.0
2021-02-28,0.006300622657233265
2021-03-01,-0.014083668711762658
2021-03-02,0.00830346357003062
2021-03-03,-0.007546745150591129
2021-03-04,-0.008648020979877635
2021-03-05,-0.00017118505981761334
2021-03-07,0.0
2021-03-08,-0.0
2021-03-09,0.0
2021-03-10,0.0
2021-03-11,-0.0
2021-03-12,0.0
2021-03-14,0.0
2021-03-15,0.0
2021-03-16,0.0
2021-03-17,0.0
2021-03-18,-0.0
2021-03-19,0.0
2021-03-21,-0.0
2021-03-22,-0.0
2021-03-23,-0.0
2021-03-24,0.0
2021-03-25,-0.0
2021-03-26,0.0
2021-03-28,-0.0
2021-03-29,-0.0
2021-03-30,-0.0
2021-03-31,0.0
2021-04-01,0.0
2021-04-04,-0.0
2021-04-05,0.0
2021-04-06,0.0
2021-04-07,0.0
2021-04-08,0.0
2021-04-09,-0.0
2021-04-11,-0.0
2021-04-12,-0.0
2021-04-13,0.0
2021-04-14,-0.0
2021-04-15,0.0
2021-04-16,0.0
2021-04-18,0.0
2021-04-19,-0.0
2021-04-20,0.0
2021-04-21,0.0
2021-04-22,-0.0
2021-04-23,-0.0
2021-04-25,0.0
2021-04-26,-0.0
2021-04-27,-0.0
2021-04-28,0.0
2021-04-29,-0.0
2021-04-30,0.0
2021-05-02,0.0
2021-05-03,0.0
2021-05-04,-0.0
2021-05-05,0.0
2021-05-06,0.0
2021-05-07,0.0
2021-05-09,0.0
2021-05-10,0.0
2021-05-11,-0.0
2021-05-12,-0.0
2021-05-13,0.0
2021-05-14,0.0
2021-05-16,0.0
2021-05-17,0.0
2021-05-18,-0.0
2021-05-19,0.0
2021-05-20,-0.0
2021-05-21,0.0
2021-05-23,0.0
2021-05-24,-0.0
2021-05-25,0.0
2021-05-26,-0.0
2021-05-27,-0.0
2021-05-28,0.0
2021-05-30,0.0
2021-05-31,0.0
2021-06-01,-0.0
2021-06-02,0.0
2021-06-03,-0.0
2021-06-04,0.0
2021-06-06,-0.0
2021-06-07,0.0
2021-06-08,-0.0
2021-06-09,-0.0
2021-06-10,0.0
2021-06-11,-0.0
2021-06-13,-0.0
2021-06-14,-0.0
2021-06-15,-0.0
2021-06-16,-0.0
2021-06-17,-0.019326761765573484
2021-06-18,-0.00974337294564641
2021-06-20,0.005755134585541707
2021-06-21,0.004786280928866104
2021-06-22,-0.0017352524806156127
2021-06-23,-0.002979297578388255
2021-06-24,-0.0002026832422783482
2021-06-25,0.0
2021-06-27,-0.0
2021-06-28,-0.0
2021-06-29,-0.0
2021-06-30,0.0
2021-07-01,0.0
2021-07-02,0.0
2021-07-04,0.0
2021-07-05,0.0
2021-07-06,0.0
2021-07-07,-0.0
2021-07-08,0.0
2021-07-09,0.0
2021-07-11,-0.0
2021-07-12,0.0
2021-07-13,-0.0
2021-07-14,0.0
2021-07-15,0.0
2021-07-16,-0.0
2021-07-18,0.0
2021-07-19,0.0
2021-07-20,-0.0
2021-07-21,-0.0
2021-07-22,0.0
2021-07-23,-0.0
2021-07-25,0.0
2021-07-26,-0.0
2021-07-27,0.0
2021-07-28,0.0
2021-07-29,0.0
2021-07-30,-0.0
2021-08-01,-0.0
2021-08-02,-0.0
2021-08-03,0.0
2021-08-04,-0.0
2021-08-05,-0.0
2021-08-06,-0.0
2021-08-08,-0.0
2021-08-09,-0.0
2021-08-10,-0.0
2021-08-11,0.0
2021-08-12,0.0
2021-08-13,0.0
2021-08-15,-0.0
2021-08-16,0.0
2021-08-17,0.0
2021-08-18,-0.0
2021-08-19,0.0
2021-08-20,-0.0
2021-08-22,0.0
2021-08-23,0.0
2021-08-24,-0.0
2021-08-25,-0.0
2021-08-26,0.0
2021-08-27,0.0
2021-08-29,-0.0
2021-08-30,-0.0
2021-08-31,0.0
2021-09-01,-0.0
2021-09-02,0.0
2021-09-03,0.0
2021-09-05,0.0
2021-09-06,-0.0
2021-09-07,-0.0
2021-09-08,-0.0
2021-09-09,0.0
2021-09-10,-0.0
2021-09-12,0.0
2021-09-13,0.0
2021-09-14,0.0
2021-09-15,-0.0
2021-09-16,-0.0
2021-09-17,-0.0
2021-09-19,-0.0
2021-09-20,0.0
2021-09-21,0.0
2021-09-22,-0.0
2021-09-23,-0.0
2021-09-24,-0.0
2021-09-26,0.0
2021-09-27,-0.0
2021-09-28,-0.0
2021-09-29,-0.0
2021-09-30,0.0
2021-10-01,0.0
2021-10-03,-0.0
2021-10-04,0.0
2021-10-05,-0.0
2021-10-06,0.0
2021-10-07,0.0
2021-10-08,-0.0
2021-10-10,0.0
2021-10-11,-0.0
2021-10-12,0.0
2021-10-13,0.0
2021-10-14,0.0
2021-10-15,-0.0
2021-10-17,0.0
2021-10-18,0.0
2021-10-19,0.0
2021-10-20,0.0
2021-10-21,-0.0
2021-10-22,0.0
2021-10-24,0.0
2021-10-25,0.0
2021-10-26,-0.0
2021-10-27,0.0
2021-10-28,-0.0
2021-10-29,-0.0
2021-10-31,0.0
2021-11-01,0.0
2021-11-02,-0.0
2021-11-03,-0.0
2021-11-04,0.0
2021-11-05,0.0
2021-11-07,0.0
2021-11-08,0.0
2021-11-09,0.0
2021-11-10,0.0
2021-11-11,0.0
2021-11-12,0.0
2021-11-14,-0.0
2021-11-15,0.0
2021-11-16,-0.0
2021-11-17,0.0
2021-11-18,-0.0
2021-11-19,-0.0
2021-11-21,0.0
2021-11-22,-0.0
2021-11-23,-0.007060034509908553
2021-11-24,-0.0008642761633845007
2021-11-25,0.002552586128728108
2021-11-26,-0.0022868253227259928
2021-11-28,8.050710181807545e-05
2021-11-29,-0.00023588424414038868
2021-11-30,-0.0
2021-12-01,-0.0
2021-12-02,-0.0
2021-12-03,0.0
2021-12-05,-0.0
2021-12-06,-0.0
2021-12-07,0.0
2021-12-08,-0.0
2021-12-09,-0.0
2021-12-10,0.0
2021-12-12,0.0
2021-12-13,-0.0
2021-12-14,-0.0
2021-12-15,0.0
2021-12-16,0.0
2021-12-17,-0.0
2021-12-19,0.0
2021-12-20,-0.0
2021-12-21,-0.0
2021-12-22,0.0
2021-12-23,0.0
2021-12-26,0.0
2021-12-27,0.0
2021-12-28,-0.0
2021-12-29,-0.0
2021-12-30,0.0
2021-12-31,0.0
2022-01-02,-0.0
2022-01-03,-0.0
2022-01-04,0.0
2022-01-05,-0.0
2022-01-06,-0.0
2022-01-07,0.0
2022-01-09,-0.0
2022-01-10,0.0
2022-01-11,0.0
2022-01-12,0.0
2022-01-13,0.0
2022-01-14,-0.0
2022-01-16,0.0
2022-01-17,-0.0
2022-01-18,-0.0
2022-01-19,0.0
2022-01-20,-0.0011305242276264062
2022-01-21,0.003986146115884269
2022-01-23,-0.0019685934932900107
2022-01-24,-0.002361624222867152
2022-01-25,-0.0031139155415219133
2022-01-26,-0.00026176884629818805
2022-01-27,-0.009740304614529299
2022-01-28,-0.004095620448817014
2022-01-30,-0.0021507730073636474
2022-01-31,0.006849975806889485
2022-02-01,-0.0010493479280458801
2022-02-02,-0.00024782493462592467
2022-02-03,0.0
2022-02-04,0.0
2022-02-06,0.0
2022-02-07,0.0
2022-02-08,0.0
2022-02-09,0.0
2022-02-10,-0.0
2022-02-11,0.0
2022-02-13,0.003135013863316067
2022-02-14,-0.014166939570317205
2022-02-15,0.012936946141040713
2022-02-16,-0.01085888487393352
2022-02-17,-0.008297305028210187
2022-02-18,-0.00022316426630355254
2022-02-20,-0.0
2022-02-21,0.0
2022-02-22,-0.0
2022-02-23,0.0
2022-02-24,-0.0
2022-02-25,-0.0
2022-02-27,0.0
2022-02-28,-0.0
2022-03-01,0.0
2022-03-02,-0.0
2022-03-03,0.0
2022-03-04,0.0
2022-03-06,0.0
2022-03-07,0.0
2022-03-08,0.0
2022-03-09,0.025325466421721014
2022-03-10,-0.0032310206596041966
2022-03-11,-0.00011329336430865853
2022-03-13,0.004009090432813353
2022-03-14,0.010497167260827023
2022-03-15,-0.00014576644815571314
2022-03-16,0.0
2022-03-17,-0.0
2022-03-18,-0.0
2022-03-20,0.0
2022-03-21,0.0
2022-03-22,-0.0
2022-03-23,0.0
2022-03-24,0.0
2022-03-25,-0.0
2022-03-27,-0.0
2022-03-28,-0.0
2022-03-29,-0.0
2022-03-30,0.0
2022-03-31,0.0
2022-04-01,-0.0
2022-04-03,-0.0
2022-04-04,0.0
2022-04-05,-0.0
2022-04-06,0.0
2022-04-07,0.0
2022-04-08,0.0
2022-04-10,-0.0
2022-04-11,0.0
2022-04-12,0.0
2022-04-13,0.0
2022-04-14,-0.0
2022-04-17,0.0
2022-04-18,-0.0
2022-04-19,-0.0
2022-04-20,0.0
2022-04-21,-0.0
2022-04-22,-0.0
2022-04-24,-0.0
2022-04-25,-0.0
2022-04-26,-0.0
2022-04-27,-0.0
2022-04-28,0.0
2022-04-29,-0.0
2022-05-01,-0.0
2022-05-02,-0.0
2022-05-03,-0.0
2022-05-04,0.0
2022-05-05,-0.0
2022-05-06,0.0
2022-05-08,-0.0
2022-05-09,-0.0
2022-05-10,-0.0
2022-05-11,0.0
2022-05-12,-0.0
2022-05-13,-0.0
2022-05-15,0.0
2022-05-16,0.0
2022-05-17,-0.0
2022-05-18,0.0
2022-05-19,0.0
2022-05-20,0.0
2022-05-22,0.0
2022-05-23,-0.0
2022-05-24,0.0
2022-05-25,-0.0
2022-05-26,0.0
2022-05-27,-0.0
2022-05-29,0.0
2022-05-30,-0.0
2022-05-31,-0.0
2022-06-01,0.0
2022-06-02,0.0
2022-06-03,-0.0
2022-06-05,0.0
2022-06-06,-0.0
2022-06-07,0.0
2022-06-08,0.0
2022-06-09,-0.0
2022-06-10,0.0
2022-06-12,-0.0
2022-06-13,-0.0
2022-06-14,-0.0
2022-06-15,0.0
2022-06-16,0.0
2022-06-17,-0.0
2022-06-19,0.0
2022-06-20,-0.0
2022-06-21,-0.0
2022-06-22,0.0
2022-06-23,-0.0
2022-06-24,-0.0
2022-06-26,0.0
2022-06-27,-0.0
2022-06-28,-0.0
2022-06-29,-0.0
2022-06-30,-0.0
2022-07-01,0.0
2022-07-03,-0.0
2022-07-04,0.0
2022-07-05,-0.0
2022-07-06,-0.0
2022-07-07,-0.0
2022-07-08,-0.0
2022-07-10,-0.0
2022-07-11,-0.0
2022-07-12,-0.0
2022-07-13,0.0
2022-07-14,-0.0
2022-07-15,-0.0
2022-07-17,0.0
2022-07-18,-0.0
2022-07-19,0.0
2022-07-20,-0.0
2022-07-21,0.0
2022-07-22,0.0
2022-07-24,0.0
2022-07-25,-0.0
2022-07-26,-0.0
2022-07-27,0.0
2022-07-28,0.0
2022-07-29,0.0
2022-07-31,-0.0
2022-08-01,0.0
2022-08-02,-0.0
2022-08-03,0.0
2022-08-04,0.0
2022-08-05,-0.0
2022-08-07,-0.0
2022-08-08,0.0
2022-08-09,0.0
2022-08-10,-0.0
2022-08-11,0.0
2022-08-12,0.0
2022-08-14,-0.0
2022-08-15,-0.0
2022-08-16,-0.0
2022-08-17,-0.0
2022-08-18,-0.0
2022-08-19,-0.0
2022-08-21,0.0
2022-08-22,-0.0
2022-08-23,0.0
2022-08-24,0.0
2022-08-25,-0.0
2022-08-26,-0.0
2022-08-28,-0.0
2022-08-29,0.0
2022-08-30,-0.0
2022-08-31,-0.0
2022-09-01,-0.0
2022-09-02,0.0
2022-09-04,-0.0
2022-09-05,0.0
2022-09-06,-0.0
2022-09-07,0.0
2022-09-08,0.0
2022-09-09,-0.0
2022-09-11,-0.0
2022-09-12,0.0
2022-09-13,-0.0
2022-09-14,-0.0
2022-09-15,-0.0
2022-09-16,0.005401172200142617
2022-09-18,-0.0013122136203470424
2022-09-19,0.002784934480275428
2022-09-20,-0.006350874874090963
2022-09-21,-0.0006359783299293069
2022-09-22,-0.00024270307678801538
2022-09-23,-0.0
2022-09-25,-0.0
2022-09-26,-0.0
2022-09-27,-0.0
2022-09-28,0.0
2022-09-29,0.0
2022-09-30,-0.0
2022-10-02,0.0
2022-10-03,0.0
2022-10-04,0.0
2022-10-05,0.0
2022-10-06,-0.0
2022-10-07,-0.0
2022-10-09,-0.0
2022-10-10,-0.0
2022-10-11,-0.0
2022-10-12,0.0
2022-10-13,-0.0
2022-10-14,-0.0
2022-10-16,0.0
2022-10-17,-0.0
2022-10-18,0.0
2022-10-19,-0.0
2022-10-20,-0.0
2022-10-21,0.0
2022-10-23,-0.0
2022-10-24,-0.0
2022-10-25,0.0
2022-10-26,0.0
2022-10-27,0.0
2022-10-28,-0.0
2022-10-30,-0.0
2022-10-31,-0.0
2022-11-01,0.0
2022-11-02,-0.0
2022-11-03,0.0
2022-11-04,0.0
2022-11-06,-0.0
2022-11-07,-0.0
2022-11-08,0.0
2022-11-09,-0.0006680540217073129
2022-11-10,-0.017155767974429897
2022-11-11,-0.006752560700480848
2022-11-13,0.0036323914842253248
2022-11-14,-0.0035146502462375154
2022-11-15,-0.00016159391746789592
2022-11-16,-0.0
2022-11-17,0.0
2022-11-18,-0.0
2022-11-20,-0.0
2022-11-21,-0.0
2022-11-22,-0.0
2022-11-23,0.0
2022-11-24,0.0
2022-11-25,-0.0
2022-11-27,-0.0
2022-11-28,0.0
2022-11-29,0.0
2022-11-30,0.0
2022-12-01,0.0
2022-12-02,-0.0
2022-12-04,0.0
2022-12-05,-0.0
2022-12-06,-0.0
2022-12-07,0.0
2022-12-08,0.0
2022-12-09,-0.0
2022-12-11,-0.0
2022-12-12,-0.0
2022-12-13,0.0
2022-12-14,-0.0
2022-12-15,-0.0
2022-12-16,0.0
2022-12-18,0.0
2022-12-19,-0.0
2022-12-20,0.0
2022-12-21,0.0
2022-12-22,-0.0
2022-12-23,0.0
2022-12-26,0.0
2022-12-27,0.0
2022-12-28,-0.0
2022-12-29,0.0
2022-12-30,0.0
2023-01-02,0.0
2023-01-03,0.0
2023-01-04,0.0
2023-01-05,-0.0
2023-01-06,0.0
2023-01-08,0.0
2023-01-09,-0.0
2023-01-10,0.0
2023-01-11,0.0
2023-01-12,0.0
2023-01-13,0.0
2023-01-15,0.0
2023-01-16,-0.0
2023-01-17,-0.0
2023-01-18,0.0
2023-01-19,0.0
2023-01-20,0.0
2023-01-22,0.0
2023-01-23,0.0
2023-01-24,-0.0
2023-01-25,0.0
2023-01-26,-0.0
2023-01-27,0.0
2023-01-29,0.0
2023-01-30,-0.0
2023-01-31,0.0
2023-02-01,0.0
2023-02-02,-0.0
2023-02-03,-0.0
2023-02-05,0.005353874429174008
2023-02-06,-0.002092041386627193
2023-02-07,0.0015490057913045726
2023-02-08,0.0009848201706931356
2023-02-09,-0.010175346455642324
2023-02-10,-0.00018062412267410484
2023-02-12,-0.0
2023-02-13,0.0
2023-02-14,-0.0
2023-02-15,-0.0
2023-02-16,-0.0
2023-02-17,0.0
2023-02-19,0.0
2023-02-20,-0.0
2023-02-21,-0.0
2023-02-22,-0.0
2023-02-23,-0.0
2023-02-24,-0.0
2023-02-26,-0.0
2023-02-27,0.0
2023-02-28,0.0
2023-03-01,0.0
2023-03-02,0.0
2023-03-03,0.0
2023-03-05,-0.0
2023-03-06,-0.0
2023-03-07,-0.0
2023-03-08,0.0
2023-03-09,0.0
2023-03-10,0.0
2023-03-12,-0.005344400298244798
2023-03-13,-0.008119227576052986
2023-03-14,4.6669966189653786e-05
2023-03-15,-0.004101827214726979
2023-03-16,-0.005666026902878184
2023-03-17,-0.00016971094859096964
2023-03-19,0.00348565002342601
2023-03-20,-0.0037561694714646557
2023-03-21,0.015629776074774067
2023-03-22,-0.012774990847443993
2023-03-23,-0.005210279776636806
2023-03-24,-0.0001469055677865823
2023-03-26,0.0
2023-03-27,-0.0
2023-03-28,0.0
2023-03-29,-0.0
2023-03-30,0.0
2023-03-31,-0.0
2023-04-02,-0.0
2023-04-03,0.0
2023-04-04,0.0
2023-04-05,-0.0
2023-04-06,-0.0
2023-04-09,-0.0
2023-04-10,0.0
2023-04-11,0.0
2023-04-12,0.0
2023-04-13,0.0
2023-04-14,-0.0
2023-04-16,0.0
2023-04-17,-0.0
2023-04-18,0.0
2023-04-19,-0.0
2023-04-20,0.0
2023-04-21,-0.0
2023-04-23,0.0
2023-04-24,0.0
2023-04-25,0.0
2023-04-26,0.0
2023-04-27,-0.0
2023-04-28,-0.0
2023-04-30,-0.0
2023-05-01,0.0
2023-05-02,0.0
2023-05-03,0.0
2023-05-04,0.0
2023-05-05,-0.0
2023-05-07,0.0
2023-05-08,0.0
2023-05-09,0.0
2023-05-10,0.0
2023-05-11,-0.0
2023-05-12,-0.0
2023-05-14,0.0
2023-05-15,0.0
2023-05-16,-0.0
2023-05-17,-0.0
2023-05-18,-0.0
2023-05-19,0.0
2023-05-21,0.0
2023-05-22,-0.0
2023-05-23,0.0
2023-05-24,-0.0
2023-05-25,-0.0
2023-05-26,0.0
2023-05-28,-0.0
2023-05-29,0.0
2023-05-30,0.0
2023-05-31,0.0
2023-06-01,0.0
2023-06-02,-0.0
2023-06-04,-0.0
2023-06-05,0.0
2023-06-06,0.0
2023-06-07,-0.0
2023-06-08,0.0
2023-06-09,-0.0
2023-06-11,-0.0
2023-06-12,0.0
2023-06-13,-0.0
2023-06-14,-0.0
2023-06-15,0.0
2023-06-16,0.0
2023-06-18,-0.0
2023-06-19,-0.0
2023-06-20,-0.0
2023-06-21,-0.0
2023-06-22,-0.0
2023-06-23,0.0
2023-06-25,0.0
2023-06-26,0.0
2023-06-27,-0.0
2023-06-28,-0.0
2023-06-29,0.0
2023-06-30,0.0
2023-07-02,-0.0
2023-07-03,0.0
2023-07-04,0.0
2023-07-05,-0.0
2023-07-06,-0.0
2023-07-07,0.0
2023-07-09,0.0
2023-07-10,0.0
2023-07-11,0.0
2023-07-12,0.0
2023-07-13,0.0
2023-07-14,-0.0
2023-07-16,-0.0
2023-07-17,0.0
2023-07-18,0.0
2023-07-19,0.0
2023-07-20,-0.0
2023-07-21,-0.0
2023-07-23,-0.0
2023-07-24,0.0
2023-07-25,0.0
2023-07-26,0.0
2023-07-27,-0.0
2023-07-28,0.0
2023-07-30,-0.0
2023-07-31,0.0
2023-08-01,-0.0
2023-08-02,-0.0
2023-08-03,-0.0
2023-08-04,0.0
2023-08-06,-0.0
2023-08-07,-0.0
2023-08-08,-0.0
2023-08-09,-0.0
2023-08-10,-0.0
2023-08-11,-0.0
2023-08-13,-0.0
2023-08-14,-0.0
2023-08-15,-0.0
2023-08-16,-0.0
2023-08-17,-0.0
2023-08-18,-0.0
2023-08-20,0.0
2023-08-21,0.0
2023-08-22,0.0
2023-08-23,0.0
2023-08-24,-0.0
2023-08-25,0.0
2023-08-27,0.0
2023-08-28,0.0
2023-08-29,0.0
2023-08-30,0.0
2023-08-31,-0.0
2023-09-01,-0.0
2023-09-03,0.0
2023-09-04,-0.0
2023-09-05,-0.0
2023-09-06,-0.0
2023-09-07,0.0
2023-09-08,-0.0
2023-09-10,0.0
2023-09-11,0.0
2023-09-12,-0.0
2023-09-13,0.0
2023-09-14,0.0
2023-09-15,0.0
2023-09-17,0.0
2023-09-18,0.0
2023-09-19,-0.0
2023-09-20,-0.0
2023-09-21,-0.0
2023-09-22,0.0
2023-09-24,-0.0
2023-09-25,-0.0
2023-09-26,-0.0
2023-09-27,-0.0
2023-09-28,-0.007823007007101571
2023-09-29,-0.012810298418476513
2023-10-01,-0.003146376955985955
2023-10-02,-0.02020446312914066
2023-10-03,0.0023977146296657254
2023-10-04,0.0038145553823538854
2023-10-05,-0.0016646163344289733
2023-10-06,0.006962652502281241
2023-10-08,0.013653746694894798
2023-10-09,-0.0003416230980674567
2023-10-10,-0.0
2023-10-11,0.0
2023-10-12,-0.0
2023-10-13,0.0
2023-10-15,0.006180874174726379
2023-10-16,0.002877279251466918
2023-10-17,-0.01158790373081856
2023-10-18,-0.006150708764509538
2023-10-19,-0.014721942376282876
2023-10-20,-0.00021874129584810984
2023-10-22,-0.0
2023-10-23,0.0
2023-10-24,-0.0
2023-10-25,0.0
2023-10-26,0.0
2023-10-27,0.0
2023-10-29,-0.0
2023-10-30,-0.0
2023-10-31,-0.0
2023-11-01,0.0
2023-11-02,0.0
2023-11-03,0.0
2023-11-05,-0.0
2023-11-06,-0.0
2023-11-07,-0.0
2023-11-08,-0.0
2023-11-09,0.0
2023-11-10,-0.0
2023-11-12,-0.0
2023-11-13,0.0
2023-11-14,0.0
2023-11-15,-0.0
2023-11-16,0.0
2023-11-17,-0.0
2023-11-19,0.0
2023-11-20,0.0
2023-11-21,0.0
2023-11-22,-0.0
2023-11-23,-0.0
2023-11-24,0.0
2023-11-26,0.0
2023-11-27,0.0
2023-11-28,0.0
2023-11-29,-0.0
2023-11-30,-0.0
2023-12-01,0.0
2023-12-03,0.0
2023-12-04,-0.0
2023-12-05,-0.0
2023-12-06,0.0
2023-12-07,0.0
2023-12-08,-0.0
2023-12-10,-0.0
2023-12-11,-0.0
2023-12-12,-0.0
2023-12-13,0.0
2023-12-14,0.0
2023-12-15,-0.0
2023-12-17,0.0
2023-12-18,0.0
2023-12-19,0.0
2023-12-20,-0.0
2023-12-21,0.0
2023-12-22,0.0
2023-12-25,0.0
2023-12-26,0.0
2023-12-27,0.0
2023-12-28,-0.0
2023-12-29,-0.0
2024-01-01,0.0
2024-01-02,-0.0
2024-01-03,-0.0
2024-01-04,0.0
2024-01-05,0.0
2024-01-07,-0.0
2024-01-08,-0.0
2024-01-09,-0.0
2024-01-10,0.0
2024-01-11,0.0
2024-01-12,0.0
2024-01-14,0.0
2024-01-15,-0.0
2024-01-16,-0.0
2024-01-17,-0.0
2024-01-18,0.0
2024-01-19,0.0
2024-01-21,-0.0
2024-01-22,0.0
2024-01-23,-0.0
2024-01-24,-0.0
2024-01-25,0.0
2024-01-26,-0.0
2024-01-28,0.0
2024-01-29,0.0
2024-01-30,0.0
2024-01-31,0.0
2024-02-01,0.0
2024-02-02,-0.0
2024-02-04,-0.0
2024-02-05,-0.0
2024-02-06,0.0
2024-02-07,-0.0
2024-02-08,0.0
2024-02-09,-0.0
2024-02-11,-0.0
2024-02-12,-0.0
2024-02-13,-0.0
2024-02-14,-0.0
2024-02-15,0.0
2024-02-16,0.0
2024-02-18,0.0
2024-02-19,0.0
2024-02-20,0.0
2024-02-21,-0.0
2024-02-22,-0.0
2024-02-23,0.0
2024-02-25,-0.0
2024-02-26,0.0
2024-02-27,-0.0
2024-02-28,0.0
2024-02-29,0.0
2024-03-01,0.0
2024-03-03,0.0007112207395804346
2024-03-04,-0.020558582095875317
2024-03-05,-0.005500933234781747
2024-03-06,-0.016968148190535524
2024-03-07,0.00023039577521325117
2024-03-08,-0.010805827319025248
2024-03-10,-0.00020502841730566
2024-03-11,-0.00022519825459191577
2024-03-12,-0.0
2024-03-13,0.0
2024-03-14,-0.0
2024-03-15,-0.0
2024-03-17,-0.0
2024-03-18,0.0
2024-03-19,-0.0
2024-03-20,0.0
2024-03-21,-0.0
2024-03-22,-0.0
2024-03-24,0.0
2024-03-25,-0.0
2024-03-26,0.0
2024-03-27,0.0
2024-03-28,0.0
2024-03-31,0.0
2024-04-01,-0.0
2024-04-02,0.0
2024-04-03,0.0
2024-04-04,-0.0
2024-04-05,0.0
2024-04-07,0.0
2024-04-08,-0.0
2024-04-09,0.0
2024-04-10,-0.0
2024-04-11,0.0
2024-04-12,-0.0
2024-04-14,0.005019536180812908
2024-04-15,0.008455645134244747
2024-04-16,-0.0011668693763976091
2024-04-17,-0.002953481775475667
2024-04-18,0.00861663091779435
2024-04-19,-0.00014071660946557877
2024-04-21,-0.0
2024-04-22,-0.0
2024-04-23,0.0
2024-04-24,-0.0
2024-04-25,0.0
2024-04-26,0.0
2024-04-28,-0.0
2024-04-29,0.0
2024-04-30,-0.0
2024-05-01,0.0
2024-05-02,-0.0
2024-05-03,0.0
2024-05-05,0.0
2024-05-06,0.0
2024-05-07,-0.0
2024-05-08,-0.0
2024-05-09,0.0
2024-05-10,0.0
2024-05-12,-0.0
2024-05-13,-0.0
2024-05-14,0.0
2024-05-15,0.0
2024-05-16,-0.0
2024-05-17,0.0
2024-05-19,0.0
2024-05-20,-0.0
2024-05-21,0.0
2024-05-22,-0.0
2024-05-23,-0.0
2024-05-24,0.0
2024-05-26,0.0
2024-05-27,0.0
2024-05-28,0.0
2024-05-29,-0.0
2024-05-30,0.0
2024-05-31,-0.0
2024-06-02,-0.0
2024-06-03,0.0
2024-06-04,-0.0
2024-06-05,0.0
2024-06-06,0.0
2024-06-07,-0.0
2024-06-09,0.0
2024-06-10,0.0
2024-06-11,0.0
2024-06-12,0.0
2024-06-13,-0.0
2024-06-14,0.0
2024-06-16,-0.0
2024-06-17,0.0
2024-06-18,0.0
2024-06-19,0.0
2024-06-20,0.0
2024-06-21,-0.0
2024-06-23,0.0
2024-06-24,0.0
2024-06-25,-0.0
2024-06-26,-0.0
2024-06-27,0.0
2024-06-28,0.0
2024-06-30,0.0
2024-07-01,0.0
2024-07-02,-0.0
2024-07-03,0.0
2024-07-04,0.0
2024-07-05,0.0
2024-07-07,-0.0
2024-07-08,-0.0
2024-07-09,0.0
2024-07-10,0.0
2024-07-11,0.0
2024-07-12,0.0
2024-07-14,-0.0
2024-07-15,0.0
2024-07-16,0.0
2024-07-17,-0.0
2024-07-18,-0.0
2024-07-19,-0.0
2024-07-21,0.0
2024-07-22,-0.0
2024-07-23,0.0
2024-07-24,-0.0
2024-07-25,0.0
2024-07-26,0.0
2024-07-28,0.0
2024-07-29,-0.0
2024-07-30,0.0
2024-07-31,0.0
2024-08-01,0.0
2024-08-02,-0.0
2024-08-04,-0.0
2024-08-05,-0.0
2024-08-06,-0.0
2024-08-07,0.0
2024-08-08,0.0
2024-08-09,0.0
2024-08-11,-0.0
2024-08-12,0.0
2024-08-13,-0.0
2024-08-14,-0.0
2024-08-15,0.0
2024-08-16,0.0
2024-08-18,-0.0
2024-08-19,-0.0
2024-08-20,0.0
2024-08-21,-0.0
2024-08-22,-0.0
2024-08-23,0.0
2024-08-25,-0.0
2024-08-26,-0.0
2024-08-27,0.0
2024-08-28,-0.0
2024-08-29,0.0
2024-08-30,-0.0
2024-09-01,-0.0
2024-09-02,0.0
2024-09-03,-0.0
2024-09-04,0.0
2024-09-05,0.0
2024-09-06,-0.0
2024-09-08,0.0
2024-09-09,0.0
2024-09-10,0.0
2024-09-11,-0.0
2024-09-12,0.0
2024-09-13,0.0
2024-09-15,0.0
2024-09-16,-0.0
2024-09-17,-0.0
2024-09-18,-0.0
2024-09-19,0.0
2024-09-20,0.0
2024-09-22,0.0
2024-09-23,0.0
2024-09-24,0.0
2024-09-25,-0.0
2024-09-26,0.0
2024-09-27,-0.0
2024-09-29,-0.0
2024-09-30,-0.0
2024-10-01,0.0
2024-10-02,-0.0
2024-10-03,0.0
2024-10-04,-0.0
2024-10-06,-0.0
2024-10-07,-0.0
2024-10-08,-0.0
2024-10-09,-0.0
2024-10-10,0.0
2024-10-11,0.0
2024-10-13,-0.0
2024-10-14,-0.0
2024-10-15,0.0
2024-10-16,0.0
2024-10-17,0.0
2024-10-18,0.0
2024-10-20,0.0
2024-10-21,-0.0
2024-10-22,0.0
2024-10-23,-0.0
2024-10-24,0.0
2024-10-25,0.0
2024-10-27,-0.0
2024-10-28,0.0
2024-10-29,0.0
2024-10-30,0.0
2024-10-31,-0.0
2024-11-01,-0.0
2024-11-03,0.0
2024-11-04,-0.0
2024-11-05,0.0
2024-11-06,-0.0
2024-11-07,0.012260328628896111
2024-11-08,-0.0028686291659223246
2024-11-10,-0.003699706890765226
2024-11-11,-0.016762247238118776
2024-11-12,-0.003428144820845159
2024-11-13,-0.00013584489252511535
2024-11-14,0.0
2024-11-15,-0.0
2024-11-17,0.0
2024-11-18,0.0
2024-11-19,0.0
2024-11-20,0.0
2024-11-21,0.0
2024-11-22,0.0
2024-11-24,-0.0
2024-11-25,-0.0
2024-11-26,0.0
2024-11-27,-0.0
2024-11-28,0.0
2024-11-29,-0.0
2024-12-01,-0.0
2024-12-02,0.0
2024-12-03,0.0
2024-12-04,-0.0
2024-12-05,-0.0
2024-12-06,-0.0
2024-12-08,0.0
2024-12-09,0.0
2024-12-10,0.0
2024-12-11,0.0
2024-12-12,-0.0
2024-12-13,-0.0
2024-12-15,0.0
2024-12-16,-0.0
2024-12-17,-0.0
2024-12-18,-0.0
2024-12-19,-0.0
2024-12-20,0.0
2024-12-22,0.0
2024-12-23,-0.0
2024-12-24,-0.0
2024-12-25,0.0
2024-12-26,0.0
2024-12-27,-0.0
2024-12-29,0.0
2024-12-30,-0.0
2024-12-31,0.0
2025-01-01,0.0
2025-01-02,0.0
2025-01-03,-0.0
2025-01-05,-0.0
2025-01-06,0.0
2025-01-07,0.0
2025-01-08,0.0
2025-01-09,0.0
2025-01-10,0.0
2025-01-12,-0.0
2025-01-13,-0.0
2025-01-14,0.0
2025-01-15,0.0
2025-01-16,0.0
2025-01-17,-0.0
2025-01-19,0.0
2025-01-20,0.0
2025-01-21,0.0
2025-01-22,-0.0
2025-01-23,0.0
2025-01-24,-0.0
2025-01-26,-0.0
2025-01-27,-0.0
2025-01-28,0.0
2025-01-29,-0.0
2025-01-30,0.0
2025-01-31,0.0
2025-02-02,-0.0
2025-02-03,0.0
2025-02-04,0.0
2025-02-05,0.0
2025-02-06,-0.0
2025-02-07,-0.0
2025-02-09,0.0
2025-02-10,0.0
2025-02-11,-0.0
2025-02-12,0.0
2025-02-13,0.0
2025-02-14,-0.0
2025-02-16,0.0
2025-02-17,0.0
2025-02-18,0.0
2025-02-19,0.0
2025-02-20,-0.0
2025-02-21,0.0
2025-02-23,0.0
2025-02-24,-0.0
2025-02-25,-0.0
2025-02-26,-0.0
2025-02-27,-0.0
2025-02-28,-0.0
2025-03-02,0.0
2025-03-03,0.0
2025-03-04,0.0
2025-03-05,0.0
2025-03-06,-0.0
2025-03-07,0.0
2025-03-09,0.0
2025-03-10,-0.0
2025-03-11,0.0
2025-03-12,0.0
2025-03-13,0.0
2025-03-14,-0.0
2025-03-16,0.0
2025-03-17,0.0
2025-03-18,0.0
2025-03-19,0.0
2025-03-20,-0.0
2025-03-21,-0.0
2025-03-23,-0.0
2025-03-24,-0.0
2025-03-25,0.0
2025-03-26,0.0
2025-03-27,0.0
2025-03-28,0.0
2025-03-30,0.0
2025-03-31,0.0
2025-04-01,-0.0
2025-04-02,0.0
2025-04-03,-0.0
2025-04-04,-0.01663862203279965
2025-04-06,-0.0033647043893899288
2025-04-07,-0.006741421493305322
2025-04-08,0.0005717637500031922
2025-04-09,0.03169915248489024
2025-04-10,-0.022026494812072386
2025-04-11,-0.003871850155554272
2025-04-13,0.0009262055375671272
2025-04-14,0.0015171858659227778
2025-04-15,-0.008819724543998568
2025-04-16,-8.836708363953101e-05
2025-04-17,-0.0
2025-04-20,0.0
2025-04-21,0.0
2025-04-22,-0.0
2025-04-23,-0.0020782970705786503
2025-04-24,0.0011294654342344829
2025-04-25,-0.0049343433858529484
2025-04-27,-0.006310743024883454
2025-04-28,0.006719333580265838
2025-04-29,-7.538231841384521e-05
2025-04-30,-0.0
2025-05-01,0.0
2025-05-02,-0.0
2025-05-04,0.0
2025-05-05,0.0
2025-05-06,0.0
2025-05-07,0.0
2025-05-08,-0.0
2025-05-09,0.0
2025-05-11,-0.0
2025-05-12,-0.0
2025-05-13,0.0
2025-05-14,-0.0
2025-05-15,0.0
2025-05-16,-0.0
2025-05-18,0.0
2025-05-19,-0.0
2025-05-20,0.0
2025-05-21,0.0
2025-05-22,-0.0
2025-05-23,0.0
2025-05-25,-0.0
2025-05-26,-0.0
2025-05-27,-0.0
2025-05-28,-0.0
2025-05-29,0.0
2025-05-30,-0.0
2025-06-01,0.0
2025-06-02,0.0
2025-06-03,-0.0
2025-06-04,0.0
2025-06-05,-0.0
2025-06-06,-0.0
2025-06-08,-0.0
2025-06-09,0.0
2025-06-10,0.0
2025-06-11,0.0
2025-06-12,0.0
2025-06-13,-0.0
2025-06-15,0.0
2025-06-16,-0.0
2025-06-17,-0.0
2025-06-18,-0.0
2025-06-19,-0.0
2025-06-20,0.0
2025-06-22,-0.0
2025-06-23,-0.0
2025-06-24,-0.0
2025-06-25,0.0
2025-06-26,-0.0
2025-06-27,-0.0
2025-06-29,0.0
2025-06-30,0.0
2025-07-01,0.0
2025-07-02,0.0
2025-07-03,-0.0
2025-07-04,0.0
2025-07-06,-0.0
2025-07-07,0.0
2025-07-08,-0.0
2025-07-09,0.0
2025-07-10,0.0
2025-07-11,0.0
2025-07-13,0.0
2025-07-14,-0.0
2025-07-15,-0.0
2025-07-16,0.0
2025-07-17,-0.0
2025-07-18,0.0
2025-07-20,0.0
2025-07-21,0.0
2025-07-22,0.0
2025-07-23,-0.0
2025-07-24,-0.0
2025-07-25,-0.0
2025-07-27,-0.0
2025-07-28,-0.0
2025-07-29,0.0
2025-07-30,-0.0
2025-07-31,-0.0
2025-08-01,0.0
2025-08-03,-0.0
2025-08-04,0.0
2025-08-05,0.0
2025-08-06,0.0
2025-08-07,0.0
2025-08-08,0.0
2025-08-10,-0.0
2025-08-11,-0.0
2025-08-12,-0.0
2025-08-13,0.0
2025-08-14,-0.0
2025-08-15,-0.0
2025-08-17,0.0
2025-08-18,-0.0
2025-08-19,-0.0
2025-08-20,0.0
2025-08-21,-0.0
2025-08-22,0.0
2025-08-24,-0.0
2025-08-25,0.0
2025-08-26,0.0
2025-08-27,0.0
2025-08-28,0.0
2025-08-29,0.0
2025-08-31,0.0
2025-09-01,0.0
2025-09-02,0.0
2025-09-03,-0.0
2025-09-04,0.0
2025-09-05,0.0
2025-09-07,0.0
2025-09-08,0.0
2025-09-09,-0.0
2025-09-10,0.0
2025-09-11,0.0
2025-09-12,-0.0
2025-09-14,-0.0
2025-09-15,0.0
2025-09-16,0.0
2025-09-17,-0.0
2025-09-18,-0.0
2025-09-19,0.0
2025-09-21,0.0
2025-09-22,0.0
2025-09-23,0.0
2025-09-24,-0.0
2025-09-25,-0.0
2025-09-26,0.0
2025-09-28,0.0
2025-09-29,0.0
2025-09-30,0.0
2025-10-01,0.0
2025-10-02,-0.0
2025-10-03,0.0
2025-10-05,0.0
2025-10-06,0.0
2025-10-07,0.0
2025-10-08,0.0
2025-10-09,-0.0
2025-10-10,0.0
2025-10-12,0.0
2025-10-13,0.0
2025-10-14,0.0
2025-10-15,0.0
2025-10-16,0.0
2025-10-17,0.017843473873243098
2025-10-19,0.000666005818534509
2025-10-20,0.015442690816440088
2025-10-21,-0.04015415528326783
2025-10-22,-0.004624841144851198
2025-10-23,0.003844592574322826
2025-10-24,0.0003107138251798547
2025-10-26,-0.005938077438417083
2025-10-27,-0.010808137839108946
2025-10-28,-6.500037858310395e-05
2025-10-29,-0.0
2025-10-30,0.0
2025-10-31,0.0
2025-11-02,0.0
2025-11-03,-0.0
2025-11-04,-0.0
2025-11-05,0.0
2025-11-06,0.0
2025-11-07,0.0
2025-11-09,0.0
2025-11-10,0.0
2025-11-11,-0.0
2025-11-12,0.0
2025-11-13,-0.0
2025-11-14,-0.0
2025-11-16,-0.0
2025-11-17,-0.0
2025-11-18,0.0
2025-11-19,0.0
2025-11-20,-0.0
2025-11-21,0.0
2025-11-23,-0.0
2025-11-24,0.0
2025-11-25,0.0
2025-11-26,-0.0
2025-11-27,0.0
2025-11-28,0.0
2025-11-30,0.0
2025-12-01,-0.0
2025-12-02,0.0
2025-12-03,-0.0
2025-12-04,0.0
2025-12-05,0.0
2025-12-07,-0.0
2025-12-08,-0.0
2025-12-09,0.0
2025-12-10,0.0
2025-12-11,0.0
2025-12-12,0.0
2025-12-14,0.0
2025-12-15,-0.0
2025-12-16,0.0
2025-12-17,0.0
2025-12-18,-0.0
2025-12-19,0.0
2025-12-21,0.0
2025-12-22,0.0
2025-12-23,0.0
2025-12-24,-0.0
2025-12-25,0.0
2025-12-26,0.0
2025-12-28,-0.0
2025-12-29,-0.0
2025-12-30,-0.0
2025-12-31,-0.0
2026-01-01,0.0
2026-01-02,-0.0
2026-01-04,0.0
2026-01-05,0.0
2026-01-06,-0.0
2026-01-07,-0.0
2026-01-08,0.0
2026-01-09,0.0
2026-01-11,0.0
2026-01-12,0.0
2026-01-13,0.0
2026-01-14,-0.0
2026-01-15,0.0
2026-01-16,-0.0
2026-01-18,0.0
2026-01-19,0.0
2026-01-20,0.0
2026-01-21,-0.0
2026-01-22,0.0
2026-01-23,0.0
2026-01-25,0.0
2026-01-26,-0.0
2026-01-27,0.0
2026-01-28,0.0
2026-01-29,0.028444589807691625
2026-01-30,-0.02430990544939839
2026-02-01,-0.015005348208704038
2026-02-02,0.00912834013253265
2026-02-03,0.018440293367350594
2026-02-04,-0.013118438632371806
2026-02-05,-0.0030517398729415033
2026-02-06,0.009249184850990286
2026-02-08,-2.6452114857849123e-05
2026-02-09,0.0
2026-02-10,0.0
2026-02-11,0.0
2026-02-12,-0.0
2026-02-13,0.0
2026-02-15,-0.0
2026-02-16,-0.0
2026-02-17,-0.0
2026-02-18,0.0
2026-02-19,0.0
2026-02-20,0.0
2026-02-22,0.0
2026-02-23,0.0
2026-02-24,0.0
2026-02-25,0.0
2026-02-26,-0.0
2026-02-27,0.0
2026-03-01,0.0
2026-03-02,0.0
2026-03-03,-0.0
2026-03-04,0.0
2026-03-05,-0.0
2026-03-06,0.0
2026-03-08,-0.0
2026-03-09,0.0
2026-03-10,0.0
2026-03-11,-0.0
2026-03-12,-0.0
2026-03-13,-0.0
2026-03-15,0.0
2026-03-16,0.0
2026-03-17,-0.0
2026-03-18,-0.0
2026-03-19,-0.0
2026-03-20,-0.0
2026-03-22,-0.0
2026-03-23,-0.0
2026-03-24,0.0
2026-03-25,-0.0
2026-03-26,-0.0
2026-03-27,0.0
2026-03-29,-0.0
2026-03-30,0.0
2026-03-31,0.0
2026-04-01,0.0
2026-04-02,-0.0
2026-04-05,-0.0
2026-04-06,0.0
2026-04-07,0.0
2026-04-08,-0.0
2026-04-09,0.0
2026-04-10,-0.0
2026-04-12,-0.0
2026-04-13,0.0
2026-04-14,0.0
2026-04-15,-0.0
2026-04-16,-0.0
2026-04-17,0.0
2026-04-19,-0.0
2026-04-20,0.0
2026-04-21,-0.0
2026-04-22,-0.0
2026-04-23,-0.0
2026-04-24,0.0
2026-04-26,0.0
2026-04-27,-0.0
2026-04-28,-0.0
2026-04-29,-0.0
2026-04-30,0.0
2026-05-01,-0.0
2026-05-03,-0.0
2026-05-04,-0.0
2026-05-05,0.0
2026-05-06,0.0
2026-05-07,0.0
2026-05-08,-0.0
2026-05-10,-0.0
2026-05-11,0.0
2026-05-12,-0.0
2026-05-13,-0.0
2026-05-14,-0.0
2026-05-15,-0.0
2026-05-17,-0.0
2026-05-18,0.0
2026-05-19,-0.0
2026-05-20,0.0
2026-05-21,-0.0
2026-05-22,-0.0
2026-05-24,0.0
2026-05-25,-0.0
2026-05-26,-0.0
2026-05-27,-0.0
2026-05-28,0.0
2026-05-29,0.0
2026-05-31,-0.0
2026-06-01,-0.0
2026-06-02,-0.0
2026-06-03,-0.0
2026-06-04,-0.0
2026-06-05,-0.0
2026-06-07,-0.0
2026-06-08,0.0
2026-06-09,-0.0
2026-06-10,-0.0
2026-06-11,0.01537136134823758
2026-06-12,0.003019749765628054
2026-06-14,0.012666797477153269
2026-06-15,-0.0011737065311957626
2026-06-16,0.0013920200234415231
2026-06-17,-4.819761639761542e-05
2026-06-18,-0.0
2026-06-19,-0.0
2026-06-21,0.0
2026-06-22,-0.0
2026-06-23,-0.0
2026-06-24,-0.0
2026-06-25,0.0
2026-06-26,0.0
