sig_i,entry_i,exit_i,dir,R,conviction,reason,dist,risk_pct
72098,72099,72107,-1,-1.0751196700593533,0.5,stop,2.995220823282807,0.004
72651,72652,72655,-1,2.0,0.5,target,5.257974215095828,0.004
72838,72839,72849,1,-1.0672719786036395,0.75,stop,3.344631816548599,0.004
73841,73842,73861,-1,2.0,0.5,target,3.9040994820979904,0.004
74646,74647,74673,1,-1.0889518794786441,0.5,stop,2.5294575147670457,0.004
74785,74786,74786,1,-1.1028373404575909,0.5,stop,2.187921225877062,0.004
74805,74806,74958,1,-1.0260261831285047,1.25,stop,8.645140122505381,0.004
75251,75252,75252,1,-1.0472302848724568,0.75,stop,4.763892502607405,0.004
75981,75982,75992,1,2.0,0.5,target,3.2382013884598564,0.004
76181,76182,76254,-1,2.0,0.75,target,9.489736163292264,0.004
76464,76465,76467,1,-1.0616519915703966,0.5,stop,3.6495171407884754,0.004
77575,77576,77663,1,-1.0371118649926747,0.5,stop,6.062751091714745,0.004
77774,77775,77853,-1,2.0,0.75,target,5.69673564495065,0.004
78868,78869,78883,-1,-1.081894197072392,0.5,stop,2.747447414387807,0.004
79620,79621,79630,-1,2.0,0.5,target,6.725586296797019,0.004
80457,80458,80460,1,-1.0677600798868268,0.5,stop,3.320539178461786,0.004
81024,81025,81085,-1,2.0,0.75,target,7.21220731820722,0.004
81270,81271,81274,-1,2.0,0.5,target,6.075951687531415,0.004
81579,81580,81582,1,2.0,0.5,target,10.755107796424909,0.004
82003,82004,82017,-1,-1.05660018556033,0.5,stop,3.9752519849971577,0.004
82025,82026,82088,1,2.0,0.5,target,7.085983057399062,0.004
82281,82282,82282,-1,-1.0531499526853327,0.75,stop,4.233305744070776,0.004
82540,82541,82545,-1,2.0,0.5,target,2.2334047760568865,0.004
82567,82568,82568,-1,-1.0626406889765847,0.5,stop,3.591914515563758,0.004
82586,82587,82592,-1,-1.0321095452387021,0.75,stop,7.007262118702101,0.004
83241,83242,83300,1,-1.054068623792356,1.0,stop,4.161378341420232,0.004
83768,83769,83779,-1,-1.0306634549718499,0.5,stop,7.337724995649296,0.004
84816,84817,84825,1,-1.0361368997442686,0.5,stop,6.226322722540544,0.004
85123,85124,85136,-1,2.0,0.5,target,1.8084534052584331,0.004
85140,85141,85158,-1,-1.0384253072910485,0.75,stop,5.855515957118314,0.004
85626,85627,85632,1,-1.0526212892525708,0.5,stop,4.275835943888751,0.004
86118,86119,86162,-1,-1.0398465906653807,0.5,stop,5.646656244429778,0.004
86230,86231,86361,-1,2.0,0.75,target,12.900638886168963,0.004
86299,86300,86305,1,-1.0242872291559966,0.5,stop,9.264128013728396,0.004
87181,87182,87230,1,-1.0299134573839597,0.5,stop,7.521698248112216,0.004
89727,89728,89824,-1,2.0,0.75,target,6.520009226216416,0.004
90184,90185,90189,1,-1.0456902274355493,0.5,stop,4.924466622918317,0.004
91565,91566,91690,1,-1.047961843589448,0.5,stop,4.691229176382421,0.004
91697,91698,91705,-1,-1.0510467704684745,0.5,stop,4.407722524559404,0.004
92646,92647,92649,1,-1.0571139277794495,1.25,stop,3.9394944236503306,0.004
93204,93205,93219,1,-1.050796292387403,0.5,stop,4.429457139980286,0.004
93296,93297,93301,1,2.0,0.75,target,5.175699189438319,0.004
93482,93483,93492,-1,2.0,0.75,target,4.888045800641976,0.004
94466,94467,94480,-1,2.0,0.5,target,3.456521715818326,0.004
95037,95038,95055,1,-1.0479028564637467,0.75,stop,4.697005911749557,0.002
95408,95409,95519,-1,2.0,0.75,target,8.86649868213658,0.002
95775,95776,95893,-1,-1.059898809572173,1.0,stop,3.7563350859052207,0.002
95824,95825,95829,-1,-1.1608366997314514,0.5,stop,1.3989344495105343,0.002
95850,95851,95858,1,-1.1069585964392306,0.75,stop,2.103617731443819,0.002
95977,95978,95996,1,2.0,0.5,target,2.6468305872717792,0.002
96522,96523,96542,1,-1.0631676268327581,0.5,stop,3.561951133538969,0.002
96658,96659,96781,-1,-1.0365193953640592,0.5,stop,6.161109672186512,0.002
97196,97197,97198,-1,-1.0788373446873873,1.25,stop,2.853977399823634,0.002
97286,97287,97288,-1,-1.0537572350971214,0.5,stop,4.1854831185683,0.002
97386,97387,97409,1,-1.088046111224568,0.5,stop,2.5554791332695004,0.002
97923,97924,97924,-1,-1.061426143814408,0.5,stop,3.6629354543192676,0.002
97999,98000,98006,-1,-1.1007261507600181,0.5,stop,2.233779393952773,0.002
98281,98282,98283,-1,-1.150241954579088,0.75,stop,1.4975843507245372,0.002
98541,98542,98553,-1,-1.0994018222667978,0.75,stop,2.263539992214646,0.002
99023,99024,99029,-1,-1.070295879670281,0.5,stop,3.2007565885121494,0.002
99309,99310,99425,-1,2.0,1.0,target,6.456257128747666,0.002
99396,99397,99423,-1,2.0,0.5,target,2.995059568191209,0.002
99773,99774,99776,1,2.0,0.5,target,3.1475443556244045,0.002
100018,100019,100058,-1,2.0,0.5,target,2.9312164667405796,0.002
100056,100057,100058,1,-1.1018936859491237,0.5,stop,2.2081839311638305,0.002
100659,100660,100660,-1,-1.1532491262532858,0.5,stop,1.468197604128818,0.002
101421,101422,101432,-1,-1.0996737406546857,1.0,stop,2.2573648638251598,0.002
101639,101640,101676,-1,2.0,0.5,target,2.6223154393030654,0.002
101681,101682,101722,-1,-1.0835078464172545,1.0,stop,2.694357592167762,0.002
101987,101988,102020,-1,2.0,0.5,target,3.9968812017170876,0.002
102003,102004,102009,1,-1.06932701744666,1.0,stop,3.245487953856127,0.002
102294,102295,102373,-1,-1.0376137889826196,0.75,stop,5.981848840165412,0.002
102677,102678,102678,-1,-1.041390348639694,1.0,stop,5.436049885893681,0.002
102829,102830,102832,-1,-1.0783501879902406,0.5,stop,2.8717225289610724,0.002
102842,102843,102875,1,2.0,1.0,target,3.9099579314713537,0.002
103118,103119,103119,-1,-1.0650240943785614,0.75,stop,3.460255804409826,0.002
103218,103219,103229,1,-1.0672341310442646,0.5,stop,3.3465145827760807,0.002
103256,103257,103260,-1,2.0,0.5,target,4.508970827118901,0.002
103588,103589,103589,-1,-1.0685481443512754,0.75,stop,3.282364564777936,0.002
104324,104325,104325,1,-1.122447044307873,0.75,stop,1.8375290418132408,0.002
104418,104419,104419,1,-1.1067430859597664,0.75,stop,2.1078648605373473,0.002
104607,104608,104618,1,-1.0568012966719735,0.5,stop,3.9611771769803,0.002
104664,104665,104687,-1,-1.0655930331155785,0.75,stop,3.4302423491142235,0.002
104983,104984,105176,-1,0.4270803765110224,0.75,time,7.399075616200207,0.002
104990,104991,105071,1,-1.0514659943665718,0.75,stop,4.371818766335764,0.002
105323,105324,105326,1,-1.1303710896968473,0.5,stop,1.7258427502838458,0.002
105349,105350,105371,-1,2.0,0.5,target,3.8196783892917665,0.002
106134,106135,106144,-1,2.0,0.75,target,0.7273140330885326,0.002
106374,106375,106549,-1,-1.0385261792747902,0.75,stop,5.840184628615361,0.002
106504,106505,106508,-1,-1.2008206008977793,0.75,stop,1.1204029815369267,0.002
107115,107116,107129,-1,-1.0791129090213196,1.0,stop,2.844036488903157,0.002
107664,107665,107719,-1,-1.0548064040302823,0.5,stop,4.10535965606482,0.002
107736,107737,107741,1,-1.1133758704506862,0.5,stop,1.984549261721213,0.002
107856,107857,107858,-1,-1.1212225758051766,0.75,stop,1.8560899115154825,0.002
108393,108394,108394,1,-1.141697104838356,0.5,stop,1.5878941228656913,0.002
108640,108641,108647,1,-1.1490781767271676,0.5,stop,1.5092752335688147,0.002
108652,108653,108668,1,-1.1338533611258002,0.5,stop,1.6809439681417189,0.002
108717,108718,108721,1,-1.115027039187234,0.5,stop,1.9560618232872002,0.002
108927,108928,108943,-1,-1.1009089088191388,0.5,stop,2.229733753272285,0.002
109035,109036,109046,-1,-1.0522177489928144,1.0,stop,4.308879726524992,0.002
109224,109225,109280,1,-1.050521504315285,0.5,stop,4.453549098533813,0.002
109407,109408,109451,-1,2.0,0.75,target,3.6617486729148823,0.002
109933,109934,109942,-1,-1.1199297046371737,0.5,stop,1.8760990088369454,0.002
110131,110132,110133,1,-1.131881389708087,0.75,stop,1.7060784732245793,0.002
110313,110314,110323,1,2.0,0.5,target,1.6788143861588196,0.002
110414,110415,110444,1,2.0,0.5,target,3.9189958860545175,0.002
110713,110714,110784,1,-1.0544538871438134,0.75,stop,4.131936429178722,0.002
110763,110764,110766,1,-1.118386342515714,0.5,stop,1.900557067805721,0.002
110771,110772,110786,-1,-1.0913058165653664,0.75,stop,2.4642460739489707,0.002
110880,110881,110968,1,-1.0573396177230554,0.5,stop,3.92398849058668,0.002
111452,111453,111486,-1,2.0,0.5,target,1.7711710007552028,0.002
111701,111702,111760,1,2.0,0.75,target,2.3879318798644817,0.002
112122,112123,112132,-1,-1.0570619117755722,0.75,stop,3.9430855538953438,0.002
112986,112987,113083,1,-1.0466934232702638,0.75,stop,4.818665761505599,0.002
113039,113040,113075,1,-1.0759512178157407,0.5,stop,2.96242781183264,0.002
113051,113052,113083,-1,-1.116554353720673,0.75,stop,1.9304298193710565,0.002
113160,113161,113161,-1,-1.087489353762084,0.5,stop,2.571741478531976,0.002
113206,113207,113209,-1,-1.0566038477316162,0.5,stop,3.974994793052474,0.002
113218,113219,113292,-1,2.0,1.0,target,5.377863364851237,0.002
113667,113668,113703,1,-1.056165384708502,0.5,stop,4.006026152365166,0.002
113807,113808,113831,1,-1.114548921652838,0.75,stop,1.9642262603031213,0.002
113895,113896,113898,-1,-1.0402525124703703,0.5,stop,5.589713192823183,0.002
114056,114057,114057,1,-1.0774710944684431,0.5,stop,2.9043090399550238,0.002
114611,114612,114613,1,-1.1726750441437361,0.5,stop,1.303025582623377,0.002
114637,114638,114667,1,2.0,0.5,target,3.381127851876954,0.002
114818,114819,114821,1,-1.0940156382112831,0.5,stop,2.3932188759306428,0.002
115043,115044,115086,1,-1.1240117381458754,0.5,stop,1.8143443787171236,0.002
115443,115444,115447,-1,2.0,0.5,target,1.9951986008898075,0.002
115745,115746,115834,1,-1.0436170356401298,0.75,stop,5.158534886605139,0.002
116096,116097,116101,-1,-1.0771056732581596,0.75,stop,2.918073216825178,0.002
116110,116111,116194,-1,-1.0639856814169404,0.75,stop,3.51641171926849,0.002
116147,116148,116194,-1,-1.0574042806324913,0.75,stop,3.9195683234911485,0.002
116213,116214,116259,-1,2.0,1.25,target,4.055875899524381,0.002
116792,116793,116799,1,-1.089263262403281,0.5,stop,2.5206338413152025,0.002
116797,116798,116799,1,-1.1056542795119593,0.5,stop,2.129587187941979,0.002
116864,116865,116869,1,-1.062458415726508,0.5,stop,3.6023968488912033,0.002
117010,117011,117022,1,2.0,0.5,target,3.1540598400486033,0.002
117212,117213,117225,1,-1.0747963657174469,0.5,stop,3.008167547202447,0.002
117231,117232,117239,-1,2.0,1.0,target,3.9056247510679896,0.002
117669,117670,117732,-1,2.0,0.5,target,3.320395552238324,0.002
117722,117723,117727,1,-1.0906650633649462,0.75,stop,2.481661531457121,0.002
117991,117992,117995,1,-1.0832188815418615,0.5,stop,2.7037133380208616,0.002
118201,118202,118288,1,-1.0299157232515563,0.75,stop,7.521128541935013,0.002
118296,118297,118393,-1,0.10828677065044764,0.5,time,12.189854698513045,0.002
118572,118573,118631,1,-1.0540927436363805,0.5,stop,4.1595227913080635,0.002
118945,118946,118948,1,-1.0254416634953802,0.5,stop,8.843761338198874,0.002
120758,120759,120761,1,2.0,0.75,target,6.588066137726173,0.002
120937,120938,120963,1,-1.1255654278276803,0.75,stop,1.791894503865251,0.002
121214,121215,121217,-1,-1.0422553008157447,0.5,stop,5.324775724139954,0.002
121585,121586,121586,1,-1.0757476483556132,0.5,stop,2.970389244872649,0.002
122057,122058,122082,-1,-1.0217536403233367,0.75,stop,10.343096449863424,0.002
122501,122502,122506,-1,2.0,0.5,target,1.842432872996369,0.002
123024,123025,123028,1,2.0,0.75,target,2.3171829691798393,0.002
123034,123035,123046,1,-1.060122123114949,0.5,stop,3.7423828092319127,0.002
123043,123044,123046,1,-1.0608437909672994,0.5,stop,3.697994428401671,0.002
123142,123143,123157,1,-1.038234608690144,0.75,stop,5.88472087744708,0.002
123227,123228,123233,-1,-1.0602925781614174,0.75,stop,3.7318026009359073,0.002
123510,123511,123607,1,1.3632955414666983,0.5,time,5.347336493272223,0.002
123743,123744,123840,-1,0.24401302061199684,0.5,time,6.59800856512561,0.002
124306,124307,124323,-1,2.0,0.5,target,2.2498231757099347,0.002
124713,124714,124810,1,-0.0869026868222734,1.0,time,10.356411670452417,0.002
126097,126098,126143,-1,2.0,0.5,target,5.042462398058433,0.002
126740,126741,126828,1,-1.036619772620261,0.5,stop,6.144221656783884,0.002
126927,126928,126940,1,2.0,0.5,target,2.8444224578568083,0.002
127109,127110,127118,-1,-1.0709424430712378,0.5,stop,3.171585164807084,0.002
127272,127273,127286,-1,-1.1678714253829432,0.75,stop,1.3403114883110447,0.002
127937,127938,127984,1,-1.0322860697878986,0.75,stop,6.968949812660185,0.002
128203,128204,128211,-1,-1.071215069834201,0.5,stop,3.1594436475838847,0.002
128470,128471,128495,1,2.0,0.75,target,3.880058893148089,0.002
128751,128752,128765,-1,2.0,1.25,target,3.8666265463386935,0.002
128955,128956,129022,-1,-1.0382513779649645,0.5,stop,5.882141035703171,0.002
129405,129406,129492,-1,-1.0367633665436995,1.25,stop,6.120222959789544,0.002
129595,129596,129692,1,-0.06761700395920672,1.25,time,9.16929120926352,0.002
129764,129765,129784,-1,2.0,0.5,target,3.4312948822305316,0.002
130293,130294,130298,1,-1.1759313318558098,0.5,stop,1.2789080695661141,0.002
130324,130325,130416,-1,2.0,0.5,target,2.926556142084337,0.002
130504,130505,130519,-1,-1.049391942777098,0.75,stop,4.555398863642949,0.002
130579,130580,130580,1,-1.0991407124165424,0.5,stop,2.2695015449814946,0.002
131932,131933,131955,-1,2.0,0.75,target,2.1287323855472096,0.002
132187,132188,132193,-1,-1.0917251822147693,0.5,stop,2.452979591505027,0.002
133337,133338,133342,-1,-1.0508581722149997,0.5,stop,4.424067759429818,0.002
133349,133350,133435,1,-1.0645170884178483,0.5,stop,3.4874481399824617,0.002
134728,134729,134789,-1,-1.0586772345399766,0.75,stop,3.8345365415375454,0.002
135374,135375,135383,-1,2.0,0.5,target,2.4467130124094183,0.002
135441,135442,135461,1,2.0,0.5,target,5.310776896322523,0.002
135456,135457,135459,-1,-1.0515668912966314,1.0,stop,4.36326476819454,0.002
135554,135555,135560,-1,-1.0556348449195467,0.5,stop,4.044228043149587,0.002
135828,135829,135925,-1,0.9097338795512478,0.5,time,7.078993258091032,0.002
136088,136089,136175,1,-1.0758051852691186,0.75,stop,2.968134688954706,0.002
136385,136386,136482,-1,-0.5548744183370946,0.5,time,3.334087748258753,0.002
136439,136440,136442,1,-1.16056791357586,0.75,stop,1.401276226296659,0.002
136545,136546,136636,1,2.0,1.25,target,3.9881100361310473,0.002
137845,137846,137923,1,2.0,0.75,target,3.9729453339868996,0.002
138935,138936,138938,1,-1.0867097666835965,0.5,stop,2.5948634001165374,0.002
139289,139290,139303,1,2.0,0.5,target,1.6514474291520855,0.002
140236,140237,140333,-1,1.4936692584233962,0.75,time,3.5148343385881162,0.002
140297,140298,140308,1,-1.0793199448577588,1.0,stop,2.836613167134601,0.002
142034,142035,142035,-1,2.0,0.5,target,2.0185051657770146,0.002
142044,142045,142132,1,2.0,0.75,target,5.738835182862658,0.002
142406,142407,142422,-1,2.0,0.5,target,4.404013614107271,0.002
142679,142680,142682,-1,2.0,0.5,target,2.764836321661278,0.002
143043,143044,143052,-1,2.0,0.5,target,2.0235011518038846,0.002
143497,143498,143532,-1,-1.0781752284995454,0.5,stop,2.8781495662813086,0.002
144039,144040,144074,-1,2.0,0.75,target,4.4263517448112,0.002
144296,144297,144297,1,-1.110615077435344,0.5,stop,2.034080752973523,0.002
144428,144429,144621,1,-0.2328065684486716,0.5,time,8.805593474704438,0.002
144556,144557,144567,1,2.0,0.75,target,2.6737962670877096,0.002
144572,144573,144576,1,-1.051651605894833,0.75,stop,4.356108510121203,0.002
145581,145582,145587,-1,-1.0722240902892264,0.75,stop,3.115304036352427,0.002
145601,145602,145607,1,2.0,0.5,target,2.9715231988993764,0.002
147128,147129,147130,1,-1.0628385296255578,0.5,stop,3.58060574206047,0.002
147971,147972,147977,-1,2.0,0.5,target,4.165806862676618,0.002
148347,148348,148348,-1,2.0,0.5,target,2.615155652918247,0.002
148464,148465,148486,1,2.0,0.5,target,2.353126436365301,0.002
149066,149067,149080,-1,-1.1082070298147277,0.5,stop,2.079347343561267,0.002
149163,149164,149169,1,-1.0571724502155795,0.5,stop,3.9354619078158066,0.002
149359,149360,149360,-1,2.0,0.5,target,2.614529624199349,0.002
149812,149813,149825,-1,-1.0424795823107136,0.5,stop,5.296662249505289,0.002
150010,150011,150011,1,-1.1813658318112699,0.5,stop,1.240586486180291,0.002
150189,150190,150382,-1,0.23455091091376928,0.5,time,7.4184320718325125,0.002
150352,150353,150353,-1,-1.0679501964584435,0.75,stop,3.3112487045937087,0.002
150655,150656,150742,1,-1.0339752993762505,0.75,stop,6.6224582014187945,0.002
151296,151297,151301,1,-1.0387240792826165,0.5,stop,5.810338274483229,0.002
151381,151382,151393,1,-1.0430355372447333,0.75,stop,5.228237275635365,0.002
152039,152040,152063,1,-1.029116606764698,1.25,stop,7.7275488115155895,0.002
152140,152141,152172,-1,-1.059360092553867,0.5,stop,3.790425356829246,0.002
153393,153394,153396,1,-1.0675304657642868,0.5,stop,3.3318295298786325,0.002
153673,153674,153689,-1,-1.0539830379432626,0.5,stop,4.167975878578545,0.002
155504,155505,155510,1,2.0,0.75,target,4.265328382658026,0.002
155871,155872,155961,-1,2.0,0.5,target,6.824253882156427,0.002
156250,156251,156266,-1,-1.040584099131177,0.5,stop,5.5440432291636625,0.002
156269,156270,156462,1,0.12209005535402809,0.5,time,8.108768540807887,0.002
156393,156394,156401,-1,-1.1174500319126437,0.5,stop,1.915708291737701,0.002
157705,157706,157801,-1,-1.067419926759772,0.75,stop,3.337292263778636,0.002
157961,157962,157984,-1,-1.0560279909818087,0.5,stop,4.015849864632173,0.002
158088,158089,158091,1,-1.0246789763213522,0.75,stop,9.117071837588355,0.002
158152,158153,158175,-1,-1.0946537070724793,1.0,stop,2.377085979607955,0.002
158797,158798,158810,1,-1.1170288592497566,1.0,stop,1.9226026934068159,0.002
158912,158913,158988,-1,-1.0521648296232344,0.5,stop,4.3132509321892485,0.002
159130,159131,159151,1,-1.0926832707819423,0.5,stop,2.427622569873165,0.002
159978,159979,159984,-1,2.0,0.75,target,1.3760427830518438,0.002
159990,159991,159992,-1,2.0,0.75,target,2.345657566227146,0.002
161290,161291,161444,-1,2.0,1.0,target,7.112717231332454,0.002
161907,161908,161915,1,-1.0927592687240297,0.5,stop,2.4256336115511203,0.002
162279,162280,162295,-1,-1.0695034020905505,0.75,stop,3.2372516054217613,0.002
162758,162759,162760,1,-1.0585151884295476,1.0,stop,3.845155523523772,0.002
163471,163472,163472,1,-1.2260334827841477,0.75,stop,0.9954277447238837,0.002
163769,163770,163770,-1,-1.0610377204289174,0.5,stop,3.686245135283798,0.002
165152,165153,165191,1,-1.0570759766504432,0.75,stop,3.9421138840584717,0.002
165166,165167,165185,1,-1.1137178070783302,0.75,stop,1.9785819457890739,0.002
165391,165392,165397,-1,-1.0422402907448425,0.75,stop,5.326667881124422,0.002
165500,165501,165669,-1,-1.0522957113160978,0.5,stop,4.302456058775306,0.002
167236,167237,167242,-1,-1.0384578001735194,0.75,stop,5.850568648875424,0.002
167507,167508,167508,1,-1.0882886490544312,0.5,stop,2.5484589741677155,0.002
167795,167796,167801,-1,-1.0498369369322997,1.25,stop,4.514723693905125,0.002
170016,170017,170068,1,-1.0561607634476906,1.0,stop,4.006355793390867,0.002
170070,170071,170074,-1,-1.0362422639193842,0.5,stop,6.208221442799186,0.002
171234,171235,171236,1,-1.1000113182984548,0.75,stop,2.2497453671039693,0.002
171801,171802,171824,1,-1.0918281970617039,1.0,stop,2.4502277862291066,0.002
172075,172076,172263,1,2.0,0.5,target,3.35146228278154,0.002
172566,172567,172570,1,-1.0453411909135493,0.5,stop,4.962375170711994,0.002
172734,172735,172743,1,-1.0550210048211415,1.25,stop,4.0893473452788385,0.002
173258,173259,173259,1,-1.192043828532716,0.75,stop,1.1716075529163845,0.002
173300,173301,173313,-1,-1.0915345982570577,0.5,stop,2.458086934167113,0.002
174210,174211,174279,-1,-1.071419941874059,0.5,stop,3.1503806093355706,0.002
174655,174656,174780,-1,-1.0646232905824558,0.75,stop,3.481716854279057,0.002
174847,174848,174850,1,-1.107763362053253,0.75,stop,2.087908132345774,0.002
175299,175300,175303,1,-1.121572467324908,0.5,stop,1.8507479937754852,0.002
175575,175576,175646,1,2.0,0.5,target,3.78760325609187,0.002
176198,176199,176217,-1,-1.0911925678958014,0.5,stop,2.467306329798703,0.002
176946,176947,176965,-1,-1.0573255485300794,0.5,stop,3.9249515402691486,0.002
177299,177300,177301,1,-1.311630055291217,0.5,stop,0.7220099479482087,0.002
177371,177372,177394,-1,2.0,0.75,target,2.91614486947924,0.002
177587,177588,177658,-1,2.0,0.75,target,2.7216017702094177,0.002
177790,177791,177793,1,-1.040374963622389,0.5,stop,5.572760438975138,0.002
179161,179162,179170,-1,-1.074083667075722,0.75,stop,3.037106677912334,0.002
179268,179269,179319,-1,-1.0667304757403049,0.5,stop,3.371772754558833,0.002
179514,179515,179515,-1,-1.0900358910275216,0.5,stop,2.4990034244358412,0.002
179603,179604,179787,1,2.0,0.5,target,6.497064318809407,0.002
180706,180707,180899,1,1.5514591788131722,0.5,time,5.626960811613799,0.002
180834,180835,180879,1,-1.1072412684589894,0.75,stop,2.098072908247559,0.002
182099,182100,182104,1,-1.0476961256807849,0.5,stop,4.717364288784438,0.002
182453,182454,182552,-1,-1.0752407840739906,0.5,stop,2.990399459137052,0.002
183825,183826,183827,-1,-1.058396375985067,0.5,stop,3.852978822820205,0.002
183897,183898,183907,1,-1.1104475023354752,0.5,stop,2.0371669367089,0.002
184125,184126,184131,-1,-1.0770941615195988,0.5,stop,2.9185089449699717,0.002
184470,184471,184483,1,2.0,0.5,target,3.195228498015922,0.002
186370,186371,186396,1,-1.0854834391964132,0.5,stop,2.632088766140214,0.002
186439,186440,186440,-1,2.0,0.5,target,2.0701003279107226,0.002
187401,187402,187419,1,2.0,0.5,target,2.0915073422336263,0.002
187711,187712,187719,-1,-1.169547121725624,0.75,stop,1.3270646986507018,0.002
187871,187872,187894,1,2.0,1.0,target,2.557400765565717,0.002
188265,188266,188266,-1,-1.1233674687229642,0.5,stop,1.8238195395349521,0.002
188704,188705,188786,1,-1.0479486061711791,0.75,stop,4.692524308144584,0.002
188992,188993,189043,1,-1.0270961810942558,0.5,stop,8.303753182680339,0.002
189648,189649,189712,-1,-1.1043652483856354,0.5,stop,2.155890044629814,0.002
190634,190635,190649,1,2.0,0.5,target,2.6896126748288225,0.002
190911,190912,190936,1,-1.0663585573241066,0.5,stop,3.3906704586866,0.002
190939,190940,191014,-1,-1.0419751290545174,0.5,stop,5.360317051263337,0.002
191179,191180,191263,-1,2.0,0.5,target,2.1248587338777725,0.002
191210,191211,191263,-1,2.0,0.5,target,1.8555310140243364,0.002
191237,191238,191263,-1,2.0,0.5,target,2.2462735475116915,0.002
192773,192774,192775,-1,-1.1006081223750273,1.0,stop,2.2363999514989246,0.002
192845,192846,192861,-1,-1.0929672506301937,0.5,stop,2.4202070995399936,0.002
193034,193035,193052,-1,-1.0699557070492995,0.5,stop,3.2163208620183923,0.002
194032,194033,194040,-1,2.0,0.5,target,4.96137728324652,0.002
194605,194606,194657,-1,2.0,0.5,target,3.6671430712060555,0.002
195343,195344,195363,-1,-1.0559775046827362,0.75,stop,4.019471773083524,0.002
196713,196714,196716,1,-1.08665963583315,0.5,stop,2.5963644762264266,0.002
196814,196815,196828,1,-1.0643818571143941,0.5,stop,3.494773373811313,0.002
196990,196991,196993,-1,-1.0287600684728895,0.75,stop,7.823347159691366,0.002
197618,197619,197619,1,-1.096013468653299,0.5,stop,2.34342122158273,0.002
197654,197655,197724,-1,-1.0568546372128558,0.5,stop,3.9574608339780752,0.002
197709,197710,197723,1,2.0,0.5,target,1.7603621631076294,0.002
198079,198080,198105,-1,-1.0834612259858172,0.5,stop,2.6958626277325948,0.002
198278,198279,198291,-1,2.0,0.5,target,2.112078059657051,0.002
198846,198847,198882,-1,-1.050059591363131,0.5,stop,4.49464316174226,0.002
198977,198978,198981,1,-1.116395126632564,0.75,stop,1.933070623396361,0.002
199401,199402,199414,1,-1.100298725312873,1.0,stop,2.2432986989419987,0.002
199860,199861,199876,-1,-1.0725208145089133,0.5,stop,3.102557541907572,0.002
199956,199957,200140,1,2.0,0.5,target,4.481356864269401,0.002
200052,200053,200135,-1,-1.0447293740453425,1.25,stop,5.030251480197876,0.002
200396,200397,200399,1,-1.0669216559090013,0.75,stop,3.362140355669908,0.002
201438,201439,201439,-1,-1.0747304275805403,0.75,stop,3.010821793538071,0.002
201765,201766,201779,-1,2.0,1.25,target,2.669099811690103,0.002
202146,202147,202208,1,-1.078797886460442,1.25,stop,2.855406535717975,0.002
202856,202857,202861,1,-1.0955358206169272,1.0,stop,2.3551375656477376,0.002
203989,203990,203991,1,-1.1190162708339524,0.75,stop,1.8904978153266256,0.002
204470,204471,204526,-1,2.0,0.75,target,1.8686191487952328,0.002
204596,204597,204647,-1,2.0,1.25,target,2.471053318167833,0.002
204638,204639,204643,1,-1.083573567643781,0.5,stop,2.6922387824693033,0.002
205090,205091,205101,1,-1.0802058298523733,0.5,stop,2.805282364312461,0.002
205105,205106,205169,-1,-1.05404415193632,1.0,stop,4.163262664663989,0.002
205171,205172,205173,1,-1.1023366159682066,0.5,stop,2.198626541157182,0.002
205732,205733,205733,-1,-1.0789702686394627,0.75,stop,2.8491735418444932,0.002
205738,205739,205782,1,2.0,0.75,target,3.767746951052686,0.002
206404,206405,206405,1,-1.0824148580499875,0.5,stop,2.7300902449342175,0.002
206591,206592,206654,-1,-1.0338289658083424,0.75,stop,6.651104892613148,0.002
206678,206679,206701,1,-1.0650081731159615,0.5,stop,3.4611032615630393,0.002
207379,207380,207382,1,2.0,0.75,target,1.0318470739950953,0.002
207753,207754,207765,-1,-1.083015063083296,0.75,stop,2.7103514909595106,0.002
207965,207966,208049,1,-1.0623939549830999,0.75,stop,3.606118574481343,0.002
208195,208196,208209,-1,-1.2018106129055413,0.75,stop,1.1149066779021268,0.002
208349,208350,208420,-1,2.0,0.5,target,4.349566000283403,0.002
208606,208607,208697,1,2.0,0.75,target,3.4950077648074966,0.002
208646,208647,208665,1,2.0,0.75,target,1.6031971145675925,0.002
208898,208899,208981,1,2.0,0.5,target,2.8087172085918155,0.002
209172,209173,209277,-1,-1.0710182684167617,0.5,stop,3.1681989017181422,0.002
209256,209257,209275,-1,-1.0770868993794669,0.5,stop,2.918783889494989,0.002
209810,209811,209817,-1,-1.0895246470389153,1.0,stop,2.513274360100013,0.002
210178,210179,210210,-1,-1.0521080502458222,0.5,stop,4.317950852861713,0.002
210920,210921,210991,-1,-1.082453943824879,0.5,stop,2.7287960958881285,0.002
211106,211107,211155,1,-1.0668787481513045,0.5,stop,3.364297422117943,0.002
213014,213015,213017,-1,-1.07376500789482,0.5,stop,3.0502267460030907,0.002
213478,213479,213568,-1,2.0,0.75,target,3.6275787502472667,0.002
213864,213865,213866,1,-1.0452338137410457,0.5,stop,4.974154982553273,0.002
214217,214218,214356,1,2.0,0.5,target,5.6063872029506,0.002
214521,214522,214525,-1,-1.1027457335969146,0.5,stop,2.1898719501348296,0.002
214570,214571,214684,1,2.0,0.5,target,4.862822448503493,0.002
214981,214982,214984,1,-1.3952595478344991,0.5,stop,0.5692462110848737,0.002
215213,215214,215214,1,-1.0888091488475042,0.5,stop,2.5335227611094524,0.002
215218,215219,215284,-1,-1.0708542589787162,0.5,stop,3.1755324696500793,0.002
215303,215304,215409,1,-1.078514393891233,0.5,stop,2.8657165756333143,0.002
215388,215389,215396,-1,-1.0947026524302739,0.5,stop,2.3758574255939493,0.002
215466,215467,215479,-1,2.0,0.75,target,1.4147566224726233,0.002
216758,216759,216759,-1,-1.4241734296308368,1.0,stop,0.5304434089512142,0.002
217225,217226,217317,1,2.0,0.5,target,3.639429686089443,0.002
217411,217412,217498,1,2.0,1.25,target,5.863777391815802,0.002
218008,218009,218030,-1,2.0,0.75,target,1.8888536925824155,0.002
218031,218032,218033,-1,-1.2012215818752785,0.5,stop,1.1181703170357196,0.002
218195,218196,218225,-1,2.0,0.5,target,2.487288742355304,0.002
218771,218772,218826,-1,-1.0530299488953843,0.75,stop,4.242885476729043,0.002
219602,219603,219606,1,-1.1062032807272,1.25,stop,2.11857862072884,0.002
219968,219969,220044,-1,-1.0671932993948425,0.5,stop,3.3485481740933665,0.002
220315,220316,220326,-1,-1.0744375602485439,1.0,stop,3.022667578688015,0.002
220332,220333,220350,1,-1.0444567833865506,1.0,stop,5.061094907464167,0.002
220621,220622,220629,-1,-1.0579022031244325,0.5,stop,3.8858625036491503,0.002
221674,221675,221679,1,-1.1871519020546297,0.75,stop,1.2022319705531572,0.002
222171,222172,222280,-1,-1.0510870350014958,1.0,stop,4.404248553342768,0.002
222628,222629,222635,-1,-1.0766267791126207,0.75,stop,2.936310290025631,0.002
222811,222812,222815,-1,-1.0671859937192276,0.5,stop,3.3489122887754093,0.002
222826,222827,222995,1,2.0,0.5,target,3.637490494261783,0.002
223085,223086,223093,1,-1.0705819053518388,0.5,stop,3.1877858620891857,0.002
223641,223642,223729,1,2.0,0.75,target,2.9516851072569352,0.002
223708,223709,223729,1,2.0,0.75,target,2.258215004130534,0.002
224390,224391,224404,1,-1.0723667093827625,0.5,stop,3.109164447561625,0.002
224717,224718,224729,1,-1.0613679614139682,0.75,stop,3.6664082497727577,0.002
224882,224883,224916,-1,-1.0967373303759318,0.5,stop,2.325885975202482,0.002
226462,226463,226486,1,-1.0437031603117104,0.75,stop,5.148369097225668,0.002
226491,226492,226512,-1,2.0,0.75,target,4.390272944047638,0.002
227076,227077,227098,-1,-1.0399409477642878,0.75,stop,5.633316498340264,0.002
227338,227339,227340,1,-1.0533379785843138,0.5,stop,4.218382585388781,0.002
228818,228819,228819,-1,-1.0401944266685774,0.5,stop,5.597791003592192,0.002
228821,228822,228880,1,-1.028868871224355,0.5,stop,7.793862054782721,0.002
229046,229047,229078,-1,-1.0441094433231428,0.5,stop,5.100948528222716,0.002
229458,229459,229526,-1,2.0,0.5,target,3.9498204890678608,0.002
229647,229648,229739,1,2.0,1.25,target,6.391623682708087,0.002
229919,229920,229927,1,2.0,0.75,target,5.139951944274799,0.002
230104,230105,230115,1,-1.035085279233142,1.25,stop,6.412945968158965,0.002
231134,231135,231143,-1,-1.0313950833261716,0.5,stop,7.166727275807034,0.002
232279,232280,232295,1,2.0,0.5,target,5.322339039897088,0.002
232487,232488,232680,-1,0.40152414105120066,0.5,time,10.360522754894191,0.002
232798,232799,232848,1,-1.0304425045051302,0.5,stop,7.390981906958132,0.002
233220,233221,233413,1,0.7665476439640623,1.25,time,8.01907102370319,0.004
233289,233290,233292,1,2.0,0.5,target,1.011237709194802,0.004
234136,234137,234160,1,-1.0468714679048152,0.5,stop,4.800361713800612,0.004
234162,234163,234163,-1,-1.049645900985606,1.25,stop,4.53209621606311,0.004
234691,234692,234696,-1,2.0,0.75,target,5.536368565872635,0.004
235243,235244,235307,1,-1.077989270805235,1.0,stop,2.885012228948881,0.004
235490,235491,235492,1,2.0,0.5,target,1.9206624345010823,0.004
235537,235538,235614,1,-1.0460029809056677,0.75,stop,4.890987400605354,0.004
236054,236055,236062,1,-1.132611972452132,0.5,stop,1.6966793860269718,0.004
236126,236127,236143,1,-1.1227127888953508,0.75,stop,1.83354972228517,0.004
236229,236230,236304,1,2.0,1.0,target,4.44157017650582,0.004
236506,236507,236514,-1,-1.0900144211355807,0.75,stop,2.499599477077254,0.004
236788,236789,236878,1,2.0,0.75,target,3.6111818845738526,0.004
236966,236967,236967,1,-1.061816625155078,0.5,stop,3.639797537239474,0.004
237334,237335,237439,-1,-1.0462862043963348,0.75,stop,4.861059638273673,0.004
238469,238470,238512,1,-1.0126361415950655,0.5,stop,17.80606827702627,0.004
238972,238973,238975,1,2.0,0.75,target,3.492756225506355,0.004
239952,239953,239973,1,-1.1028085468005946,0.5,stop,2.1885339984069105,0.004
240165,240166,240217,-1,2.0,0.5,target,3.326065581354669,0.004
240681,240682,240705,-1,-1.0693799354402955,0.5,stop,3.2430125305252204,0.004
241832,241833,241847,1,-1.0306298434385541,1.25,stop,7.345777018131912,0.004
244021,244022,244036,-1,-1.0298436756071623,0.5,stop,7.539285809215471,0.004
244071,244072,244088,1,2.0,0.75,target,7.279903618128856,0.004
244816,244817,244910,-1,-1.0202020449832208,0.5,stop,11.1374863379815,0.004
245452,245453,245475,1,-1.0298086665548027,0.5,stop,7.548140390186518,0.004
245665,245666,245773,-1,-1.0257075302534997,0.5,stop,8.75229933724495,0.004
246607,246608,246664,-1,-1.0350001166623777,1.25,stop,6.428550000856603,0.004
248625,248626,248656,-1,-1.0268639091562897,0.5,stop,8.37554946641967,0.004
248787,248788,248937,-1,2.0,0.5,target,6.943516877224056,0.004
248957,248958,248978,-1,-1.0557276958594877,0.5,stop,4.037489735215786,0.004
249603,249604,249605,-1,-1.0331450748170816,0.5,stop,6.78833887814767,0.004
250681,250682,250705,-1,-1.0282344722761498,1.0,stop,7.968981952248896,0.004
250761,250762,250767,1,-1.0733931610826501,0.5,stop,3.0656807348375423,0.004
251649,251650,251699,1,-1.0269969399767704,0.5,stop,8.334277891994816,0.004
252672,252673,252707,-1,-1.0234542538712461,0.5,stop,9.593142516281432,0.004
253350,253351,253354,1,-1.026980549540815,0.5,stop,8.33934088924093,0.004
253625,253626,253627,1,-1.014860084018172,0.5,stop,15.141233368853136,0.004
253903,253904,253906,1,-1.0245658346663484,0.5,stop,9.159061886389964,0.004
254324,254325,254329,1,-1.034809585111922,1.25,stop,6.463736906845497,0.004
254413,254414,254416,-1,2.0,0.5,target,1.679945406520801,0.004
254548,254549,254552,1,-1.0393492572136702,0.5,stop,5.718024072935805,0.004
254900,254901,254942,1,-1.027882680656143,0.5,stop,8.069525408072195,0.004
255817,255818,255824,1,2.0,0.5,target,6.507121656795334,0.004
255831,255832,255904,1,2.0,0.5,target,8.182827555755921,0.004
256001,256002,256067,1,-1.0192128548387482,1.0,stop,11.710909278621784,0.002
256829,256830,256836,-1,-1.0479502589390417,0.75,stop,4.692362564422183,0.002
257015,257016,257058,1,-1.0250063266892666,0.75,stop,8.99772296810329,0.002
257062,257063,257088,-1,-1.0540931715242994,0.75,stop,4.159489888642156,0.002
257540,257541,257546,1,-1.0496216023289078,0.5,stop,4.53431548841445,0.002
257845,257846,257942,1,1.1319867079604167,0.5,time,11.63176202282807,0.002
258071,258072,258168,-1,-0.5292346379144878,1.25,time,20.873539274625045,0.002
258128,258129,258184,1,2.0,0.5,target,9.07256462380792,0.002
258488,258489,258573,-1,2.0,0.75,target,9.000555823476816,0.002
258557,258558,258573,-1,2.0,0.5,target,6.435662378285542,0.002
258837,258838,258842,1,-1.044963886907262,0.5,stop,5.004015788581,0.002
259040,259041,259044,-1,2.0,0.5,target,1.8131641380659858,0.002
259853,259854,259903,1,2.0,0.5,target,9.043125266701281,0.002
260961,260962,260998,1,2.0,0.5,target,5.108633946592818,0.002
261033,261034,261034,1,-1.0256887583245222,0.5,stop,8.758695035295887,0.002
261476,261477,261483,1,-1.0750895444128996,0.5,stop,2.996422494757553,0.002
261563,261564,261585,1,-1.066958542114353,0.5,stop,3.360288215589435,0.002
262237,262238,262291,-1,-1.0260373275320007,0.5,stop,8.641439860653009,0.002
262346,262347,262443,-1,0.04446036132443987,1.25,time,10.998561087524422,0.002
262859,262860,262862,-1,-1.0181500580207206,1.25,stop,12.39665458606487,0.002
263140,263141,263145,1,-1.03123072931169,1.0,stop,7.20444270623193,0.002
263207,263208,263216,1,-1.055430958360631,0.5,stop,4.0591035524962535,0.002
263424,263425,263503,1,2.0,0.5,target,12.0118267545231,0.002
264335,264336,264344,1,-1.0295820710140684,0.75,stop,7.605958348653303,0.002
264772,264773,264773,-1,-1.0427762404623833,0.75,stop,5.259929287095019,0.002
266711,266712,266780,1,-1.0352561402438851,0.5,stop,6.381867057581076,0.002
266816,266817,266846,-1,2.0,0.75,target,3.200398763462772,0.002
267001,267002,267072,1,-1.0471075532771807,0.5,stop,4.776304102996164,0.002
267041,267042,267053,1,-1.0784213188809657,0.5,stop,2.8691177757598325,0.002
267087,267088,267093,1,-1.030500505920554,1.25,stop,7.3769268151149845,0.002
267862,267863,267871,-1,-1.0564076912186129,0.5,stop,3.988817750542239,0.002
268254,268255,268269,1,-1.0661746567997155,0.5,stop,3.4000931909763494,0.002
269648,269649,269653,-1,-1.1063389816554665,0.5,stop,2.1158750676106592,0.002
270029,270030,270109,-1,-1.0290522655547536,0.75,stop,7.74466278975251,0.002
270548,270549,270551,1,-1.058423240296258,0.5,stop,3.8512071370735157,0.002
270897,270898,270911,-1,-1.0533299578820254,0.5,stop,4.219017020370529,0.002
271125,271126,271222,-1,-0.3084665373007759,0.75,time,9.002597248634629,0.002
271780,271781,271784,1,-1.0566956554664608,0.5,stop,3.968558051736636,0.002
272330,272331,272352,-1,-1.0530980959009841,0.5,stop,4.237440084847549,0.002
272580,272581,272581,-1,-1.0557751453018622,0.75,stop,4.034054932213621,0.002
272614,272615,272617,-1,-1.047508941595293,0.75,stop,4.735950590450557,0.002
272893,272894,272975,-1,-1.0280104719350274,0.75,stop,8.032710070784105,0.002
273028,273029,273038,-1,-1.0552520312517193,0.5,stop,4.072248474899425,0.002
273069,273070,273142,-1,2.0,1.0,target,6.160530064117211,0.002
273849,273850,273890,1,2.0,0.75,target,4.472778398740729,0.002
274237,274238,274239,1,-1.0506251848345565,0.5,stop,4.444428217599807,0.002
274305,274306,274310,1,-1.1054190773066097,0.5,stop,2.134338544298771,0.002
274891,274892,274897,1,-1.0433405455803182,0.5,stop,5.191443646756625,0.002
275916,275917,275993,-1,-1.0305252721376,0.5,stop,7.370941657314916,0.002
276437,276438,276449,1,-1.0722666508005136,0.5,stop,3.113469318247553,0.002
277377,277378,277385,1,-1.048745587625505,0.75,stop,4.615802392793057,0.002
277911,277912,277919,1,-1.039502311542045,0.75,stop,5.695869209082275,0.002
277929,277930,277975,-1,-1.0507949628209006,0.5,stop,4.42957308174914,0.002
278081,278082,278100,-1,-1.0538023433289139,0.75,stop,4.181973982515956,0.002
278279,278280,278280,1,-1.065291397499154,0.5,stop,3.4460895097677167,0.002
279020,279021,279082,-1,2.0,0.75,target,5.337675036442988,0.004
279475,279476,279483,-1,-1.039367750783604,0.5,stop,5.715337948481874,0.004
279757,279758,279843,-1,-1.041350993685206,1.0,stop,5.441223534137407,0.004
280027,280028,280032,1,2.0,0.75,target,4.325503851544909,0.004
280670,280671,280738,-1,-1.0306157654061001,0.5,stop,7.349154823190474,0.004
280949,280950,280953,-1,2.0,0.75,target,5.629094534876913,0.004
281093,281094,281139,1,-1.0402471567640248,0.5,stop,5.590457018345887,0.004
281570,281571,281583,-1,-1.0676282916667308,0.5,stop,3.3270099606936583,0.004
282216,282217,282222,1,2.0,0.75,target,2.4775202925104622,0.004
282237,282238,282338,1,-1.029573277686827,0.75,stop,7.608219906585873,0.004
282328,282329,282329,1,-1.0414968533219149,0.5,stop,5.422097869794015,0.004
282491,282492,282498,1,-1.0849507515687193,0.5,stop,2.648593400823529,0.004
283051,283052,283058,1,-1.0266387168261393,0.5,stop,8.4463527829962,0.004
283225,283226,283226,1,-1.0553542164998058,0.5,stop,4.064731003837778,0.004
283659,283660,283671,1,2.0,0.5,target,2.355379316880999,0.004
283679,283680,283688,-1,-1.0368704502791333,0.5,stop,6.102447849063765,0.004
283864,283865,283932,-1,2.0,0.75,target,5.780476952508934,0.004
284695,284696,284698,-1,-1.0792009562537805,0.75,stop,2.8408747904375105,0.004
284920,284921,284937,1,2.0,0.75,target,2.593913158125133,0.004
285326,285327,285331,1,-1.096298682707262,0.75,stop,2.336480558969697,0.004
285424,285425,285427,-1,-1.0372679391121384,0.5,stop,6.03736094241458,0.004
285539,285540,285543,1,-1.0525049201416088,0.5,stop,4.2853126791369505,0.004
285771,285772,285774,1,2.0,0.75,target,1.5119370448489917,0.004
285792,285793,285829,-1,-1.0297820943616531,1.25,stop,7.554874995279533,0.004
286329,286330,286420,-1,-1.0423216024845954,0.75,stop,5.3164338491626495,0.004
287439,287440,287444,-1,-1.0259139089678515,0.5,stop,8.682595909364409,0.004
287713,287714,287815,1,2.0,0.5,target,5.816746800681585,0.004
287986,287987,288005,1,2.0,1.0,target,6.863132485918641,0.004
288997,288998,289000,1,-1.0196948022847674,1.0,stop,11.424334032230036,0.004
289249,289250,289251,-1,-1.0482969219723473,0.5,stop,4.658681978299455,0.004
289266,289267,289290,-1,-1.0194236103237118,0.75,stop,11.58384029797162,0.004
289308,289309,289359,1,2.0,0.75,target,11.189781902330878,0.004
289808,289809,289949,-1,2.0,0.5,target,16.475516163813154,0.004
290093,290094,290098,-1,2.0,0.5,target,6.761446246594005,0.004
290099,290100,290120,-1,-1.01590095476293,0.75,stop,14.150093711633644,0.004
290348,290349,290372,-1,-1.0518967753485222,0.75,stop,4.335529490780118,0.004
290420,290421,290444,-1,2.0,0.75,target,6.019929603992296,0.004
290642,290643,290651,1,2.0,0.5,target,9.137212710269068,0.004
291007,291008,291105,1,2.0,0.5,target,8.522432938601241,0.004
291192,291193,291379,-1,-1.0181181304164764,0.5,stop,12.418499857761162,0.004
291382,291383,291388,1,-1.0219529311757067,0.75,stop,10.249200810545744,0.004
291460,291461,291649,1,2.0,1.25,target,7.794988625922542,0.004
291466,291467,291557,-1,-1.0256313331703284,1.0,stop,8.778318260104243,0.004
291749,291750,291835,1,2.0,0.75,target,8.877365488376654,0.004
292019,292020,292024,1,-1.0512329461895227,0.5,stop,4.3917052743283875,0.004
292027,292028,292059,-1,-1.024082158846228,0.5,stop,9.34301619039229,0.004
292190,292191,292203,1,-1.0650053604875853,1.0,stop,3.4612530153244734,0.004
293214,293215,293237,1,2.0,0.5,target,4.581144894762247,0.004
293677,293678,293679,-1,-1.0254535091667127,0.5,stop,8.83964558781372,0.004
294022,294023,294039,1,2.0,0.5,target,3.699999520346637,0.004
294135,294136,294147,-1,-1.0316936253071038,0.5,stop,7.099219411465583,0.004
294741,294742,294906,1,-1.0367944308543509,0.75,stop,6.115055859691438,0.004
296522,296523,296530,1,-1.0270235978610531,0.75,stop,8.32605640288125,0.004
296880,296881,296955,1,-1.042323893389698,1.25,stop,5.31614608155769,0.004
297787,297788,297793,-1,-1.0165550487817614,0.5,stop,13.591020054727323,0.004
297969,297970,298024,-1,-1.021376044165979,0.5,stop,10.525801605425613,0.004
298237,298238,298261,1,-1.0470436379052517,1.25,stop,4.782793381180909,0.004
298244,298245,298249,-1,-1.0673144311434992,1.0,stop,3.3425224900179273,0.004
298340,298341,298434,1,2.0,1.25,target,18.502992724529577,0.004
299160,299161,299165,-1,-1.0514783468054607,0.5,stop,4.3707697306247155,0.004
299429,299430,299433,-1,-1.0680319050547293,0.75,stop,3.3072717840093446,0.004
299627,299628,299675,1,-1.0230467367336773,0.75,stop,9.762770434702134,0.004
301012,301013,301040,-1,2.0,0.5,target,5.955755287384363,0.004
302385,302386,302397,1,-1.033212186844728,0.5,stop,6.774621648728498,0.004
302456,302457,302548,1,-1.0193737939376117,0.75,stop,11.613626155231259,0.004
302650,302651,302669,-1,2.0,0.75,target,7.7417895190906165,0.004
303846,303847,303847,1,-1.0284368064937779,0.5,stop,7.912280869131337,0.004
303859,303860,304052,-1,0.6199953078133468,1.25,time,18.561430796286913,0.004
304560,304561,304562,1,-1.0671103873194603,0.5,stop,3.352685165246612,0.004
306497,306498,306515,1,-1.0637365073147875,0.75,stop,3.530158922713781,0.004
306711,306712,306750,1,2.0,1.0,target,5.102601248331894,0.004
306767,306768,306772,1,-1.0400004416223796,0.5,stop,5.624937897536256,0.004
306972,306973,306976,-1,-1.0295120231277066,1.25,stop,7.62401137415327,0.004
307202,307203,307228,1,-1.0413200801245788,0.5,stop,5.445294377976552,0.004
308203,308204,308220,1,2.0,0.75,target,5.701431699699469,0.004
308343,308344,308424,1,-1.0444254008937626,0.5,stop,5.064670109291001,0.004
308397,308398,308403,1,2.0,0.5,target,2.2306742394048342,0.004
309484,309485,309494,-1,-1.05919068141072,0.5,stop,3.801274028907528,0.004
309624,309625,309717,1,2.0,0.75,target,13.370650056463319,0.004
309874,309875,309932,-1,2.0,0.75,target,6.18011250797008,0.004
310229,310230,310250,1,-1.0416170626083745,1.0,stop,5.406436348408533,0.004
310320,310321,310337,1,-1.0476033717305386,0.5,stop,4.726555952245008,0.004
310434,310435,310444,-1,-1.0312778968920022,1.0,stop,7.193578288744902,0.004
310689,310690,310718,-1,2.0,0.75,target,4.423001914893575,0.004
310885,310886,310886,1,-1.044089636226061,0.5,stop,5.103240109450326,0.004
311318,311319,311339,1,-1.0269864811018967,0.5,stop,8.337507922961322,0.004
311344,311345,311345,1,-1.052112076461477,0.75,stop,4.317617244943904,0.004
311894,311895,311914,-1,-1.0217556645220183,0.75,stop,10.342134103612125,0.004
312181,312182,312182,1,-1.105050562063567,0.5,stop,2.1418257606633233,0.004
312192,312193,312193,-1,-1.1107035171937816,0.75,stop,2.0324557494054716,0.004
312455,312456,312456,-1,-1.1981361868151066,0.75,stop,1.1355825688210643,0.004
313106,313107,313107,1,-1.1332355389062527,0.5,stop,1.6887386191924634,0.004
313228,313229,313242,1,2.0,0.5,target,6.265191379865655,0.004
315120,315121,315124,1,-1.051823474845015,0.5,stop,4.341661779199512,0.004
315324,315325,315390,1,2.0,1.0,target,10.264231026440257,0.004
315714,315715,315720,-1,-1.0380330819286248,1.25,stop,5.915902382619379,0.004
315840,315841,315841,-1,-1.0911975356418946,0.5,stop,2.467171929770302,0.004
316368,316369,316410,-1,-1.0309883595484608,0.5,stop,7.2607909317705435,0.004
316827,316828,316830,1,2.0,1.25,target,7.350658934949024,0.004
317436,317437,317520,-1,-1.0185142841334598,1.0,stop,12.152778815427155,0.004
317618,317619,317620,1,-1.0687984663288648,1.25,stop,3.2704217405716918,0.004
317667,317668,317672,-1,-1.0693904234401557,0.75,stop,3.242522366129606,0.004
317986,317987,318002,1,-1.0524900992277595,0.75,stop,4.286522664466929,0.004
318006,318007,318008,-1,-1.05679360020332,0.5,stop,3.9617139817587486,0.004
318009,318010,318010,1,-1.0538125009148676,1.25,stop,4.181184597903439,0.004
318188,318189,318208,-1,-1.0665599703725817,0.5,stop,3.3804101585446915,0.004
318401,318402,318406,1,-1.095529453622656,1.25,stop,2.3552945344863474,0.004
318779,318780,318789,1,-1.067475473064615,0.5,stop,3.334544980284136,0.004
319027,319028,319028,1,-1.1181679219792495,0.5,stop,1.9040700405937514,0.004
319111,319112,319114,1,-1.0366696865724172,0.5,stop,6.13585828053283,0.004
319316,319317,319326,-1,-1.035911716147039,0.5,stop,6.265364737197615,0.004
320513,320514,320604,-1,2.0,0.75,target,6.342774516401278,0.004
320944,320945,320974,1,2.0,0.75,target,4.672165991705015,0.004
320977,320978,320980,1,-1.0601496113123152,0.5,stop,3.7406725511764307,0.004
321450,321451,321530,1,2.0,1.0,target,5.49918568321641,0.004
322251,322252,322255,1,2.0,0.5,target,2.7993885893183688,0.004
322900,322901,322940,1,-1.082036079295141,0.5,stop,2.7426956765013983,0.004
323243,323244,323266,1,-1.075421471590523,1.0,stop,2.9832353473752846,0.004
323631,323632,323633,1,-1.0402248766780204,0.5,stop,5.593553506724675,0.004
323908,323909,323952,1,2.0,1.25,target,3.8155045265568788,0.004
323998,323999,324050,-1,-1.040667956780576,0.5,stop,5.532611368058042,0.004
324089,324090,324091,-1,-1.03171445017202,0.5,stop,7.09455780502276,0.004
324092,324093,324121,1,2.0,1.0,target,11.60258118448428,0.004
325145,325146,325150,-1,-1.1190967477788594,0.75,stop,1.8892203540074206,0.004
325153,325154,325176,1,-1.0450432625635782,0.75,stop,4.995197665407204,0.004
325289,325290,325293,1,-1.0283875314271695,0.75,stop,7.926015003353314,0.004
325654,325655,325656,-1,-1.0391085075817732,0.75,stop,5.753223886885735,0.004
326174,326175,326190,-1,2.0,0.5,target,2.9561835136507852,0.004
326918,326919,326931,1,-1.053084878495738,0.5,stop,4.238495149197206,0.004
327103,327104,327129,1,-1.043581325441349,0.5,stop,5.162761749931406,0.004
327198,327199,327297,1,2.0,0.75,target,4.766895668813731,0.004
327742,327743,327743,-1,-1.047643663700906,1.0,stop,4.722558731259596,0.004
328013,328014,328104,-1,-1.036656656559658,0.5,stop,6.138039339014085,0.004
328550,328551,328564,1,-1.0439375868721057,0.5,stop,5.120900259152677,0.004
329568,329569,329584,1,-1.0324349042492997,0.75,stop,6.936971303214705,0.004
329586,329587,329669,-1,2.0,1.25,target,13.29203220206091,0.004
329766,329767,329852,-1,2.0,0.75,target,6.299822621235762,0.004
330133,330134,330145,1,-1.0580513158558975,1.0,stop,3.8758811352086013,0.004
331243,331244,331298,1,2.0,0.5,target,6.390137503035703,0.004
331574,331575,331576,-1,-1.0400585393553932,0.5,stop,5.616779933081034,0.004
331920,331921,331922,1,-1.116738895914093,0.5,stop,1.9273781736421824,0.004
332024,332025,332026,1,-1.0483202926637365,1.25,stop,4.656428750663736,0.004
332927,332928,332943,1,-1.0483864732393626,0.5,stop,4.6500599224675625,0.004
333031,333032,333032,-1,-1.0867669252427985,0.5,stop,2.5931540085152847,0.004
333241,333242,333245,1,-1.0738079806169798,0.75,stop,3.048450833081688,0.004
333473,333474,333475,1,-1.076473813047851,0.5,stop,2.9421836185822485,0.004
333501,333502,333503,1,2.0,0.5,target,7.876249386054724,0.004
334414,334415,334416,1,-1.0730963107001135,0.5,stop,3.078130727048574,0.004
334600,334601,334698,-1,-1.042522644954802,0.5,stop,5.291298324435502,0.004
334650,334651,334674,1,-1.0735029401789613,0.5,stop,3.0611020382598326,0.004
334701,334702,334714,1,2.0,0.5,target,8.001195385724714,0.004
335064,335065,335235,1,2.0,0.5,target,11.98676757198973,0.004
335423,335424,335431,1,2.0,0.5,target,9.388649220606567,0.004
335634,335635,335637,1,-1.013394344901906,0.5,stop,16.79813396233294,0.004
336347,336348,336354,-1,-1.0196489605155925,0.75,stop,11.450987436274772,0.004
336436,336437,336452,1,-1.0263065279111085,0.5,stop,8.553010141064533,0.004
336999,337000,337192,1,0.42024264010816575,0.75,time,20.718982723311456,0.004
337172,337173,337186,1,2.0,0.75,target,6.863762514713471,0.004
337456,337457,337540,-1,-1.0172791235582488,0.5,stop,13.02149378360673,0.004
337905,337906,337908,-1,-1.0518811035829407,0.5,stop,4.336839127568055,0.004
337910,337911,337914,1,2.0,0.75,target,8.773853215858253,0.004
338169,338170,338170,-1,-1.0869392218771239,0.5,stop,2.5880148814526365,0.004
339100,339101,339183,1,-1.0203825138303755,0.75,stop,11.03887390301179,0.004
339652,339653,339656,1,2.0,0.5,target,7.875058337375776,0.004
339743,339744,339750,1,2.0,0.5,target,7.829924785719868,0.004
340198,340199,340286,-1,-1.015141998233721,1.0,stop,14.859333393583256,0.004
341274,341275,341286,1,2.0,1.25,target,5.061063758046657,0.004
341365,341366,341379,-1,2.0,0.5,target,4.0067484684714145,0.004
343220,343221,343225,1,-1.0390148966780337,0.5,stop,5.767027960030191,0.004
343411,343412,343490,1,2.0,0.5,target,15.844355976834777,0.004
344326,344327,344405,-1,-1.0134731081291304,0.5,stop,16.699932773005457,0.004
344608,344609,344692,1,-1.0169285518132625,0.75,stop,13.291154641097819,0.004
344968,344969,345011,1,-1.0328048828262777,0.75,stop,6.858735060613526,0.004
345033,345034,345035,1,-1.0369598097674653,0.75,stop,6.0876936709228175,0.004
345307,345308,345336,1,-1.036551971219782,0.5,stop,6.155618766687439,0.004
345653,345654,345662,1,2.0,0.5,target,3.677016660901245,0.004
345698,345699,345795,1,-1.0152203542645195,0.5,stop,14.782835937295658,0.004
345851,345852,345871,-1,-1.030184007428273,0.75,stop,7.454278578965386,0.004
345939,345940,345948,1,-1.0494257425512585,0.5,stop,4.552283655962583,0.004
345969,345970,346012,1,2.0,0.5,target,7.258829178963879,0.004
346144,346145,346147,-1,-1.060628222778444,0.5,stop,3.7111429246760963,0.004
346540,346541,346542,1,-1.015147684904873,0.75,stop,14.853754973971263,0.004
347135,347136,347161,-1,-1.0342543152358303,0.5,stop,6.568515483402734,0.004
347346,347347,347348,1,2.0,0.5,target,8.861552961010602,0.004
347354,347355,347446,1,-1.0118479202003432,0.5,stop,18.990674835351456,0.004
347598,347599,347620,1,-1.0342713774438461,0.75,stop,6.565245309108832,0.004
347632,347633,347782,1,-1.012192653391651,1.0,stop,18.453735439898537,0.004
347715,347716,347812,-1,2.0,0.75,target,13.22929578509229,0.004
349684,349685,349685,-1,-1.03878175510584,0.5,stop,5.801697199774935,0.004
349708,349709,349733,-1,2.0,0.5,target,25.38218645909683,0.004
350202,350203,350219,-1,2.0,1.25,target,14.110339154625763,0.004
351168,351169,351186,-1,-1.0287140301754016,0.75,stop,7.83589062996316,0.004
351461,351462,351463,-1,-1.056185943945761,0.5,stop,4.004560290330119,0.004
351474,351475,351562,-1,-1.0244998118717057,1.0,stop,9.183743988653077,0.004
351617,351618,351625,1,-1.035451385713454,0.5,stop,6.346719471519009,0.004
351699,351700,351815,-1,-1.0155433715308237,0.75,stop,14.475623873090626,0.004
353480,353481,353559,-1,-1.0196124896927392,0.75,stop,11.472281363809088,0.004
354019,354020,354049,-1,-1.0309234553720252,0.75,stop,7.276030356020783,0.004
355671,355672,355736,1,2.0,1.25,target,13.277287923842778,0.004
356493,356494,356675,-1,-1.0136807497848745,1.25,stop,16.446467009335265,0.004
356535,356536,356667,-1,-1.0183201215758588,1.25,stop,12.281577885181832,0.004
356760,356761,356761,1,-1.0418096526321745,1.25,stop,5.381532393473208,0.004
357115,357116,357129,-1,-1.02671228510917,0.5,stop,8.423090689559558,0.004
358034,358035,358041,1,2.0,0.75,target,3.7899017398385695,0.004
358509,358510,358520,1,-1.0261754876771483,0.5,stop,8.5958283862783,0.004
358685,358686,358707,1,-1.0339131759441642,0.75,stop,6.634589469601906,0.004
359252,359253,359337,-1,2.0,0.75,target,24.55374152579998,0.004
361423,361424,361426,1,-1.0176709318317263,0.5,stop,12.732775053545538,0.004
361742,361743,361787,-1,2.0,0.75,target,13.44830794350446,0.004
362146,362147,362148,1,-1.0280821281763997,0.5,stop,8.012213269114,0.004
362170,362171,362175,-1,-1.016165167951685,0.5,stop,13.918816103389418,0.004
362378,362379,362379,1,-1.0398736965866735,1.0,stop,5.642817678336542,0.004
362927,362928,362949,-1,-1.0120491951989805,0.5,stop,18.673446340959345,0.004
363107,363108,363147,-1,-1.0143030473675403,0.5,stop,15.730913435309503,0.004
363285,363286,363295,1,-1.0104653109119337,0.5,stop,21.49960014502176,0.004
364332,364333,364372,1,2.0,1.0,target,12.573135940540851,0.004
364836,364837,364854,-1,-1.0171018513603383,1.0,stop,13.156470329388867,0.004
365739,365740,365741,1,-1.0246941907395561,0.75,stop,9.11145468879431,0.004
365938,365939,366017,1,-1.0088565665422105,1.0,stop,25.40487884639697,0.004
366933,366934,366986,-1,2.0,0.5,target,10.374000906172114,0.004
367197,367198,367199,1,-1.062452981907663,0.5,stop,3.602710281033069,0.004
367844,367845,367988,-1,2.0,0.75,target,13.72537877101604,0.004
369279,369280,369319,1,2.0,0.5,target,11.115382206795857,0.004
369663,369664,369737,-1,-1.0164706687939338,0.5,stop,13.66064747065866,0.004
372537,372538,372612,-1,2.0,0.5,target,34.27470358831215,0.004
372874,372875,372929,1,2.0,0.75,target,36.73377024736146,0.004
373017,373018,373114,-1,-0.16756964610055444,0.5,time,30.85284310320276,0.004
373187,373188,373284,-1,-0.5983072007155426,0.5,time,36.88740495452112,0.004
373270,373271,373284,-1,-1.0185756201580247,0.75,stop,12.112650780205968,0.004
373469,373470,373498,1,2.0,0.5,target,17.154096993433996,0.004
373983,373984,374031,-1,2.0,0.5,target,23.781325196259786,0.004
374152,374153,374159,1,2.0,0.5,target,12.469897902090452,0.004
374241,374242,374338,-1,0.527299415000355,1.0,time,33.52933740688559,0.004
374325,374326,374344,1,-1.010194891746595,0.75,stop,22.069876325568202,0.004
375028,375029,375093,-1,-1.0103838781613688,0.5,stop,21.66820493305022,0.004
375356,375357,375446,-1,-1.009808451957269,0.75,stop,22.939399711655824,0.004
375809,375810,375815,1,-1.0091528012590434,0.5,stop,24.582637995996265,0.004
375999,376000,376091,1,2.0,0.5,target,21.55740121038707,0.004
376570,376571,376621,-1,2.0,0.5,target,52.593295361828496,0.004
376755,376756,376771,-1,2.0,0.5,target,24.517805583406698,0.004
377556,377557,377567,1,-1.0155423469352012,0.5,stop,14.476578147330656,0.004
377726,377727,377734,-1,-1.0104981011880718,0.5,stop,21.43244725589193,0.004
378179,378180,378189,1,2.0,0.5,target,29.712734574380192,0.004
378648,378649,378710,-1,2.0,0.75,target,194.85582643606358,0.004
379774,379775,379786,-1,2.0,0.5,target,37.04972766308856,0.004
380230,380231,380280,1,-1.005716803876113,0.5,stop,39.35765593437554,0.004
380287,380288,380322,-1,-1.0066370576551162,0.5,stop,33.900564330177076,0.004
380829,380830,380834,-1,2.0,0.75,target,15.358468550693033,0.004
380897,380898,380922,-1,2.0,0.75,target,34.665788794526634,0.004
381558,381559,381569,-1,-1.0122231078731265,0.75,stop,18.40775703984764,0.004
382636,382637,382640,1,2.0,0.5,target,19.009455604117647,0.004
383776,383777,383833,1,-1.009715242602041,0.5,stop,23.159483423820348,0.004
383815,383816,383826,1,-1.0104952817299262,0.5,stop,21.438204880084413,0.004
385397,385398,385427,1,-1.0110041905840097,1.25,stop,20.446756013778213,0.004
385948,385949,386011,1,2.0,0.5,target,23.930104732860855,0.004
388218,388219,388228,-1,-1.0086601314691537,0.5,stop,25.9811298247987,0.004
